"Key","Item Type","Publication Year","Author","Title","Publication Title","ISBN","ISSN","DOI","Url","Abstract Note","Date","Date Added","Date Modified","Access Date","Pages","Num Pages","Issue","Volume","Number Of Volumes","Journal Abbreviation","Short Title","Series","Series Number","Series Text","Series Title","Publisher","Place","Language","Rights","Type","Archive","Archive Location","Library Catalog","Call Number","Extra","Notes","File Attachments","Link Attachments","Manual Tags","Automatic Tags","Editor","Series Editor","Translator","Contributor","Attorney Agent","Book Author","Cast Member","Commenter","Composer","Cosponsor","Counsel","Interviewer","Producer","Recipient","Reviewed Author","Scriptwriter","Words By","Guest","Number","Edition","Running Time","Scale","Medium","Artwork Size","Filing Date","Application Number","Assignee","Issuing Authority","Country","Meeting Name","Conference Name","Court","References","Reporter","Legal Status","Priority Numbers","Programming Language","Version","System","Code","Code Number","Section","Session","Committee","History","Legislative Body"
"HVHDCR3M","journalArticle","2017","Patro, Rob; Duggal, Geet; Love, Michael I; Irizarry, Rafael A; Kingsford, Carl","Salmon provides fast and bias-aware quantification of transcript expression","Nature Methods","","1548-7091, 1548-7105","10.1038/nmeth.4197","https://www.nature.com/articles/nmeth.4197","","2017-04","2026-02-23 17:05:47","2026-02-23 17:05:47","2026-02-23 17:05:47","417-419","","4","14","","Nat Methods","","","","","","","","en","","","","","DOI.org (Crossref)","","","","","","","","","","","","","","","","","","","","","","","","","","","","","","","","","","","","","","","","","","","","","","","","","","","","",""
"TKISEWHL","journalArticle","2022","Wijesooriya, Kaumadi; Jadaan, Sameer A.; Perera, Kaushalya L.; Kaur, Tanuveer; Ziemann, Mark","Urgent need for consistent standards in functional enrichment analysis","PLOS Computational Biology","","1553-7358","10.1371/journal.pcbi.1009935","https://dx.plos.org/10.1371/journal.pcbi.1009935","Gene set enrichment tests (a.k.a. functional enrichment analysis) are among the most frequently used methods in computational biology. Despite this popularity, there are concerns that these methods are being applied incorrectly and the results of some peer-reviewed publications are unreliable. These problems include the use of inappropriate background gene lists, lack of false discovery rate correction and lack of methodological detail. To ascertain the frequency of these issues in the literature, we performed a screen of 186 open-access research articles describing functional enrichment results. We find that 95% of analyses using over-representation tests did not implement an appropriate background gene list or did not describe this in the methods. Failure to perform p-value correction for multiple tests was identified in 43% of analyses. Many studies lacked detail in the methods section about the tools and gene sets used. An extension of this survey showed that these problems are not associated with journal or article level bibliometrics. Using seven independent RNA-seq datasets, we show misuse of enrichment tools alters results substantially. In conclusion, most published functional enrichment studies suffered from one or more major flaws, highlighting the need for stronger standards for enrichment analysis.","2022-03-09","2026-02-25 16:52:26","2026-02-25 16:52:26","2026-02-25 16:52:26","e1009935","","3","18","","PLoS Comput Biol","","","","","","","","en","","","","","DOI.org (Crossref)","","","","C:\Users\angel\Zotero\storage\TX47F8VR\Wijesooriya et al. - 2022 - Urgent need for consistent standards in functional enrichment analysis.pdf","","","","Kemp, Melissa L.","","","","","","","","","","","","","","","","","","","","","","","","","","","","","","","","","","","","","","","","","","","","",""
"L5JWCCBJ","journalArticle","2020","Mardanov, Andrey V.; Eldarov, Mikhail A.; Beletsky, Alexey V.; Tanashchuk, Tatiana N.; Kishkovskaya, Svetlana A.; Ravin, Nikolai V.","Transcriptome Profile of Yeast Strain Used for Biological Wine Aging Revealed Dynamic Changes of Gene Expression in Course of Flor Development","Frontiers in Microbiology","","1664-302X","10.3389/fmicb.2020.00538","https://www.frontiersin.org/article/10.3389/fmicb.2020.00538/full","","2020-04-03","2026-02-26 03:02:15","2026-02-26 03:02:15","2026-02-26 03:02:15","538","","","11","","Front. Microbiol.","","","","","","","","","","","","","DOI.org (Crossref)","","","","C:\Users\angel\Zotero\storage\KZ99Q34C\Mardanov et al. - 2020 - Transcriptome Profile of Yeast Strain Used for Biological Wine Aging Revealed Dynamic Changes of Gen.pdf","","","","","","","","","","","","","","","","","","","","","","","","","","","","","","","","","","","","","","","","","","","","","","","","",""
"TNZ3BZAJ","journalArticle","2015","Li, Zhenjian; Chen, Yong; Liu, Dong; Zhao, Nan; Cheng, Hao; Ren, Hengfei; Guo, Ting; Niu, Huanqing; Zhuang, Wei; Wu, Jinglan; Ying, Hanjie","Involvement of glycolysis/gluconeogenesis and signaling regulatory pathways in Saccharomyces cerevisiae biofilms during fermentation","Frontiers in Microbiology","","1664-302X","10.3389/fmicb.2015.00139","http://journal.frontiersin.org/Article/10.3389/fmicb.2015.00139/abstract","","2015-02-23","2026-02-26 03:03:59","2026-02-26 03:03:59","2026-02-26 03:03:59","","","","6","","Front. Microbiol.","","","","","","","","","","","","","DOI.org (Crossref)","","","","C:\Users\angel\Zotero\storage\QVCY3BW3\Li et al. - 2015 - Involvement of glycolysisgluconeogenesis and signaling regulatory pathways in Saccharomyces cerevis.pdf","","","","","","","","","","","","","","","","","","","","","","","","","","","","","","","","","","","","","","","","","","","","","","","","",""
"WVT7QDVV","journalArticle","2013","Vandenbosch, Davy; De Canck, Evelien; Dhondt, Inne; Rigole, Petra; Nelis, Hans J.; Coenye, Tom","Genomewide screening for genes involved in biofilm formation and miconazole susceptibility in <i>Saccharomyces cerevisiae</i>","FEMS Yeast Research","","15671356","10.1111/1567-1364.12071","https://academic.oup.com/femsyr/article-lookup/doi/10.1111/1567-1364.12071","","2013-12","2026-02-28 15:18:34","2026-02-28 15:18:34","2026-02-28 15:18:34","720-730","","8","13","","FEMS Yeast Res","","","","","","","","en","","","","","DOI.org (Crossref)","","","","","","","","","","","","","","","","","","","","","","","","","","","","","","","","","","","","","","","","","","","","","","","","","","","","",""
"QKPVCM7I","journalArticle","2011","Callegari, Sylvie; McKinnon, Ross A.; Andrews, Stuart; De Barros Lopes, Miguel A.","The <i>MEF2</i> gene is essential for yeast longevity, with a dual role in cell respiration and maintenance of mitochondrial membrane potential","FEBS Letters","","00145793","10.1016/j.febslet.2011.03.022","http://doi.wiley.com/10.1016/j.febslet.2011.03.022","","2011-04-20","2026-02-28 16:13:34","2026-02-28 16:13:34","2026-02-28 16:13:34","1140-1146","","8","585","","","","","","","","","","en","http://doi.wiley.com/10.1002/tdm_license_1.1","","","","DOI.org (Crossref)","","","","","","","","","","","","","","","","","","","","","","","","","","","","","","","","","","","","","","","","","","","","","","","","","","","","",""
"4A7EBNXT","journalArticle","2014","Love, Michael I; Huber, Wolfgang; Anders, Simon","Moderated estimation of fold change and dispersion for RNA-seq data with DESeq2","Genome Biology","","1474-760X","10.1186/s13059-014-0550-8","https://genomebiology.biomedcentral.com/articles/10.1186/s13059-014-0550-8","Abstract                            In comparative high-throughput sequencing assays, a fundamental task is the analysis of count data, such as read counts per gene in RNA-seq, for evidence of systematic changes across experimental conditions. Small replicate numbers, discreteness, large dynamic range and the presence of outliers require a suitable statistical approach. We present               DESeq2               , a method for differential analysis of count data, using shrinkage estimation for dispersions and fold changes to improve stability and interpretability of estimates. This enables a more quantitative analysis focused on the strength rather than the mere presence of differential expression. The               DESeq2               package is available at               http://www.bioconductor.org/packages/release/bioc/html/DESeq2.html               .","2014-12-05","2026-02-28 17:17:05","2026-02-28 17:17:05","2026-02-28 17:17:05","550","","12","15","","Genome Biol","","","","","","","","en","","","","","DOI.org (Crossref)","","","","C:\Users\angel\Zotero\storage\NRSWGFV6\Love et al. - 2014 - Moderated estimation of fold change and dispersion for RNA-seq data with DESeq2.pdf","","","","","","","","","","","","","","","","","","","","","","","","","","","","","","","","","","","","","","","","","","","","","","","","",""
"2GTENE4W","journalArticle","2020","Srivastava, Avi; Malik, Laraib; Sarkar, Hirak; Zakeri, Mohsen; Almodaresi, Fatemeh; Soneson, Charlotte; Love, Michael I.; Kingsford, Carl; Patro, Rob","Alignment and mapping methodology influence transcript abundance estimation","Genome Biology","","1474-760X","10.1186/s13059-020-02151-8","https://genomebiology.biomedcentral.com/articles/10.1186/s13059-020-02151-8","Abstract                            Background               The accuracy of transcript quantification using RNA-seq data depends on many factors, such as the choice of alignment or mapping method and the quantification model being adopted. While the choice of quantification model has been shown to be important, considerably less attention has been given to comparing the effect of various read alignment approaches on quantification accuracy.                                         Results               We investigate the influence of mapping and alignment on the accuracy of transcript quantification in both simulated and experimental data, as well as the effect on subsequent differential expression analysis. We observe that, even when the quantification model itself is held fixed, the effect of choosing a different alignment methodology, or aligning reads using different parameters, on quantification estimates can sometimes be large and can affect downstream differential expression analyses as well. These effects can go unnoticed when assessment is focused too heavily on simulated data, where the alignment task is often simpler than in experimentally acquired samples. We also introduce a new alignment methodology, called selective alignment, to overcome the shortcomings of lightweight approaches without incurring the computational cost of traditional alignment.                                         Conclusion               We observe that, on experimental datasets, the performance of lightweight mapping and alignment-based approaches varies significantly, and highlight some of the underlying factors. We show this variation both in terms of quantification and downstream differential expression analysis. In all comparisons, we also show the improved performance of our proposed selective alignment method and suggest best practices for performing RNA-seq quantification.","2020-12","2026-02-28 17:19:29","2026-02-28 17:19:29","2026-02-28 17:19:29","239","","1","21","","Genome Biol","","","","","","","","en","","","","","DOI.org (Crossref)","","","","C:\Users\angel\Zotero\storage\ETYDBGDS\Srivastava et al. - 2020 - Alignment and mapping methodology influence transcript abundance estimation.pdf","","","","","","","","","","","","","","","","","","","","","","","","","","","","","","","","","","","","","","","","","","","","","","","","",""
"4P7ZPJYL","journalArticle","2021","Geistlinger, Ludwig; Csaba, Gergely; Santarelli, Mara; Ramos, Marcel; Schiffer, Lucas; Turaga, Nitesh; Law, Charity; Davis, Sean; Carey, Vincent; Morgan, Martin; Zimmer, Ralf; Waldron, Levi","Toward a gold standard for benchmarking gene set enrichment analysis","Briefings in Bioinformatics","","1477-4054","10.1093/bib/bbz158","https://academic.oup.com/bib/article/22/1/545/5722384","Abstract                            Motivation               Although gene set enrichment analysis has become an integral part of high-throughput gene expression data analysis, the assessment of enrichment methods remains rudimentary and ad hoc. In the absence of suitable gold standards, evaluations are commonly restricted to selected datasets and biological reasoning on the relevance of resulting enriched gene sets.                                         Results               We develop an extensible framework for reproducible benchmarking of enrichment methods based on defined criteria for applicability, gene set prioritization and detection of relevant processes. This framework incorporates a curated compendium of 75 expression datasets investigating 42 human diseases. The compendium features microarray and RNA-seq measurements, and each dataset is associated with a precompiled GO/KEGG relevance ranking for the corresponding disease under investigation. We perform a comprehensive assessment of 10 major enrichment methods, identifying significant differences in runtime and applicability to RNA-seq data, fraction of enriched gene sets depending on the null hypothesis tested and recovery of the predefined relevance rankings. We make practical recommendations on how methods originally developed for microarray data can efficiently be applied to RNA-seq data, how to interpret results depending on the type of gene set test conducted and which methods are best suited to effectively prioritize gene sets with high phenotype relevance.                                         Availability               http://bioconductor.org/packages/GSEABenchmarkeR                                         Contact               ludwig.geistlinger@sph.cuny.edu","2021-01-18","2026-02-28 21:22:59","2026-02-28 21:22:59","2026-02-28 21:22:59","545-556","","1","22","","","","","","","","","","en","http://creativecommons.org/licenses/by/4.0/","","","","DOI.org (Crossref)","","","","","","","","","","","","","","","","","","","","","","","","","","","","","","","","","","","","","","","","","","","","","","","","","","","","",""
"LA7CP2HU","journalArticle","2016","Schurch, Nicholas J.; Schofield, Pietá; Gierliński, Marek; Cole, Christian; Sherstnev, Alexander; Singh, Vijender; Wrobel, Nicola; Gharbi, Karim; Simpson, Gordon G.; Owen-Hughes, Tom; Blaxter, Mark; Barton, Geoffrey J.","How many biological replicates are needed in an RNA-seq experiment and which differential expression tool should you use?","RNA","","1355-8382, 1469-9001","10.1261/rna.053959.115","http://rnajournal.cshlp.org/lookup/doi/10.1261/rna.053959.115","RNA-seq is now the technology of choice for genome-wide differential gene expression experiments, but it is not clear how many biological replicates are needed to ensure valid biological interpretation of the results or which statistical tools are best for analyzing the data. An RNA-seq experiment with 48 biological replicates in each of two conditions was performed to answer these questions and provide guidelines for experimental design. With three biological replicates, nine of the 11 tools evaluated found only 20%–40% of the significantly differentially expressed (SDE) genes identified with the full set of 42 clean replicates. This rises to >85% for the subset of SDE genes changing in expression by more than fourfold. To achieve >85% for all SDE genes regardless of fold change requires more than 20 biological replicates. The same nine tools successfully control their false discovery rate at ≲5% for all numbers of replicates, while the remaining two tools fail to control their FDR adequately, particularly for low numbers of replicates. For future RNA-seq experiments, these results suggest that at least six biological replicates should be used, rising to at least 12 when it is important to identify SDE genes for all fold changes. If fewer than 12 replicates are used, a superior combination of true positive and false positive performances makes               edgeR               and               DESeq2               the leading tools. For higher replicate numbers, minimizing false positives is more important and               DESeq               marginally outperforms the other tools.","2016-06","2026-03-01 03:24:56","2026-03-01 03:24:56","2026-03-01 03:24:56","839-851","","6","22","","RNA","","","","","","","","en","","","","","DOI.org (Crossref)","","","","C:\Users\angel\Zotero\storage\JGDWF5IC\Schurch et al. - 2016 - How many biological replicates are needed in an RNA-seq experiment and which differential expression.pdf","","","","","","","","","","","","","","","","","","","","","","","","","","","","","","","","","","","","","","","","","","","","","","","","",""
"UEDL9KPG","journalArticle","2012","Vogel, Christine; Marcotte, Edward M.","Insights into the regulation of protein abundance from proteomic and transcriptomic analyses","Nature Reviews Genetics","","1471-0056, 1471-0064","10.1038/nrg3185","https://www.nature.com/articles/nrg3185","","2012-04","2026-03-01 04:13:06","2026-03-01 04:13:06","2026-03-01 04:13:06","227-232","","4","13","","Nat Rev Genet","","","","","","","","en","http://www.springer.com/tdm","","","","DOI.org (Crossref)","","","","","","","","","","","","","","","","","","","","","","","","","","","","","","","","","","","","","","","","","","","","","","","","","","","","",""
"3A5ITBKE","journalArticle","2000","Ashburner, Michael; Ball, Catherine A.; Blake, Judith A.; Botstein, David; Butler, Heather; Cherry, J. Michael; Davis, Allan P.; Dolinski, Kara; Dwight, Selina S.; Eppig, Janan T.; Harris, Midori A.; Hill, David P.; Issel-Tarver, Laurie; Kasarskis, Andrew; Lewis, Suzanna; Matese, John C.; Richardson, Joel E.; Ringwald, Martin; Rubin, Gerald M.; Sherlock, Gavin","Gene Ontology: tool for the unification of biology","Nature Genetics","","1061-4036, 1546-1718","10.1038/75556","https://www.nature.com/articles/ng0500_25","","2000-05","2026-03-01 04:13:46","2026-03-01 04:13:46","2026-03-01 04:13:46","25-29","","1","25","","Nat Genet","Gene Ontology","","","","","","","en","http://www.springer.com/tdm","","","","DOI.org (Crossref)","","","","","","","","","","","","","","","","","","","","","","","","","","","","","","","","","","","","","","","","","","","","","","","","","","","","",""
"6AHXPIDI","journalArticle","2021","Wu, Tianzhi; Hu, Erqiang; Xu, Shuangbin; Chen, Meijun; Guo, Pingfan; Dai, Zehan; Feng, Tingze; Zhou, Lang; Tang, Wenli; Zhan, Li; Fu, Xiaocong; Liu, Shanshan; Bo, Xiaochen; Yu, Guangchuang","clusterProfiler 4.0: A universal enrichment tool for interpreting omics data","The Innovation","","26666758","10.1016/j.xinn.2021.100141","https://linkinghub.elsevier.com/retrieve/pii/S2666675821000667","","2021-08","2026-03-01 04:18:17","2026-03-01 04:18:17","2026-03-01 04:18:17","100141","","3","2","","The Innovation","clusterProfiler 4.0","","","","","","","en","","","","","DOI.org (Crossref)","","","","C:\Users\angel\Zotero\storage\E4V6Y4R7\Wu et al. - 2021 - clusterProfiler 4.0 A universal enrichment tool for interpreting omics data.pdf","","","","","","","","","","","","","","","","","","","","","","","","","","","","","","","","","","","","","","","","","","","","","","","","",""
"4XE6EIU5","preprint","2016","Korotkevich, Gennady; Sukhov, Vladimir; Budin, Nikolay; Shpak, Boris; Artyomov, Maxim N.; Sergushichev, Alexey","Fast gene set enrichment analysis","","","","10.1101/060012","http://biorxiv.org/lookup/doi/10.1101/060012","Abstract           Gene set enrichment analysis (GSEA) is an ubiquitously used tool for evaluating pathway enrichment in transcriptional data. Typical experimental design consists in comparing two conditions with several replicates using a differential gene expression test followed by preranked GSEA performed against a collection of hundreds and thousands of pathways. However, the reference implementation of this method cannot accurately estimate small P-values, which significantly limits its sensitivity due to multiple hypotheses correction procedure.                        Here we present FGSEA (Fast Gene Set Enrichment Analysis) method that is able to estimate arbitrarily low GSEA P-values with a high accuracy in a matter of minutes or even seconds. To confirm the accuracy of the method, we also developed an exact algorithm for GSEA P-values calculation for integer gene-level statistics. Using the exact algorithm as a reference we show that FGSEA is able to routinely estimate P-values up to 10             −100             with a small and predictable estimation error. We systematically evaluate FGSEA on a collection of 605 datasets and show that FGSEA recovers much more statistically significant pathways compared to other implementations.                                   FGSEA is open source and available as an R package in Bioconductor (             http://bioconductor.org/packages/fgsea/             ) and on GitHub (             https://github.com/ctlab/fgsea/             ).","2016-06-20","2026-03-01 04:18:47","2026-03-01 04:18:47","2026-03-01 04:18:47","","","","","","","","","","","","Bioinformatics","","en","http://creativecommons.org/licenses/by/4.0/","","","","DOI.org (Crossref)","","","","","","","","","","","","","","","","","","","","","","","","","","","","","","","","","","","","","","","","","","","","","","","","","","","","",""
"4HIMUGET","journalArticle","2016","Ewels, Philip; Magnusson, Måns; Lundin, Sverker; Käller, Max","MultiQC: summarize analysis results for multiple tools and samples in a single report","Bioinformatics","","1367-4811, 1367-4803","10.1093/bioinformatics/btw354","https://academic.oup.com/bioinformatics/article/32/19/3047/2196507","Abstract             Motivation: Fast and accurate quality control is essential for studies involving next-generation sequencing data. Whilst numerous tools exist to quantify QC metrics, there is no common approach to flexibly integrate these across tools and large sample sets. Assessing analysis results across an entire project can be time consuming and error prone; batch effects and outlier samples can easily be missed in the early stages of analysis.             Results: We present MultiQC, a tool to create a single report visualising output from multiple tools across many samples, enabling global trends and biases to be quickly identified. MultiQC can plot data from many common bioinformatics tools and is built to allow easy extension and customization.             Availability and implementation: MultiQC is available with an GNU GPLv3 license on GitHub, the Python Package Index and Bioconda. Documentation and example reports are available at http://multiqc.info             Contact:  phil.ewels@scilifelab.se","2016-10-01","2026-03-01 04:24:56","2026-03-01 04:24:56","2026-03-01 04:24:56","3047-3048","","19","32","","","MultiQC","","","","","","","en","http://creativecommons.org/licenses/by/4.0/","","","","DOI.org (Crossref)","","","","C:\Users\angel\Zotero\storage\DID2AZCZ\Ewels et al. - 2016 - MultiQC summarize analysis results for multiple tools and samples in a single report.pdf","","","","","","","","","","","","","","","","","","","","","","","","","","","","","","","","","","","","","","","","","","","","","","","","",""
"UR23NVAC","journalArticle","1977","Lam, K B; Marmur, J","Isolation and characterization of Saccharomyces cerevisiae glycolytic pathway mutants","Journal of Bacteriology","","0021-9193, 1098-5530","10.1128/jb.130.2.746-749.1977","https://journals.asm.org/doi/10.1128/jb.130.2.746-749.1977","Yeast strains carrying recessive mutations representing four different loci that cause defects in pyruvate kinase, pyruvate decarboxylase, 3-phosphoglycerate kinase, and 3-phosphoglycerate mutase were isolated and partially characterized. Cells carrying these mutations were unable to use glucose as a carbon source as measured in turbidimetric growth experiments. Tetrad analysis indicated that these mutations were not linked to each other; one of the mutations, that affecting phosphoglycerate kinase, was located on chromosome III.","1977-05","2026-03-02 03:47:07","2026-03-02 03:47:07","2026-03-02 03:47:07","746-749","","2","130","","J Bacteriol","","","","","","","","en","","","","","DOI.org (Crossref)","","","","C:\Users\angel\Zotero\storage\D5BI2ELD\Lam and Marmur - 1977 - Isolation and characterization of Saccharomyces cerevisiae glycolytic pathway mutants.pdf","","","","","","","","","","","","","","","","","","","","","","","","","","","","","","","","","","","","","","","","","","","","","","","","",""
"S6LBQ2MG","journalArticle","2014","Linck, Annabell; Vu, Xuan-Khang; Essl, Christine; Hiesl, Charlotte; Boles, Eckhard; Oreb, Mislav","On the role of GAPDH isoenzymes during pentose fermentation in engineered <i>Saccharomyces cerevisiae</i>","FEMS Yeast Research","","15671356","10.1111/1567-1364.12137","https://academic.oup.com/femsyr/article-lookup/doi/10.1111/1567-1364.12137","","2014-05","2026-03-02 03:57:35","2026-03-02 03:57:35","2026-03-02 03:57:35","389-398","","3","14","","FEMS Yeast Res","","","","","","","","en","","","","","DOI.org (Crossref)","","","","","","","","","","","","","","","","","","","","","","","","","","","","","","","","","","","","","","","","","","","","","","","","","","","","",""
"CNDLY83B","journalArticle","1988","Weininger, David","SMILES, a chemical language and information system. 1. Introduction to methodology and encoding rules","Journal of Chemical Information and Computer Sciences","","0095-2338, 1520-5142","10.1021/ci00057a005","https://pubs.acs.org/doi/abs/10.1021/ci00057a005","","1988-02-01","2026-03-02 23:03:15","2026-03-02 23:03:15","2026-03-02 23:03:15","31-36","","1","28","","J. Chem. Inf. Comput. Sci.","","","","","","","","en","","","","","DOI.org (Crossref)","","","","","","","","","","","","","","","","","","","","","","","","","","","","","","","","","","","","","","","","","","","","","","","","","","","","",""
"BXQI5QGU","journalArticle","2014","Sharpton, Thomas J.","An introduction to the analysis of shotgun metagenomic data","Frontiers in Plant Science","","1664-462X","10.3389/fpls.2014.00209","http://journal.frontiersin.org/article/10.3389/fpls.2014.00209/abstract","","2014-06-16","2026-03-08 03:54:16","2026-03-08 03:54:16","2026-03-08 03:54:16","","","","5","","Front. Plant Sci.","","","","","","","","","","","","","DOI.org (Crossref)","","","","C:\Users\angel\Zotero\storage\UCKNFSM6\Sharpton - 2014 - An introduction to the analysis of shotgun metagenomic data.pdf","","","","","","","","","","","","","","","","","","","","","","","","","","","","","","","","","","","","","","","","","","","","","","","","",""
"ZYE4BKRQ","journalArticle","2019","De Filippis, Francesca; Pasolli, Edoardo; Tett, Adrian; Tarallo, Sonia; Naccarati, Alessio; De Angelis, Maria; Neviani, Erasmo; Cocolin, Luca; Gobbetti, Marco; Segata, Nicola; Ercolini, Danilo","Distinct Genetic and Functional Traits of Human Intestinal Prevotella copri Strains Are Associated with Different Habitual Diets","Cell Host & Microbe","","19313128","10.1016/j.chom.2019.01.004","https://linkinghub.elsevier.com/retrieve/pii/S1931312819300411","","2019-03","2026-03-08 03:56:51","2026-03-08 03:56:51","2026-03-08 03:56:51","444-453.e3","","3","25","","Cell Host & Microbe","","","","","","","","en","","","","","DOI.org (Crossref)","","","","C:\Users\angel\Zotero\storage\TLQWKK9G\De Filippis et al. - 2019 - Distinct Genetic and Functional Traits of Human Intestinal Prevotella copri Strains Are Associated w.pdf","","","","","","","","","","","","","","","","","","","","","","","","","","","","","","","","","","","","","","","","","","","","","","","","",""
"M9A4J57A","journalArticle","2021","Hu, Biying; Huang, Shaoying; Yin, Lianghong","The cytokine storm and COVID‐19","Journal of Medical Virology","","0146-6615, 1096-9071","10.1002/jmv.26232","https://onlinelibrary.wiley.com/doi/10.1002/jmv.26232","Abstract             Coronavirus disease 2019 (COVID‐19), which began in Wuhan, China, in December 2019, has caused a large global pandemic and poses a serious threat to public health. More than 4 million cases of COVID‐19, which is caused by the severe acute respiratory syndrome coronavirus 2 (SARS‐CoV‐2), have been confirmed as of 11 May 2020. SARS‐CoV‐2 is a highly pathogenic and transmissible coronavirus that primarily spreads through respiratory droplets and close contact. A growing body of clinical data suggests that a cytokine storm is associated with COVID‐19 severity and is also a crucial cause of death from COVID‐19. In the absence of antivirals and vaccines for COVID‐19, there is an urgent need to understand the cytokine storm in COVID‐19. Here, we have reviewed the current understanding of the features of SARS‐CoV‐2 and the pathological features, pathophysiological mechanisms, and treatments of the cytokine storm induced by COVID‐19. In addition, we suggest that the identification and treatment of the cytokine storm are important components for rescuing patients with severe COVID‐19.           ,              Highlights                                                                SARS‐CoV‐2 is a highly pathogenic and transmissible coronavirus that primarily spreads through respiratory droplets and close contact.                                                     A cytokine storm is associated with COVID‐19 severity and is also a crucial cause of death from COVID‐19.                                                     Impaired acquired immune responses and uncontrolled inflammatory innate responses may be associated with the mechanism of the cytokine storm in COVID‐19.                                                     Early control of the cytokine storm through therapies, such as immunomodulators and cytokine antagonists, is essential to improve the survival rate of patients with COVID‐19.","2021-01","2026-03-12 19:33:31","2026-03-12 19:33:31","2026-03-12 19:33:31","250-256","","1","93","","Journal of Medical Virology","","","","","","","","en","","","","","DOI.org (Crossref)","","","","C:\Users\angel\Zotero\storage\9QYG63WL\Hu et al. - 2021 - The cytokine storm and COVID‐19.pdf","","","","","","","","","","","","","","","","","","","","","","","","","","","","","","","","","","","","","","","","","","","","","","","","",""
"D6SW9BI4","journalArticle","2021","Gao, Ya‐dong; Ding, Mei; Dong, Xiang; Zhang, Jin‐jin; Kursat Azkur, Ahmet; Azkur, Dilek; Gan, Hui; Sun, Yuan‐li; Fu, Wei; Li, Wei; Liang, Hui‐ling; Cao, Yi‐yuan; Yan, Qi; Cao, Can; Gao, Hong‐yu; Brüggen, Marie‐Charlotte; Van De Veen, Willem; Sokolowska, Milena; Akdis, Mübeccel; Akdis, Cezmi A.","Risk factors for severe and critically ill COVID‐19 patients: A review","Allergy","","0105-4538, 1398-9995","10.1111/all.14657","https://onlinelibrary.wiley.com/doi/10.1111/all.14657","Abstract             The pandemic of coronavirus disease 2019 (COVID‐19), caused by the severe acute respiratory syndrome coronavirus 2 (SARS‐CoV‐2), has caused an unprecedented global social and economic impact, and high numbers of deaths. Many risk factors have been identified in the progression of COVID‐19 into a severe and critical stage, including old age, male gender, underlying comorbidities such as hypertension, diabetes, obesity, chronic lung diseases, heart, liver and kidney diseases, tumors, clinically apparent immunodeficiencies, local immunodeficiencies, such as early type I interferon secretion capacity, and pregnancy. Possible complications include acute kidney injury, coagulation disorders, thoromboembolism. The development of lymphopenia and eosinopenia are laboratory indicators of COVID‐19. Laboratory parameters to monitor disease progression include lactate dehydrogenase, procalcitonin, high‐sensitivity C‐reactive protein, proinflammatory cytokines such as interleukin (IL)‐6, IL‐1β, Krebs von den Lungen‐6 (KL‐6), and ferritin. The development of a cytokine storm and extensive chest computed tomography imaging patterns are indicators of a severe disease. In addition, socioeconomic status, diet, lifestyle, geographical differences, ethnicity, exposed viral load, day of initiation of treatment, and quality of health care have been reported to influence individual outcomes. In this review, we highlight the scientific evidence on the risk factors of severity of COVID‐19.","2021-02","2026-03-12 19:33:46","2026-03-12 19:33:46","2026-03-12 19:33:46","428-455","","2","76","","Allergy","Risk factors for severe and critically ill COVID‐19 patients","","","","","","","en","","","","","DOI.org (Crossref)","","","","C:\Users\angel\Zotero\storage\Q3PXF7E2\Gao et al. - 2021 - Risk factors for severe and critically ill COVID‐19 patients A review.pdf","","","","","","","","","","","","","","","","","","","","","","","","","","","","","","","","","","","","","","","","","","","","","","","","",""
"QU2AC3RY","journalArticle","2025","Vanderkamp, Sierra G.; Niazy, Maysa; Stegelmeier, Ashley A.; Stinson, Kevin J.; Ricker, Nicole; Bridle, Byram W.","Cytokine, chemokine, and acute-phase protein profiles in plasma as correlative biomarkers of clinical outcomes for patients with COVID-19","Scientific Reports","","2045-2322","10.1038/s41598-025-99248-6","https://www.nature.com/articles/s41598-025-99248-6","","2025-05-02","2026-03-12 19:34:22","2026-03-12 19:34:22","2026-03-12 19:34:22","15397","","1","15","","Sci Rep","","","","","","","","en","","","","","DOI.org (Crossref)","","","","C:\Users\angel\Zotero\storage\XIG3JM7R\Vanderkamp et al. - 2025 - Cytokine, chemokine, and acute-phase protein profiles in plasma as correlative biomarkers of clinica.pdf","","","","","","","","","","","","","","","","","","","","","","","","","","","","","","","","","","","","","","","","","","","","","","","","",""
"9IUMEEKS","journalArticle","2005","Holmes, Susan; He, Michael; Xu, Tong; Lee, Peter P.","Memory T cells have gene expression patterns intermediate between naïve and effector","Proceedings of the National Academy of Sciences","","0027-8424, 1091-6490","10.1073/pnas.0501437102","https://pnas.org/doi/full/10.1073/pnas.0501437102","The biological basis underlying differentiation of naïve (NAI) T cells into effector (EFFE) and memory (MEM) cells is incompletely understood. Furthermore, whether NAI T cells serially differentiate into EFFE and then MEM cells (linear differentiation) or whether they concurrently differentiate into either EFFE or MEM cells (parallel differentiation) remains unresolved. We isolated NAI, EFFE, and MEM CD8               +               T cell subsets from human peripheral blood and analyzed their gene expression by using microarrays. We identified 156 genes that strongly differentiate NAI, EFFE, and MEM CD8               +               T cells; these genes provide previously unrecognized markers to help identify each cell type. Using several statistical approaches to analyze and group the data (standard heat-map and hierarchical clustering, a unique circular representation, multivariate analyses based on principal components, and a clustering method based on phylogenetic parsimony analysis), we assessed the lineage relationships between these subsets and showed that MEM cells have gene expression patterns intermediate between NAI and EFFE T cells. Our analysis suggests a common differentiation pathway to an intermediate state followed by a split into EFFE or MEM cells, hence supporting the parallel differentiation model. As such, conditions under which NAI T cells are activated may determine the magnitude of both EFFE and MEM cells, which arise subsequently. A better understanding of these conditions may be very useful in the design of future vaccine strategies to maximize MEM cell generation.","2005-04-12","2026-03-13 22:42:06","2026-03-13 22:42:06","2026-03-13 22:42:06","5519-5523","","15","102","","Proc. Natl. Acad. Sci. U.S.A.","","","","","","","","en","","","","","DOI.org (Crossref)","","","","","","","","","","","","","","","","","","","","","","","","","","","","","","","","","","","","","","","","","","","","","","","","","","","","",""
"DHFYVHSL","journalArticle","2025","Zhang, Longxiang; Tuoliken, Haishaer; Li, Jian; Gao, Hongliang","Diet, gut microbiota, and health: a review","Food Science and Biotechnology","","1226-7708, 2092-6456","10.1007/s10068-024-01759-x","https://link.springer.com/10.1007/s10068-024-01759-x","","2025-06","2026-03-24 01:08:20","2026-03-24 01:08:20","2026-03-24 01:08:20","2087-2099","","10","34","","Food Sci Biotechnol","Diet, gut microbiota, and health","","","","","","","en","","","","","DOI.org (Crossref)","","","","","","","","","","","","","","","","","","","","","","","","","","","","","","","","","","","","","","","","","","","","","","","","","","","","",""
"UJRQRG35","journalArticle","2019","De Filippis, Francesca; Pasolli, Edoardo; Tett, Adrian; Tarallo, Sonia; Naccarati, Alessio; De Angelis, Maria; Neviani, Erasmo; Cocolin, Luca; Gobbetti, Marco; Segata, Nicola; Ercolini, Danilo","Distinct Genetic and Functional Traits of Human Intestinal Prevotella copri Strains Are Associated with Different Habitual Diets","Cell Host & Microbe","","19313128","10.1016/j.chom.2019.01.004","https://linkinghub.elsevier.com/retrieve/pii/S1931312819300411","","2019-03","2026-03-24 01:09:44","2026-03-24 01:09:44","2026-03-24 01:09:44","444-453.e3","","3","25","","Cell Host & Microbe","","","","","","","","en","","","","","DOI.org (Crossref)","","","","C:\Users\angel\Zotero\storage\VU6GLXTT\De Filippis et al. - 2019 - Distinct Genetic and Functional Traits of Human Intestinal Prevotella copri Strains Are Associated w.pdf","","","","","","","","","","","","","","","","","","","","","","","","","","","","","","","","","","","","","","","","","","","","","","","","",""
"YLWLMM7N","journalArticle","2022","Terrón-Camero, Laura C.; Gordillo-González, Fernando; Salas-Espejo, Eduardo; Andrés-León, Eduardo","Comparison of Metagenomics and Metatranscriptomics Tools: A Guide to Making the Right Choice","Genes","","2073-4425","10.3390/genes13122280","https://www.mdpi.com/2073-4425/13/12/2280","The study of microorganisms is a field of great interest due to their environmental (e.g., soil contamination) and biomedical (e.g., parasitic diseases, autism) importance. The advent of revolutionary next-generation sequencing techniques, and their application to the hypervariable regions of the 16S, 18S or 23S ribosomal subunits, have allowed the research of a large variety of organisms more in-depth, including bacteria, archaea, eukaryotes and fungi. Additionally, together with the development of analysis software, the creation of specific databases (e.g., SILVA or RDP) has boosted the enormous growth of these studies. As the cost of sequencing per sample has continuously decreased, new protocols have also emerged, such as shotgun sequencing, which allows the profiling of all taxonomic domains in a sample. The sequencing of hypervariable regions and shotgun sequencing are technologies that enable the taxonomic classification of microorganisms from the DNA present in microbial communities. However, they are not capable of measuring what is actively expressed. Conversely, we advocate that metatranscriptomics is a “new” technology that makes the identification of the mRNAs of a microbial community possible, quantifying gene expression levels and active biological pathways. Furthermore, it can be also used to characterise symbiotic interactions between the host and its microbiome. In this manuscript, we examine the three technologies above, and discuss the implementation of different software and databases, which greatly impact the obtaining of reliable results. Finally, we have developed two easy-to-use pipelines leveraging Nextflow technology. These aim to provide everything required for an average user to perform a metagenomic analysis of marker genes with QIMME2 and a metatranscriptomic study using Kraken2/Bracken.","2022-12-03","2026-03-24 01:10:33","2026-03-24 01:10:33","2026-03-24 01:10:33","2280","","12","13","","Genes","Comparison of Metagenomics and Metatranscriptomics Tools","","","","","","","en","","","","","DOI.org (Crossref)","","","","C:\Users\angel\Zotero\storage\DXYUXBTK\Terrón-Camero et al. - 2022 - Comparison of Metagenomics and Metatranscriptomics Tools A Guide to Making the Right Choice.pdf","","","","","","","","","","","","","","","","","","","","","","","","","","","","","","","","","","","","","","","","","","","","","","","","",""
"9V9MIKUN","journalArticle","2019","Wood, Derrick E.; Lu, Jennifer; Langmead, Ben","Improved metagenomic analysis with Kraken 2","Genome Biology","","1474-760X","10.1186/s13059-019-1891-0","https://genomebiology.biomedcentral.com/articles/10.1186/s13059-019-1891-0","Abstract                            Although Kraken’s               k               -mer-based approach provides a fast taxonomic classification of metagenomic sequence data, its large memory requirements can be limiting for some applications. Kraken 2 improves upon Kraken 1 by reducing memory usage by 85%, allowing greater amounts of reference genomic data to be used, while maintaining high accuracy and increasing speed fivefold. Kraken 2 also introduces a translated search mode, providing increased sensitivity in viral metagenomics analysis.","2019-11-28","2026-03-24 01:12:30","2026-03-24 01:12:30","2026-03-24 01:12:30","257","","1","20","","Genome Biol","","","","","","","","en","","","","","DOI.org (Crossref)","","","","C:\Users\angel\Zotero\storage\N9G7YH5W\Wood et al. - 2019 - Improved metagenomic analysis with Kraken 2.pdf","","","","","","","","","","","","","","","","","","","","","","","","","","","","","","","","","","","","","","","","","","","","","","","","",""
"ANQSYBJ4","journalArticle","2025","Cassol, Ignacio; Ibañez, Mauro; Bustamante, Juan Pablo","Key features and guidelines for the application of microbial alpha diversity metrics","Scientific Reports","","2045-2322","10.1038/s41598-024-77864-y","https://www.nature.com/articles/s41598-024-77864-y","Abstract             Studies of microbial communities vary widely in terms of analysis methods. In this growing field, the wide variety of diversity measures and lack of consistency make it harder to compare different studies. Most existing alpha diversity metrics are inherited from other disciplines and their assumptions are not always directly meaningful or true for microbiome data. Many existing microbiome studies apply one or some alpha diversity metrics with no fundamentals but also an unclear results interpretation. This work focuses on a theoretical, empirical, and comparative analysis of 19 frequently and less-frequently used microbial alpha diversity metrics grouped into 4 proposed categories, including key features of every analyzed metric with their mathematical assumptions, to provide a deeper understanding of the existing metrics and a practical implementation guide for future studies. Key metrics that should be required in microbiome analysis include richness, phylogenetic diversity, entropy, dominance of a few microbes over others, and an estimate of unobserved microbes. Collectively, these metrics contribute to a comprehensive set of analyses characterizing samples, allowing the determination of key aspects that might be otherwise obscured by partial or biased information. These guidelines enable further detailed analysis by each author according to their specific interests and clinical trials. Several practical examples are provided to illustrate how these recommendations improve the quality and depth of information obtained, facilitating better interpretation when working with microbiome data. These guidelines can be applied to both existing and future research studies, enhancing the standardization, consistency, and robustness of the analyses conducted. This approach aims to improve the capture of biological diversity, leading to better interpretations and insights.","2025-01-03","2026-03-24 01:13:48","2026-03-24 01:13:48","2026-03-24 01:13:48","622","","1","15","","Sci Rep","","","","","","","","en","","","","","DOI.org (Crossref)","","","","C:\Users\angel\Zotero\storage\5MI955WL\Cassol et al. - 2025 - Key features and guidelines for the application of microbial alpha diversity metrics.pdf","","","","","","","","","","","","","","","","","","","","","","","","","","","","","","","","","","","","","","","","","","","","","","","","",""
"JBY9Y7EY","journalArticle","2012","McDonald, Daniel; Clemente, Jose C; Kuczynski, Justin; Rideout, Jai Ram; Stombaugh, Jesse; Wendel, Doug; Wilke, Andreas; Huse, Susan; Hufnagle, John; Meyer, Folker; Knight, Rob; Caporaso, J Gregory","The Biological Observation Matrix (BIOM) format or: how I learned to stop worrying and love the ome-ome","GigaScience","","2047-217X","10.1186/2047-217X-1-7","https://academic.oup.com/gigascience/article-lookup/doi/10.1186/2047-217X-1-7","","2012-12","2026-03-24 01:14:09","2026-03-24 01:14:09","2026-03-24 01:14:09","7","","1","1","","GigaSci","The Biological Observation Matrix (BIOM) format or","","","","","","","en","http://www.springer.com/tdm","","","","DOI.org (Crossref)","","","","C:\Users\angel\Zotero\storage\2EVG3Q9Q\McDonald et al. - 2012 - The Biological Observation Matrix (BIOM) format or how I learned to stop worrying and love the ome-.pdf","","","","","","","","","","","","","","","","","","","","","","","","","","","","","","","","","","","","","","","","","","","","","","","","",""
"76KD3YSZ","journalArticle","2014","Wood, Derrick E; Salzberg, Steven L","Kraken: ultrafast metagenomic sequence classification using exact alignments","Genome Biology","","1474-760X","10.1186/gb-2014-15-3-r46","https://genomebiology.biomedcentral.com/articles/10.1186/gb-2014-15-3-r46","Abstract                            Kraken is an ultrafast and highly accurate program for assigning taxonomic labels to metagenomic DNA sequences. Previous programs designed for this task have been relatively slow and computationally expensive, forcing researchers to use faster abundance estimation programs, which only classify small subsets of metagenomic data. Using exact alignment of               k               -mers, Kraken achieves classification accuracy comparable to the fastest BLAST program. In its fastest mode, Kraken classifies 100 base pair reads at a rate of over 4.1 million reads per minute, 909 times faster than Megablast and 11 times faster than the abundance estimation program MetaPhlAn. Kraken is available at               http://ccb.jhu.edu/software/kraken/               .","2014-03-03","2026-03-24 01:14:24","2026-03-24 01:14:24","2026-03-24 01:14:24","R46","","3","15","","Genome Biol","Kraken","","","","","","","en","","","","","DOI.org (Crossref)","","","","C:\Users\angel\Zotero\storage\4UHDF6F3\Wood and Salzberg - 2014 - Kraken ultrafast metagenomic sequence classification using exact alignments.pdf","","","","","","","","","","","","","","","","","","","","","","","","","","","","","","","","","","","","","","","","","","","","","","","","",""
"R5JCMJ6S","journalArticle","2017","Lu, Jennifer; Breitwieser, Florian P.; Thielen, Peter; Salzberg, Steven L.","Bracken: estimating species abundance in metagenomics data","PeerJ Computer Science","","2376-5992","10.7717/peerj-cs.104","https://peerj.com/articles/cs-104","Metagenomic experiments attempt to characterize microbial communities using high-throughput DNA sequencing. Identification of the microorganisms in a sample provides information about the genetic profile, population structure, and role of microorganisms within an environment. Until recently, most metagenomics studies focused on high-level characterization at the level of phyla, or alternatively sequenced the 16S ribosomal RNA gene that is present in bacterial species. As the cost of sequencing has fallen, though, metagenomics experiments have increasingly used unbiased shotgun sequencing to capture all the organisms in a sample. This approach requires a method for estimating abundance directly from the raw read data. Here we describe a fast, accurate new method that computes the abundance at the species level using the reads collected in a metagenomics experiment. Bracken (Bayesian Reestimation of Abundance after Classification with KrakEN) uses the taxonomic assignments made by Kraken, a very fast read-level classifier, along with information about the genomes themselves to estimate abundance at the species level, the genus level, or above. We demonstrate that Bracken can produce accurate species- and genus-level abundance estimates even when a sample contains multiple near-identical species.","2017-01-02","2026-03-24 01:15:13","2026-03-24 01:15:13","2026-03-24 01:15:13","e104","","","3","","","Bracken","","","","","","","en","http://creativecommons.org/licenses/by/4.0/","","","","DOI.org (Crossref)","","","","C:\Users\angel\Zotero\storage\YFSNJ6X7\Lu et al. - 2017 - Bracken estimating species abundance in metagenomics data.pdf","","","","","","","","","","","","","","","","","","","","","","","","","","","","","","","","","","","","","","","","","","","","","","","","",""
"TABQHPA5","journalArticle","2024","Lin, Huang; Peddada, Shyamal Das","Multigroup analysis of compositions of microbiomes with covariate adjustments and repeated measures","Nature Methods","","1548-7091, 1548-7105","10.1038/s41592-023-02092-7","https://www.nature.com/articles/s41592-023-02092-7","Abstract             Microbiome differential abundance analysis methods for two groups are well-established in the literature. However, many microbiome studies involve more than two groups, sometimes even ordered groups such as stages of a disease, and require different types of comparison. Standard pairwise comparisons are inefficient in terms of power and false discovery rates. In this Article, we propose a general framework, ANCOM-BC2, for performing a wide range of multigroup analyses with covariate adjustments and repeated measures. We illustrate our methodology through two real datasets. The first example explores the effects of aridity on the soil microbiome, and the second example investigates the effects of surgical interventions on the microbiome of patients with inflammatory bowel disease.","2024-01","2026-03-24 01:15:44","2026-03-24 01:15:44","2026-03-24 01:15:44","83-91","","1","21","","Nat Methods","","","","","","","","en","","","","","DOI.org (Crossref)","","","","C:\Users\angel\Zotero\storage\SMETT7T4\Lin and Peddada - 2024 - Multigroup analysis of compositions of microbiomes with covariate adjustments and repeated measures.pdf","","","","","","","","","","","","","","","","","","","","","","","","","","","","","","","","","","","","","","","","","","","","","","","","",""
"FDHAJTTM","journalArticle","2020","Galloway-Peña, Jessica; Hanson, Blake","Tools for Analysis of the Microbiome","Digestive Diseases and Sciences","","0163-2116, 1573-2568","10.1007/s10620-020-06091-y","http://link.springer.com/10.1007/s10620-020-06091-y","","2020-03","2026-03-24 01:16:33","2026-03-24 01:16:33","2026-03-24 01:16:33","674-685","","3","65","","Dig Dis Sci","","","","","","","","en","","","","","DOI.org (Crossref)","","","","","","","","","","","","","","","","","","","","","","","","","","","","","","","","","","","","","","","","","","","","","","","","","","","","",""
"4TW6UU67","journalArticle","2022","Nearing, Jacob T.; Douglas, Gavin M.; Hayes, Molly G.; MacDonald, Jocelyn; Desai, Dhwani K.; Allward, Nicole; Jones, Casey M. A.; Wright, Robyn J.; Dhanani, Akhilesh S.; Comeau, André M.; Langille, Morgan G. I.","Microbiome differential abundance methods produce different results across 38 datasets","Nature Communications","","2041-1723","10.1038/s41467-022-28034-z","https://www.nature.com/articles/s41467-022-28034-z","Abstract             Identifying differentially abundant microbes is a common goal of microbiome studies. Multiple methods are used interchangeably for this purpose in the literature. Yet, there are few large-scale studies systematically exploring the appropriateness of using these tools interchangeably, and the scale and significance of the differences between them. Here, we compare the performance of 14 differential abundance testing methods on 38 16S rRNA gene datasets with two sample groups. We test for differences in amplicon sequence variants and operational taxonomic units (ASVs) between these groups. Our findings confirm that these tools identified drastically different numbers and sets of significant ASVs, and that results depend on data pre-processing. For many tools the number of features identified correlate with aspects of the data, such as sample size, sequencing depth, and effect size of community differences. ALDEx2 and ANCOM-II produce the most consistent results across studies and agree best with the intersect of results from different approaches. Nevertheless, we recommend that researchers should use a consensus approach based on multiple differential abundance methods to help ensure robust biological interpretations.","2022-01-17","2026-03-24 01:17:01","2026-03-24 01:17:01","2026-03-24 01:17:01","342","","1","13","","Nat Commun","","","","","","","","en","","","","","DOI.org (Crossref)","","","","C:\Users\angel\Zotero\storage\BV98JQKH\Nearing et al. - 2022 - Microbiome differential abundance methods produce different results across 38 datasets.pdf","","","","","","","","","","","","","","","","","","","","","","","","","","","","","","","","","","","","","","","","","","","","","","","","",""
"24ZTUAYN","journalArticle","2025","Abdelkader, Ahmed; Ferdous, Nur A.; El-Hadidi, Mohamed; Burzykowski, Tomasz; Mysara, Mohamed","metaGEENOME: an integrated framework for differential abundance analysis of microbiome data in cross-sectional and longitudinal studies","BMC Bioinformatics","","1471-2105","10.1186/s12859-025-06217-x","https://bmcbioinformatics.biomedcentral.com/articles/10.1186/s12859-025-06217-x","Abstract                            Background               Detecting biomarkers is a key objective in microbiome research, often done through 16S rRNA amplicon sequencing or shotgun metagenomic analysis. A critical step in this process is differential abundance (DA) analysis, which aims to pinpoint taxa whose abundance significantly differs between groups. However, DA analysis remains challenging due to high dimensionality, compositionality, sparsity, inter-taxa correlations, uneven abundance distributions, and missing values—all which hinder our ability to model the data accurately. Despite the availability of many DA tools, balancing high statistical power with effective false discovery rate (FDR) control remains a major limitation.                                         Results               Here, we introduce a novel approach for DA analysis that integrates counts adjusted with Trimmed Mean of M-values (CTF) normalization and Centered Log Ratio (CLR) transformation with Generalized Estimating Equation (GEE) model. We benchmarked our approach against eight widely used tools employing both simulated and real datasets in cross-sectional and longitudinal settings. While several tools (e.g. MetagenomeSeq, edgeR, DESeq2 and Lefse) achieved high sensitivity, they often failed to adequately control the FDR. In contrast, our method demonstrated high sensitivity and specificity when compared to other approaches that successfully controlled the FDR, including ALDEx2, limma-voom, ANCOM, and ANCOM-BC2.                                         Conclusions               Our approach effectively addresses key challenges in microbiome data analysis across both cross-sectional and longitudinal designs. Integrated into the R package metaGEENOME (https://github.com/M-Mysara/metaGEENOME), our framework provides a flexible, scalable and statistically robust solution for DA analysis, offering improved FDR control and enhanced performance for biomarker discovery in microbiome studies.                                         Graphical abstract","2025-07-21","2026-03-24 01:20:19","2026-03-24 01:20:19","2026-03-24 01:20:19","189","","1","26","","BMC Bioinformatics","metaGEENOME","","","","","","","en","","","","","DOI.org (Crossref)","","","","C:\Users\angel\Zotero\storage\68ZG9N3G\Abdelkader et al. - 2025 - metaGEENOME an integrated framework for differential abundance analysis of microbiome data in cross.pdf","","","","","","","","","","","","","","","","","","","","","","","","","","","","","","","","","","","","","","","","","","","","","","","","",""
"U243Q76T","journalArticle","2020","Pérez-Cobas, Ana Elena; Gomez-Valero, Laura; Buchrieser, Carmen","Metagenomic approaches in microbial ecology: an update on whole-genome and marker gene sequencing analyses","Microbial Genomics","","2057-5858","10.1099/mgen.0.000409","https://www.microbiologyresearch.org/content/journal/mgen/10.1099/mgen.0.000409","Metagenomics and marker gene approaches, coupled with high-throughput sequencing technologies, have revolutionized the field of microbial ecology. Metagenomics is a culture-independent method that allows the identification and characterization of organisms from all kinds of samples. Whole-genome shotgun sequencing analyses the total DNA of a chosen sample to determine the presence of micro-organisms from all domains of life and their genomic content. Importantly, the whole-genome shotgun sequencing approach reveals the genomic diversity present, but can also give insights into the functional potential of the micro-organisms identified. The marker gene approach is based on the sequencing of a specific gene region. It allows one to describe the microbial composition based on the taxonomic groups present in the sample. It is frequently used to analyse the biodiversity of microbial ecosystems. Despite its importance, the analysis of metagenomic sequencing and marker gene data is quite a challenge. Here we review the primary workflows and software used for both approaches and discuss the current challenges in the field.","2020-08-01","2026-03-24 01:33:19","2026-03-24 01:33:19","2026-03-24 01:33:19","","","8","6","","","Metagenomic approaches in microbial ecology","","","","","","","en","http://creativecommons.org/licenses/by/4.0/","","","","DOI.org (Crossref)","","","","C:\Users\angel\Zotero\storage\HUI8299Q\Pérez-Cobas et al. - 2020 - Metagenomic approaches in microbial ecology an update on whole-genome and marker gene sequencing an.pdf","","","","","","","","","","","","","","","","","","","","","","","","","","","","","","","","","","","","","","","","","","","","","","","","",""
"PB46ML2Q","journalArticle","2016","Wu, Gary D; Compher, Charlene; Chen, Eric Z; Smith, Sarah A; Shah, Rachana D; Bittinger, Kyle; Chehoud, Christel; Albenberg, Lindsey G; Nessel, Lisa; Gilroy, Erin; Star, Julie; Weljie, Aalim M; Flint, Harry J; Metz, David C; Bennett, Michael J; Li, Hongzhe; Bushman, Frederic D; Lewis, James D","Comparative metabolomics in vegans and omnivores reveal constraints on diet-dependent gut microbiota metabolite production","Gut","","0017-5749, 1468-3288","10.1136/gutjnl-2014-308209","https://gut.bmj.com/lookup/doi/10.1136/gutjnl-2014-308209","Objective               The consumption of an agrarian diet is associated with a reduced risk for many diseases associated with a ‘Westernised’ lifestyle. Studies suggest that diet affects the gut microbiota, which subsequently influences the metabolome, thereby connecting diet, microbiota and health. However, the degree to which diet influences the composition of the gut microbiota is controversial. Murine models and studies comparing the gut microbiota in humans residing in agrarian versus Western societies suggest that the influence is large. To separate global environmental influences from dietary influences, we characterised the gut microbiota and the host metabolome of individuals consuming an agrarian diet in Western society.                                         Design and results               Using 16S rRNA-tagged sequencing as well as plasma and urinary metabolomic platforms, we compared measures of dietary intake, gut microbiota composition and the plasma metabolome between healthy human vegans and omnivores, sampled in an urban USA environment. Plasma metabolome of vegans differed markedly from omnivores but the gut microbiota was surprisingly similar. Unlike prior studies of individuals living in agrarian societies, higher consumption of fermentable substrate in vegans was not associated with higher levels of faecal short chain fatty acids, a finding confirmed in a 10-day controlled feeding experiment. Similarly, the proportion of vegans capable of producing equol, a soy-based gut microbiota metabolite, was less than that was reported in Asian societies despite the high consumption of soy-based products.                                         Conclusions               Evidently, residence in globally distinct societies helps determine the composition of the gut microbiota that, in turn, influences the production of diet-dependent gut microbial metabolites.","2016-01","2026-03-24 01:43:00","2026-03-24 01:43:00","2026-03-24 01:43:00","63-72","","1","65","","Gut","","","","","","","","en","","","","","DOI.org (Crossref)","","","","C:\Users\angel\Zotero\storage\AMJT8674\Wu et al. - 2016 - Comparative metabolomics in vegans and omnivores reveal constraints on diet-dependent gut microbiota.pdf","","","","","","","","","","","","","","","","","","","","","","","","","","","","","","","","","","","","","","","","","","","","","","","","",""
"LU2WEX2M","journalArticle","2020","Trefflich, Iris; Jabakhanji, Afraa; Menzel, Juliane; Blaut, Michael; Michalsen, Andreas; Lampen, Alfonso; Abraham, Klaus; Weikert, Cornelia","Is a vegan or a vegetarian diet associated with the microbiota composition in the gut? Results of a new cross-sectional study and systematic review","Critical Reviews in Food Science and Nutrition","","1040-8398, 1549-7852","10.1080/10408398.2019.1676697","https://www.tandfonline.com/doi/full/10.1080/10408398.2019.1676697","","2020-09-24","2026-03-24 01:43:56","2026-03-24 01:43:56","2026-03-24 01:43:56","2990-3004","","17","60","","Critical Reviews in Food Science and Nutrition","Is a vegan or a vegetarian diet associated with the microbiota composition in the gut?","","","","","","","en","","","","","DOI.org (Crossref)","","","","","","","","","","","","","","","","","","","","","","","","","","","","","","","","","","","","","","","","","","","","","","","","","","","","",""
"RWBUD4ID","journalArticle","2020","Riddell, Jon; Basu Mallick, Chandana; Jacobs, Guy S.; Schoenebeck, Jeffrey J.; Headon, Denis J.","Characterisation of a second gain of function EDAR variant, encoding EDAR380R, in East Asia","European Journal of Human Genetics","","1018-4813, 1476-5438","10.1038/s41431-020-0660-6","https://www.nature.com/articles/s41431-020-0660-6","","2020-12","2026-04-03 02:03:06","2026-04-03 02:03:06","2026-04-03 02:03:06","1694-1702","","12","28","","Eur J Hum Genet","","","","","","","","en","","","","","DOI.org (Crossref)","","","","","","","","","","","","","","","","","","","","","","","","","","","","","","","","","","","","","","","","","","","","","","","","","","","","",""
"7KGFIJKF","journalArticle","2012","Donnelly, Michael P.; Paschou, Peristera; Grigorenko, Elena; Gurwitz, David; Barta, Csaba; Lu, Ru-Band; Zhukova, Olga V.; Kim, Jong-Jin; Siniscalco, Marcello; New, Maria; Li, Hui; Kajuna, Sylvester L. B.; Manolopoulos, Vangelis G.; Speed, William C.; Pakstis, Andrew J.; Kidd, Judith R.; Kidd, Kenneth K.","A global view of the OCA2-HERC2 region and pigmentation","Human Genetics","","0340-6717, 1432-1203","10.1007/s00439-011-1110-x","http://link.springer.com/10.1007/s00439-011-1110-x","","2012-05","2026-04-03 02:04:32","2026-04-03 02:04:32","2026-04-03 02:04:32","683-696","","5","131","","Hum Genet","","","","","","","","en","","","","","DOI.org (Crossref)","","","","C:\Users\angel\Zotero\storage\QT2FEDDJ\Donnelly et al. - 2012 - A global view of the OCA2-HERC2 region and pigmentation.pdf","","","","","","","","","","","","","","","","","","","","","","","","","","","","","","","","","","","","","","","","","","","","","","","","",""
"VHJPUXND","journalArticle","2015","The 1000 Genomes Project Consortium; Corresponding authors; Auton, Adam; Abecasis, Gonçalo R.; Steering committee; Altshuler, David M.; Durbin, Richard M.; Abecasis, Gonçalo R.; Bentley, David R.; Chakravarti, Aravinda; Clark, Andrew G.; Donnelly, Peter; Eichler, Evan E.; Flicek, Paul; Gabriel, Stacey B.; Gibbs, Richard A.; Green, Eric D.; Hurles, Matthew E.; Knoppers, Bartha M.; Korbel, Jan O.; Lander, Eric S.; Lee, Charles; Lehrach, Hans; Mardis, Elaine R.; Marth, Gabor T.; McVean, Gil A.; Nickerson, Deborah A.; Schmidt, Jeanette P.; Sherry, Stephen T.; Wang, Jun; Wilson, Richard K.; Production group; Baylor College of Medicine; Gibbs, Richard A.; Boerwinkle, Eric; Doddapaneni, Harsha; Han, Yi; Korchina, Viktoriya; Kovar, Christie; Lee, Sandra; Muzny, Donna; Reid, Jeffrey G.; Zhu, Yiming; BGI-Shenzhen; Wang, Jun; Chang, Yuqi; Feng, Qiang; Fang, Xiaodong; Guo, Xiaosen; Jian, Min; Jiang, Hui; Jin, Xin; Lan, Tianming; Li, Guoqing; Li, Jingxiang; Li, Yingrui; Liu, Shengmao; Liu, Xiao; Lu, Yao; Ma, Xuedi; Tang, Meifang; Wang, Bo; Wang, Guangbiao; Wu, Honglong; Wu, Renhua; Xu, Xun; Yin, Ye; Zhang, Dandan; Zhang, Wenwei; Zhao, Jiao; Zhao, Meiru; Zheng, Xiaole; Broad Institute of MIT and Harvard; Lander, Eric S.; Altshuler, David M.; Gabriel, Stacey B.; Gupta, Namrata; Coriell Institute for Medical Research; Gharani, Neda; Toji, Lorraine H.; Gerry, Norman P.; Resch, Alissa M.; European Molecular Biology Laboratory, European Bioinformatics Institute; Flicek, Paul; Barker, Jonathan; Clarke, Laura; Gil, Laurent; Hunt, Sarah E.; Kelman, Gavin; Kulesha, Eugene; Leinonen, Rasko; McLaren, William M.; Radhakrishnan, Rajesh; Roa, Asier; Smirnov, Dmitriy; Smith, Richard E.; Streeter, Ian; Thormann, Anja; Toneva, Iliana; Vaughan, Brendan; Zheng-Bradley, Xiangqun; Illumina; Bentley, David R.; Grocock, Russell; Humphray, Sean; James, Terena; Kingsbury, Zoya; Max Planck Institute for Molecular Genetics; Lehrach, Hans; Sudbrak, Ralf; Albrecht, Marcus W.; Amstislavskiy, Vyacheslav S.; Borodina, Tatiana A.; Lienhard, Matthias; Mertes, Florian; Sultan, Marc; Timmermann, Bernd; Yaspo, Marie-Laure; McDonnell Genome Institute at Washington University; Mardis, Elaine R.; Wilson, Richard K.; Fulton, Lucinda; Fulton, Robert; US National Institutes of Health; Sherry, Stephen T.; Ananiev, Victor; Belaia, Zinaida; Beloslyudtsev, Dimitriy; Bouk, Nathan; Chen, Chao; Church, Deanna; Cohen, Robert; Cook, Charles; Garner, John; Hefferon, Timothy; Kimelman, Mikhail; Liu, Chunlei; Lopez, John; Meric, Peter; O’Sullivan, Chris; Ostapchuk, Yuri; Phan, Lon; Ponomarov, Sergiy; Schneider, Valerie; Shekhtman, Eugene; Sirotkin, Karl; Slotta, Douglas; Zhang, Hua; University of Oxford; McVean, Gil A.; Wellcome Trust Sanger Institute; Durbin, Richard M.; Balasubramaniam, Senduran; Burton, John; Danecek, Petr; Keane, Thomas M.; Kolb-Kokocinski, Anja; McCarthy, Shane; Stalker, James; Quail, Michael; Analysis group; Affymetrix; Schmidt, Jeanette P.; Davies, Christopher J.; Gollub, Jeremy; Webster, Teresa; Wong, Brant; Zhan, Yiping; Albert Einstein College of Medicine; Auton, Adam; Campbell, Christopher L.; Kong, Yu; Marcketta, Anthony; Baylor College of Medicine; Gibbs, Richard A.; Yu, Fuli; Antunes, Lilian; Bainbridge, Matthew; Muzny, Donna; Sabo, Aniko; Huang, Zhuoyi; BGI-Shenzhen; Wang, Jun; Coin, Lachlan J. M.; Fang, Lin; Guo, Xiaosen; Jin, Xin; Li, Guoqing; Li, Qibin; Li, Yingrui; Li, Zhenyu; Lin, Haoxiang; Liu, Binghang; Luo, Ruibang; Shao, Haojing; Xie, Yinlong; Ye, Chen; Yu, Chang; Zhang, Fan; Zheng, Hancheng; Zhu, Hongmei; Bilkent University; Alkan, Can; Dal, Elif; Kahveci, Fatma; Boston College; Marth, Gabor T.; Garrison, Erik P.; Kural, Deniz; Lee, Wan-Ping; Fung Leong, Wen; Stromberg, Michael; Ward, Alistair N.; Wu, Jiantao; Zhang, Mengyao; Broad Institute of MIT and Harvard; Daly, Mark J.; DePristo, Mark A.; Handsaker, Robert E.; Altshuler, David M.; Banks, Eric; Bhatia, Gaurav; Del Angel, Guillermo; Gabriel, Stacey B.; Genovese, Giulio; Gupta, Namrata; Li, Heng; Kashin, Seva; Lander, Eric S.; McCarroll, Steven A.; Nemesh, James C.; Poplin, Ryan E.; Cold Spring Harbor Laboratory; Yoon, Seungtai C.; Lihm, Jayon; Makarov, Vladimir; Cornell University; Clark, Andrew G.; Gottipati, Srikanth; Keinan, Alon; Rodriguez-Flores, Juan L.; European Molecular Biology Laboratory; Korbel, Jan O.; Rausch, Tobias; Fritz, Markus H.; Stütz, Adrian M.; European Molecular Biology Laboratory, European Bioinformatics Institute; Flicek, Paul; Beal, Kathryn; Clarke, Laura; Datta, Avik; Herrero, Javier; McLaren, William M.; Ritchie, Graham R. S.; Smith, Richard E.; Zerbino, Daniel; Zheng-Bradley, Xiangqun; Harvard University; Sabeti, Pardis C.; Shlyakhter, Ilya; Schaffner, Stephen F.; Vitti, Joseph; Human Gene Mutation Database; Cooper, David N.; Ball, Edward V.; Stenson, Peter D.; Illumina; Bentley, David R.; Barnes, Bret; Bauer, Markus; Keira Cheetham, R.; Cox, Anthony; Eberle, Michael; Humphray, Sean; Kahn, Scott; Murray, Lisa; Peden, John; Shaw, Richard; Icahn School of Medicine at Mount Sinai; Kenny, Eimear E.; Louisiana State University; Batzer, Mark A.; Konkel, Miriam K.; Walker, Jerilyn A.; Massachusetts General Hospital; MacArthur, Daniel G.; Lek, Monkol; Max Planck Institute for Molecular Genetics; Sudbrak, Ralf; Amstislavskiy, Vyacheslav S.; Herwig, Ralf; McDonnell Genome Institute at Washington University; Mardis, Elaine R.; Ding, Li; Koboldt, Daniel C.; Larson, David; Ye, Kai; McGill University; Gravel, Simon; National Eye Institute, NIH; Swaroop, Anand; Chew, Emily; New York Genome Center; Lappalainen, Tuuli; Erlich, Yaniv; Gymrek, Melissa; Frederick Willems, Thomas; Ontario Institute for Cancer Research; Simpson, Jared T.; Pennsylvania State University; Shriver, Mark D.; Rutgers Cancer Institute of New Jersey; Rosenfeld, Jeffrey A.; Stanford University; Bustamante, Carlos D.; Montgomery, Stephen B.; De La Vega, Francisco M.; Byrnes, Jake K.; Carroll, Andrew W.; DeGorter, Marianne K.; Lacroute, Phil; Maples, Brian K.; Martin, Alicia R.; Moreno-Estrada, Andres; Shringarpure, Suyash S.; Zakharia, Fouad; Tel-Aviv University; Halperin, Eran; Baran, Yael; The Jackson Laboratory for Genomic Medicine; Lee, Charles; Cerveira, Eliza; Hwang, Jaeho; Malhotra, Ankit; Plewczynski, Dariusz; Radew, Kamen; Romanovitch, Mallory; Zhang, Chengsheng; Thermo Fisher Scientific; Hyland, Fiona C. L.; Translational Genomics Research Institute; Craig, David W.; Christoforides, Alexis; Homer, Nils; Izatt, Tyler; Kurdoglu, Ahmet A.; Sinari, Shripad A.; Squire, Kevin; US National Institutes of Health; Sherry, Stephen T.; Xiao, Chunlin; University of California, San Diego; Sebat, Jonathan; Antaki, Danny; Gujral, Madhusudan; Noor, Amina; Ye, Kenny; University of California, San Francisco; Burchard, Esteban G.; Hernandez, Ryan D.; Gignoux, Christopher R.; University of California, Santa Cruz; Haussler, David; Katzman, Sol J.; James Kent, W.; University of Chicago; Howie, Bryan; University College London; Ruiz-Linares, Andres; University of Geneva; Dermitzakis, Emmanouil T.; University of Maryland School of Medicine; Devine, Scott E.; University of Michigan; Abecasis, Gonçalo R.; Min Kang, Hyun; Kidd, Jeffrey M.; Blackwell, Tom; Caron, Sean; Chen, Wei; Emery, Sarah; Fritsche, Lars; Fuchsberger, Christian; Jun, Goo; Li, Bingshan; Lyons, Robert; Scheller, Chris; Sidore, Carlo; Song, Shiya; Sliwerska, Elzbieta; Taliun, Daniel; Tan, Adrian; Welch, Ryan; Kate Wing, Mary; Zhan, Xiaowei; University of Montréal; Awadalla, Philip; Hodgkinson, Alan; University of North Carolina at Chapel Hill; Li, Yun; University of North Carolina at Charlotte; Shi, Xinghua; Quitadamo, Andrew; University of Oxford; Lunter, Gerton; McVean, Gil A.; Marchini, Jonathan L.; Myers, Simon; Churchhouse, Claire; Delaneau, Olivier; Gupta-Hinch, Anjali; Kretzschmar, Warren; Iqbal, Zamin; Mathieson, Iain; Menelaou, Androniki; Rimmer, Andy; Xifara, Dionysia K.; University of Puerto Rico; Oleksyk, Taras K.; University of Texas Health Sciences Center at Houston; Fu, Yunxin; Liu, Xiaoming; Xiong, Momiao; University of Utah; Jorde, Lynn; Witherspoon, David; Xing, Jinchuan; University of Washington; Eichler, Evan E.; Browning, Brian L.; Browning, Sharon R.; Hormozdiari, Fereydoun; Sudmant, Peter H.; Weill Cornell Medical College; Khurana, Ekta; Wellcome Trust Sanger Institute; Durbin, Richard M.; Hurles, Matthew E.; Tyler-Smith, Chris; Albers, Cornelis A.; Ayub, Qasim; Balasubramaniam, Senduran; Chen, Yuan; Colonna, Vincenza; Danecek, Petr; Jostins, Luke; Keane, Thomas M.; McCarthy, Shane; Walter, Klaudia; Xue, Yali; Yale University; Gerstein, Mark B.; Abyzov, Alexej; Balasubramanian, Suganthi; Chen, Jieming; Clarke, Declan; Fu, Yao; Harmanci, Arif O.; Jin, Mike; Lee, Donghoon; Liu, Jeremy; Jasmine Mu, Xinmeng; Zhang, Jing; Zhang, Yan; Structural variation group; BGI-Shenzhen; Li, Yingrui; Luo, Ruibang; Zhu, Hongmei; Bilkent University; Alkan, Can; Dal, Elif; Kahveci, Fatma; Boston College; Marth, Gabor T.; Garrison, Erik P.; Kural, Deniz; Lee, Wan-Ping; Ward, Alistair N.; Wu, Jiantao; Zhang, Mengyao; Broad Institute of MIT and Harvard; McCarroll, Steven A.; Handsaker, Robert E.; Altshuler, David M.; Banks, Eric; Del Angel, Guillermo; Genovese, Giulio; Hartl, Chris; Li, Heng; Kashin, Seva; Nemesh, James C.; Shakir, Khalid; Cold Spring Harbor Laboratory; Yoon, Seungtai C.; Lihm, Jayon; Makarov, Vladimir; Cornell University; Degenhardt, Jeremiah; European Molecular Biology Laboratory; Korbel, Jan O.; Fritz, Markus H.; Meiers, Sascha; Raeder, Benjamin; Rausch, Tobias; Stütz, Adrian M.; European Molecular Biology Laboratory, European Bioinformatics Institute; Flicek, Paul; Paolo Casale, Francesco; Clarke, Laura; Smith, Richard E.; Stegle, Oliver; Zheng-Bradley, Xiangqun; Illumina; Bentley, David R.; Barnes, Bret; Keira Cheetham, R.; Eberle, Michael; Humphray, Sean; Kahn, Scott; Murray, Lisa; Shaw, Richard; Leiden University Medical Center; Lameijer, Eric-Wubbo; Louisiana State University; Batzer, Mark A.; Konkel, Miriam K.; Walker, Jerilyn A.; McDonnell Genome Institute at Washington University; Ding, Li; Hall, Ira; Ye, Kai; Stanford University; Lacroute, Phil; The Jackson Laboratory for Genomic Medicine; Lee, Charles; Cerveira, Eliza; Malhotra, Ankit; Hwang, Jaeho; Plewczynski, Dariusz; Radew, Kamen; Romanovitch, Mallory; Zhang, Chengsheng; Translational Genomics Research Institute; Craig, David W.; Homer, Nils; US National Institutes of Health; Church, Deanna; Xiao, Chunlin; University of California, San Diego; Sebat, Jonathan; Antaki, Danny; Bafna, Vineet; Michaelson, Jacob; Ye, Kenny; University of Maryland School of Medicine; Devine, Scott E.; Gardner, Eugene J.; University of Michigan; Abecasis, Gonçalo R.; Kidd, Jeffrey M.; Mills, Ryan E.; Dayama, Gargi; Emery, Sarah; Jun, Goo; University of North Carolina at Charlotte; Shi, Xinghua; Quitadamo, Andrew; University of Oxford; Lunter, Gerton; McVean, Gil A.; University of Texas MD Anderson Cancer Center; Chen, Ken; Fan, Xian; Chong, Zechen; Chen, Tenghui; University of Utah; Witherspoon, David; Xing, Jinchuan; University of Washington; Eichler, Evan E.; Chaisson, Mark J.; Hormozdiari, Fereydoun; Huddleston, John; Malig, Maika; Nelson, Bradley J.; Sudmant, Peter H.; Vanderbilt University School of Medicine; Parrish, Nicholas F.; Weill Cornell Medical College; Khurana, Ekta; Wellcome Trust Sanger Institute; Hurles, Matthew E.; Blackburne, Ben; Lindsay, Sarah J.; Ning, Zemin; Walter, Klaudia; Zhang, Yujun; Yale University; Gerstein, Mark B.; Abyzov, Alexej; Chen, Jieming; Clarke, Declan; Lam, Hugo; Jasmine Mu, Xinmeng; Sisu, Cristina; Zhang, Jing; Zhang, Yan; Exome group; Baylor College of Medicine; Gibbs, Richard A.; Yu, Fuli; Bainbridge, Matthew; Challis, Danny; Evani, Uday S.; Kovar, Christie; Lu, James; Muzny, Donna; Nagaswamy, Uma; Reid, Jeffrey G.; Sabo, Aniko; Yu, Jin; BGI-Shenzhen; Guo, Xiaosen; Li, Wangshen; Li, Yingrui; Wu, Renhua; Boston College; Marth, Gabor T.; Garrison, Erik P.; Fung Leong, Wen; Ward, Alistair N.; Broad Institute of MIT and Harvard; Del Angel, Guillermo; DePristo, Mark A.; Gabriel, Stacey B.; Gupta, Namrata; Hartl, Chris; Poplin, Ryan E.; Cornell University; Clark, Andrew G.; Rodriguez-Flores, Juan L.; European Molecular Biology Laboratory, European Bioinformatics Institute; Flicek, Paul; Clarke, Laura; Smith, Richard E.; Zheng-Bradley, Xiangqun; Massachusetts General Hospital; MacArthur, Daniel G.; McDonnell Genome Institute at Washington University; Mardis, Elaine R.; Fulton, Robert; Koboldt, Daniel C.; McGill University; Gravel, Simon; Stanford University; Bustamante, Carlos D.; Translational Genomics Research Institute; Craig, David W.; Christoforides, Alexis; Homer, Nils; Izatt, Tyler; US National Institutes of Health; Sherry, Stephen T.; Xiao, Chunlin; University of Geneva; Dermitzakis, Emmanouil T.; University of Michigan; Abecasis, Gonçalo R.; Min Kang, Hyun; University of Oxford; McVean, Gil A.; Yale University; Gerstein, Mark B.; Balasubramanian, Suganthi; Habegger, Lukas; Functional interpretation group; Cornell University; Yu, Haiyuan; European Molecular Biology Laboratory, European Bioinformatics Institute; Flicek, Paul; Clarke, Laura; Cunningham, Fiona; Dunham, Ian; Zerbino, Daniel; Zheng-Bradley, Xiangqun; Harvard University; Lage, Kasper; Berg Jespersen, Jakob; Horn, Heiko; Stanford University; Montgomery, Stephen B.; DeGorter, Marianne K.; Weill Cornell Medical College; Khurana, Ekta; Wellcome Trust Sanger Institute; Tyler-Smith, Chris; Chen, Yuan; Colonna, Vincenza; Xue, Yali; Yale University; Gerstein, Mark B.; Balasubramanian, Suganthi; Fu, Yao; Kim, Donghoon; Chromosome Y group; Albert Einstein College of Medicine; Auton, Adam; Marcketta, Anthony; American Museum of Natural History; Desalle, Rob; Narechania, Apurva; Arizona State University; Wilson Sayres, Melissa A.; Boston College; Garrison, Erik P.; Broad Institute of MIT and Harvard; Handsaker, Robert E.; Kashin, Seva; McCarroll, Steven A.; Cornell University; Rodriguez-Flores, Juan L.; European Molecular Biology Laboratory, European Bioinformatics Institute; Flicek, Paul; Clarke, Laura; Zheng-Bradley, Xiangqun; New York Genome Center; Erlich, Yaniv; Gymrek, Melissa; Frederick Willems, Thomas; Stanford University; Bustamante, Carlos D.; Mendez, Fernando L.; David Poznik, G.; Underhill, Peter A.; The Jackson Laboratory for Genomic Medicine; Lee, Charles; Cerveira, Eliza; Malhotra, Ankit; Romanovitch, Mallory; Zhang, Chengsheng; University of Michigan; Abecasis, Gonçalo R.; University of Queensland; Coin, Lachlan; Shao, Haojing; Virginia Bioinformatics Institute; Mittelman, David; Wellcome Trust Sanger Institute; Tyler-Smith, Chris; Ayub, Qasim; Banerjee, Ruby; Cerezo, Maria; Chen, Yuan; Fitzgerald, Thomas W.; Louzada, Sandra; Massaia, Andrea; McCarthy, Shane; Ritchie, Graham R.; Xue, Yali; Yang, Fengtang; Data coordination center group; Baylor College of Medicine; Gibbs, Richard A.; Kovar, Christie; Kalra, Divya; Hale, Walker; Muzny, Donna; Reid, Jeffrey G.; BGI-Shenzhen; Wang, Jun; Dan, Xu; Guo, Xiaosen; Li, Guoqing; Li, Yingrui; Ye, Chen; Zheng, Xiaole; Broad Institute of MIT and Harvard; Altshuler, David M.; European Molecular Biology Laboratory, European Bioinformatics Institute; Flicek, Paul; Clarke, Laura; Zheng-Bradley, Xiangqun; Illumina; Bentley, David R.; Cox, Anthony; Humphray, Sean; Kahn, Scott; Max Planck Institute for Molecular Genetics; Sudbrak, Ralf; Albrecht, Marcus W.; Lienhard, Matthias; McDonnell Genome Institute at Washington University; Larson, David; Translational Genomics Research Institute; Craig, David W.; Izatt, Tyler; Kurdoglu, Ahmet A.; US National Institutes of Health; Sherry, Stephen T.; Xiao, Chunlin; University of California, Santa Cruz; Haussler, David; University of Michigan; Abecasis, Gonçalo R.; University of Oxford; McVean, Gil A.; Wellcome Trust Sanger Institute; Durbin, Richard M.; Balasubramaniam, Senduran; Keane, Thomas M.; McCarthy, Shane; Stalker, James; Samples and ELSI group; Chakravarti, Aravinda; Knoppers, Bartha M.; Abecasis, Gonçalo R.; Barnes, Kathleen C.; Beiswanger, Christine; Burchard, Esteban G.; Bustamante, Carlos D.; Cai, Hongyu; Cao, Hongzhi; Durbin, Richard M.; Gerry, Norman P.; Gharani, Neda; Gibbs, Richard A.; Gignoux, Christopher R.; Gravel, Simon; Henn, Brenna; Jones, Danielle; Jorde, Lynn; Kaye, Jane S.; Keinan, Alon; Kent, Alastair; Kerasidou, Angeliki; Li, Yingrui; Mathias, Rasika; McVean, Gil A.; Moreno-Estrada, Andres; Ossorio, Pilar N.; Parker, Michael; Resch, Alissa M.; Rotimi, Charles N.; Royal, Charmaine D.; Sandoval, Karla; Su, Yeyang; Sudbrak, Ralf; Tian, Zhongming; Tishkoff, Sarah; Toji, Lorraine H.; Tyler-Smith, Chris; Via, Marc; Wang, Yuhong; Yang, Huanming; Yang, Ling; Zhu, Jiayong; Sample collection; British from England and Scotland (GBR); Bodmer, Walter; Colombians in Medellín, Colombia (CLM); Bedoya, Gabriel; Ruiz-Linares, Andres; Han Chinese South (CHS); Cai, Zhiming; Gao, Yang; Chu, Jiayou; Finnish in Finland (FIN); Peltonen, Leena; Iberian Populations in Spain (IBS); Garcia-Montero, Andres; Orfao, Alberto; Puerto Ricans in Puerto Rico (PUR); Dutil, Julie; Martinez-Cruzado, Juan C.; Oleksyk, Taras K.; African Caribbean in Barbados (ACB); Barnes, Kathleen C.; Mathias, Rasika A.; Hennis, Anselm; Watson, Harold; McKenzie, Colin; Bengali in Bangladesh (BEB); Qadri, Firdausi; LaRocque, Regina; Sabeti, Pardis C.; Chinese Dai in Xishuangbanna, China (CDX); Zhu, Jiayong; Deng, Xiaoyan; Esan in Nigeria (ESN); Sabeti, Pardis C.; Asogun, Danny; Folarin, Onikepe; Happi, Christian; Omoniwa, Omonwunmi; Stremlau, Matt; Tariyal, Ridhi; Gambian in Western Division – Mandinka (GWD); Jallow, Muminatou; Sisay Joof, Fatoumatta; Corrah, Tumani; Rockett, Kirk; Kwiatkowski, Dominic; Indian Telugu in the UK (ITU) and Sri Lankan Tamil in the UK (STU); Kooner, Jaspal; Kinh in Ho Chi Minh City, Vietnam (KHV); Tịnh Hiê`n, Trâ`n; Dunstan, Sarah J.; Thuy Hang, Nguyen; Mende in Sierra Leone (MSL); Fonnie, Richard; Garry, Robert; Kanneh, Lansana; Moses, Lina; Sabeti, Pardis C.; Schieffelin, John; Grant, Donald S.; Peruvian in Lima, Peru (PEL); Gallo, Carla; Poletti, Giovanni; Punjabi in Lahore, Pakistan (PJL); Saleheen, Danish; Rasheed, Asif; Scientific management; Brooks, Lisa D.; Felsenfeld, Adam L.; McEwen, Jean E.; Vaydylevich, Yekaterina; Green, Eric D.; Duncanson, Audrey; Dunn, Michael; Schloss, Jeffery A.; Wang, Jun; Yang, Huanming; Writing group; Auton, Adam; Brooks, Lisa D.; Durbin, Richard M.; Garrison, Erik P.; Min Kang, Hyun; Korbel, Jan O.; Marchini, Jonathan L.; McCarthy, Shane; McVean, Gil A.; Abecasis, Gonçalo R.","A global reference for human genetic variation","Nature","","0028-0836, 1476-4687","10.1038/nature15393","https://www.nature.com/articles/nature15393","","2015-10-01","2026-04-03 02:05:27","2026-04-03 02:05:27","2026-04-03 02:05:27","68-74","","7571","526","","Nature","","","","","","","","en","","","","","DOI.org (Crossref)","","","","C:\Users\angel\Zotero\storage\PVISV4JF\The 1000 Genomes Project Consortium et al. - 2015 - A global reference for human genetic variation.pdf","","","","","","","","","","","","","","","","","","","","","","","","","","","","","","","","","","","","","","","","","","","","","","","","",""
"JYR46F8I","journalArticle","2020","Kidd, Kenneth K.; Pakstis, Andrew J.; Donnelly, Michael P.; Bulbul, Ozlem; Cherni, Lotfi; Gurkan, Cemal; Kang, Longli; Li, Hui; Yun, Libing; Paschou, Peristera; Meiklejohn, Kelly A.; Haigh, Eva; Speed, William C.","The distinctive geographic patterns of common pigmentation variants at the OCA2 gene","Scientific Reports","","2045-2322","10.1038/s41598-020-72262-6","https://www.nature.com/articles/s41598-020-72262-6","Abstract                            Oculocutaneous Albinism type 2 (               OCA2               ) is a gene of great interest because of genetic variation affecting normal pigmentation variation in humans. The diverse geographic patterns for variant frequencies at               OCA2               have been evident but have not been systematically investigated, especially outside of Europe. Here we examine population genetic variation in and near the               OCA2               gene from a worldwide perspective. The very different patterns of genetic variation found across world regions suggest strong selection effects may have been at work over time. For example, analyses involving the variants that affect pigmentation of the iris argue that the derived allele of the rs1800407 single nucleotide polymorphism, which produces a hypomorphic protein, may have contributed to the previously demonstrated positive selection in Europe for the enhancer variant responsible for light eye color. More study is needed on the relationships of the genetic variation at               OCA2               to variation in pigmentation in areas beyond Europe.","2020-09-22","2026-04-03 02:06:51","2026-04-03 02:06:51","2026-04-03 02:06:51","15433","","1","10","","Sci Rep","","","","","","","","en","","","","","DOI.org (Crossref)","","","","C:\Users\angel\Zotero\storage\2WN5855Z\Kidd et al. - 2020 - The distinctive geographic patterns of common pigmentation variants at the OCA2 gene.pdf","","","","","","","","","","","","","","","","","","","","","","","","","","","","","","","","","","","","","","","","","","","","","","","","",""
"PVIZ7GBD","journalArticle","2010","Edwards, Melissa; Bigham, Abigail; Tan, Jinze; Li, Shilin; Gozdzik, Agnes; Ross, Kendra; Jin, Li; Parra, Esteban J.","Association of the OCA2 Polymorphism His615Arg with Melanin Content in East Asian Populations: Further Evidence of Convergent Evolution of Skin Pigmentation","PLoS Genetics","","1553-7404","10.1371/journal.pgen.1000867","https://dx.plos.org/10.1371/journal.pgen.1000867","","2010-03-05","2026-04-03 02:07:49","2026-04-03 02:07:49","2026-04-03 02:07:49","e1000867","","3","6","","PLoS Genet","Association of the OCA2 Polymorphism His615Arg with Melanin Content in East Asian Populations","","","","","","","en","","","","","DOI.org (Crossref)","","","","C:\Users\angel\Zotero\storage\HDHI3LU4\Edwards et al. - 2010 - Association of the OCA2 Polymorphism His615Arg with Melanin Content in East Asian Populations Furth.pdf","","","","McVean, Gil","","","","","","","","","","","","","","","","","","","","","","","","","","","","","","","","","","","","","","","","","","","","",""
"GTUFTBKP","journalArticle","2017","Martin, Alicia R.; Lin, Meng; Granka, Julie M.; Myrick, Justin W.; Liu, Xiaomin; Sockell, Alexandra; Atkinson, Elizabeth G.; Werely, Cedric J.; Möller, Marlo; Sandhu, Manjinder S.; Kingsley, David M.; Hoal, Eileen G.; Liu, Xiao; Daly, Mark J.; Feldman, Marcus W.; Gignoux, Christopher R.; Bustamante, Carlos D.; Henn, Brenna M.","An Unexpectedly Complex Architecture for Skin Pigmentation in Africans","Cell","","00928674","10.1016/j.cell.2017.11.015","https://linkinghub.elsevier.com/retrieve/pii/S0092867417313247","","2017-11","2026-04-03 03:43:45","2026-04-03 03:43:45","2026-04-03 03:43:45","1340-1353.e14","","6","171","","Cell","","","","","","","","en","","","","","DOI.org (Crossref)","","","","C:\Users\angel\Zotero\storage\RDGULCIU\Martin et al. - 2017 - An Unexpectedly Complex Architecture for Skin Pigmentation in Africans.pdf","","","","","","","","","","","","","","","","","","","","","","","","","","","","","","","","","","","","","","","","","","","","","","","","",""
"WSN7SDM9","journalArticle","2017","Axen, Seth D.; Huang, Xi-Ping; Cáceres, Elena L.; Gendelev, Leo; Roth, Bryan L.; Keiser, Michael J.","A Simple Representation of Three-Dimensional Molecular Structure","Journal of Medicinal Chemistry","","0022-2623, 1520-4804","10.1021/acs.jmedchem.7b00696","https://pubs.acs.org/doi/10.1021/acs.jmedchem.7b00696","","2017-09-14","2026-04-07 00:34:45","2026-04-07 00:34:45","2026-04-07 00:34:45","7393-7409","","17","60","","J. Med. Chem.","","","","","","","","en","","","","","DOI.org (Crossref)","","","","","","","","","","","","","","","","","","","","","","","","","","","","","","","","","","","","","","","","","","","","","","","","","","","","",""
"ZZD3LQ6Z","journalArticle","2018","Yim, Dong-Seok","Five years of the CiPA project (2013–2018): what did we learn?","Translational and Clinical Pharmacology","","2289-0882, 2383-5427","10.12793/tcp.2018.26.4.145","https://tcpharm.org/DOIx.php?id=10.12793/tcp.2018.26.4.145","","2018","2026-04-07 00:35:29","2026-04-07 00:35:29","2026-04-07 00:35:29","145","","4","26","","Transl Clin Pharmacol","Five years of the CiPA project (2013–2018)","","","","","","","en","","","","","DOI.org (Crossref)","","","","C:\Users\angel\Zotero\storage\K8EBTKUW\Yim - 2018 - Five years of the CiPA project (2013–2018) what did we learn.pdf","","","","","","","","","","","","","","","","","","","","","","","","","","","","","","","","","","","","","","","","","","","","","","","","",""
"EMIH2P52","journalArticle","2021","Clarke, Zoe A.; Andrews, Tallulah S.; Atif, Jawairia; Pouyabahar, Delaram; Innes, Brendan T.; MacParland, Sonya A.; Bader, Gary D.","Tutorial: guidelines for annotating single-cell transcriptomic maps using automated and manual methods","Nature Protocols","","1754-2189, 1750-2799","10.1038/s41596-021-00534-0","https://www.nature.com/articles/s41596-021-00534-0","","2021-06","2026-04-14 02:11:56","2026-04-14 02:11:56","2026-04-14 02:11:56","2749-2764","","6","16","","Nat Protoc","Tutorial","","","","","","","en","","","","","DOI.org (Crossref)","","","","","","","","","","","","","","","","","","","","","","","","","","","","","","","","","","","","","","","","","","","","","","","","","","","","",""
"UEL9IIC6","journalArticle","2009","Ko, Ya‐Chen; Chien, Hsiung‐Fei; Jiang‐Shieh, Ya‐Fen; Chang, Chiu‐Yun; Pai, Man‐Hui; Huang, Jian‐Pei; Chen, Hui‐Min; Wu, Ching‐Hsiang","Endothelial CD200 is heterogeneously distributed, regulated and involved in immune cell–endothelium interactions","Journal of Anatomy","","0021-8782, 1469-7580","10.1111/j.1469-7580.2008.00986.x","https://onlinelibrary.wiley.com/doi/10.1111/j.1469-7580.2008.00986.x","Abstract                            CD200 is a highly glycosylated cell surface protein containing two immunoglobulin superfamily domains in the extracellular region and performs immunosuppressive activities. It is widely distributed in various tissues including the vascular endothelium. We report here the distribution of CD200 in rat endothelia from different vascular beds. Endothelial CD200 immunoreactivity was weakly expressed in most arteries but was intensely expressed in the arterioles, most veins and venules, as well as continuous and fenestrated capillaries. The distribution of CD200 in the sinusoidal and lymphatic endothelia was variable. Immunoelectron microscopic studies revealed that endothelial CD200 varied considerably not only in different microvasculatures but also in the membrane domains at the subcellular level. Endothelial CD200 expression was differentially regulated by lipopolysaccharide in cell types both               in vivo               and               in vitro               . Functional assessments of endothelial CD200 suggested that the physical binding between CD200 and CD200 receptor (CD200R) was involved in T‐cell adhesion to the endothelium but not in macrophage–endothelium interaction. In the latter, however, CD200 agonist, a synthetic peptide from complementarity‐determining region 3 of mouse CD200, may trigger CD200R signaling in macrophages to suppress their adhesion to the endothelium. Our findings demonstrate that the distribution, subcellular localization, and lipopolysaccharide‐regulation of endothelial CD200 are heterogeneous, and provide evidence elucidating the functional roles of endothelial CD200 during tissue inflammation.","2009-01","2026-04-14 02:14:49","2026-04-14 02:14:49","2026-04-14 02:14:49","183-195","","1","214","","Journal of Anatomy","","","","","","","","en","","","","","DOI.org (Crossref)","","","","","","","","","","","","","","","","","","","","","","","","","","","","","","","","","","","","","","","","","","","","","","","","","","","","",""
"VVLAAUA5","journalArticle","2013","Kitagawa, Masashi; Hojo, Masato; Imayoshi, Itaru; Goto, Masanori; Ando, Mitsushige; Ohtsuka, Toshiyuki; Kageyama, Ryoichiro; Miyamoto, Susumu","Hes1 and Hes5 regulate vascular remodeling and arterial specification of endothelial cells in brain vascular development","Mechanisms of Development","","09254773","10.1016/j.mod.2013.07.001","https://linkinghub.elsevier.com/retrieve/pii/S0925477313000567","","2013-09","2026-04-14 02:15:34","2026-04-14 02:15:34","2026-04-14 02:15:34","458-466","","9-10","130","","Mechanisms of Development","","","","","","","","en","https://www.elsevier.com/tdm/userlicense/1.0/","","","","DOI.org (Crossref)","","","","","","","","","","","","","","","","","","","","","","","","","","","","","","","","","","","","","","","","","","","","","","","","","","","","",""
"HMKTS6DT","journalArticle","2020","Kalucka, Joanna; De Rooij, Laura P.M.H.; Goveia, Jermaine; Rohlenova, Katerina; Dumas, Sébastien J.; Meta, Elda; Conchinha, Nadine V.; Taverna, Federico; Teuwen, Laure-Anne; Veys, Koen; García-Caballero, Melissa; Khan, Shawez; Geldhof, Vincent; Sokol, Liliana; Chen, Rongyuan; Treps, Lucas; Borri, Mila; De Zeeuw, Pauline; Dubois, Charlotte; Karakach, Tobias K.; Falkenberg, Kim D.; Parys, Magdalena; Yin, Xiangke; Vinckier, Stefan; Du, Yuxiang; Fenton, Robert A.; Schoonjans, Luc; Dewerchin, Mieke; Eelen, Guy; Thienpont, Bernard; Lin, Lin; Bolund, Lars; Li, Xuri; Luo, Yonglun; Carmeliet, Peter","Single-Cell Transcriptome Atlas of Murine Endothelial Cells","Cell","","00928674","10.1016/j.cell.2020.01.015","https://linkinghub.elsevier.com/retrieve/pii/S0092867420300623","","2020-02","2026-04-14 02:16:44","2026-04-14 02:16:44","2026-04-14 02:16:44","764-779.e20","","4","180","","Cell","","","","","","","","en","","","","","DOI.org (Crossref)","","","","C:\Users\angel\Zotero\storage\KDXQTDAU\Kalucka et al. - 2020 - Single-Cell Transcriptome Atlas of Murine Endothelial Cells.pdf","","","","","","","","","","","","","","","","","","","","","","","","","","","","","","","","","","","","","","","","","","","","","","","","",""
"MX4DITG3","journalArticle","2013","Fujioka, Yoichiro; Tsuda, Masumi; Nanbo, Asuka; Hattori, Tomoe; Sasaki, Junko; Sasaki, Takehiko; Miyazaki, Tadaaki; Ohba, Yusuke","A Ca2+-dependent signalling circuit regulates influenza A virus internalization and infection","Nature Communications","","2041-1723","10.1038/ncomms3763","https://www.nature.com/articles/ncomms3763","","2013-11-14","2026-04-14 02:19:42","2026-04-14 02:19:42","2026-04-14 02:19:42","2763","","1","4","","Nat Commun","","","","","","","","en","","","","","DOI.org (Crossref)","","","","C:\Users\angel\Zotero\storage\VCZ5VMNS\Fujioka et al. - 2013 - A Ca2+-dependent signalling circuit regulates influenza A virus internalization and infection.pdf","","","","","","","","","","","","","","","","","","","","","","","","","","","","","","","","","","","","","","","","","","","","","","","","",""
"SLTTA5IJ","journalArticle","2021","Ren, Lehao; Zhang, Wanju; Zhang, Jing; Zhang, Jiaxiang; Zhang, Huiying; Zhu, Yong; Meng, Xiaoxiao; Yi, Zhigang; Wang, Ruilan","Influenza A Virus (H1N1) Infection Induces Glycolysis to Facilitate Viral Replication","Virologica Sinica","","1674-0769, 1995-820X","10.1007/s12250-021-00433-4","https://link.springer.com/10.1007/s12250-021-00433-4","Abstract             Viruses depend on host cellular metabolism to provide the energy and biosynthetic building blocks required for their replication. In this study, we observed that influenza A virus (H1N1), a single-stranded, negative-sense RNA virus with an eight-segmented genome, enhanced glycolysis both in mouse lung tissues and in human lung epithelial (A549) cells. In detail, the expression of hexokinase 2 (HK2), the first enzyme in glycolysis, was upregulated in H1N1-infected A549 cells, and the expression of pyruvate kinase M2 (PKM2) and pyruvate dehydrogenase kinase 3 (PDK3) was upregulated in H1N1-infected mouse lung tissues. Pharmacologically inhibiting the glycolytic pathway or targeting hypoxia-inducible factor 1 (HIF-1), the central transcriptional factor critical for glycolysis, significantly reduced H1N1 replication, revealing a requirement for glycolysis during H1N1 infection. In addition, pharmacologically enhancing the glycolytic pathway further promoted H1N1 replication. Furthermore, the change of H1N1 replication upon glycolysis inhibition or enhancement was independent of interferon signaling. Taken together, these findings suggest that influenza A virus induces the glycolytic pathway and thus facilitates efficient viral replication. This study raises the possibility that metabolic inhibitors, such as those that target glycolysis, could be used to treat influenza A virus infection in the future.","2021-12","2026-04-14 02:23:03","2026-04-14 02:23:03","2026-04-14 02:23:03","1532-1542","","6","36","","Virol. Sin.","","","","","","","","en","","","","","DOI.org (Crossref)","","","","C:\Users\angel\Zotero\storage\42NU5AHK\Ren et al. - 2021 - Influenza A Virus (H1N1) Infection Induces Glycolysis to Facilitate Viral Replication.pdf","","","","","","","","","","","","","","","","","","","","","","","","","","","","","","","","","","","","","","","","","","","","","","","","",""
"RZVQ22XI","journalArticle","2023","Foo, Cheng Xiang; Bartlett, Stacey; Chew, Keng Yih; Ngo, Minh Dao; Bielefeldt-Ohmann, Helle; Arachchige, Buddhika Jayakody; Matthews, Benjamin; Reed, Sarah; Wang, Ran; Smith, Christian; Sweet, Matthew J.; Burr, Lucy; Bisht, Kavita; Shatunova, Svetlana; Sinclair, Jane E.; Parry, Rhys; Yang, Yuanhao; Lévesque, Jean-Pierre; Khromykh, Alexander; Rosenkilde, Mette Marie; Short, Kirsty R.; Ronacher, Katharina","GPR183 antagonism reduces macrophage infiltration in influenza and SARS-CoV-2 infection","European Respiratory Journal","","0903-1936, 1399-3003","10.1183/13993003.01306-2022","https://publications.ersnet.org/lookup/doi/10.1183/13993003.01306-2022","Rationale               Severe viral respiratory infections are often characterised by extensive myeloid cell infiltration and activation and persistent lung tissue injury. However, the immunological mechanisms driving excessive inflammation in the lung remain poorly understood.                                         Objectives               To identify the mechanisms that drive immune cell recruitment in the lung during viral respiratory infections and identify novel drug targets to reduce inflammation and disease severity.                                         Methods               Preclinical murine models of influenza A virus and severe acute respiratory syndrome coronavirus 2 (SARS-CoV-2) infection.                                         Results                                Oxidised cholesterols and the oxysterol-sensing receptor GPR183 were identified as drivers of monocyte/macrophage infiltration to the lung during influenza A virus (IAV) and SARS-CoV-2 infection. Both IAV and SARS-CoV-2 infection upregulated the enzymes cholesterol 25-hydroxylase (CH25H) and cytochrome P450 family 7 subfamily member B1 (CYP7B1) in the lung, resulting in local production of the oxidised cholesterols 25-hydroxycholesterol (25-OHC) and 7α,25-dihydroxycholesterol (7α,25-OHC). Loss-of-function mutation of Gpr183 or treatment with a GPR183 antagonist reduced macrophage infiltration and inflammatory cytokine production in the lungs of IAV- or SARS-CoV-2-infected mice. The GPR183 antagonist significantly attenuated the severity of SARS-CoV-2 infection and viral loads. Analysis of single-cell RNA-sequencing data on bronchoalveolar lavage samples from healthy controls and COVID-19 patients with moderate and severe disease revealed that                 CH25H                 ,                 CYP7B1                 and                 GPR183                 are significantly upregulated in macrophages during COVID-19.                                                        Conclusion                                This study demonstrates that oxysterols drive inflammation in the lung                 via                 GPR183 and provides the first preclinical evidence for the therapeutic benefit of targeting GPR183 during severe viral respiratory infections.","2023-03","2026-04-14 02:23:30","2026-04-14 02:23:30","2026-04-14 02:23:30","2201306","","3","61","","Eur Respir J","","","","","","","","en","","","","","DOI.org (Crossref)","","","","C:\Users\angel\Zotero\storage\AHBAX7YA\Foo et al. - 2023 - GPR183 antagonism reduces macrophage infiltration in influenza and SARS-CoV-2 infection.pdf","","","","","","","","","","","","","","","","","","","","","","","","","","","","","","","","","","","","","","","","","","","","","","","","",""
"BUR5ZWLS","journalArticle","2015","Kierdorf, Katrin; Prinz, Marco; Geissmann, Frederic; Gomez Perdiguero, Elisa","Development and function of tissue resident macrophages in mice","Seminars in Immunology","","10445323","10.1016/j.smim.2016.03.017","https://linkinghub.elsevier.com/retrieve/pii/S1044532316000245","","2015-12","2026-04-14 02:24:52","2026-04-14 02:24:52","2026-04-14 02:24:52","369-378","","6","27","","Seminars in Immunology","","","","","","","","en","","","","","DOI.org (Crossref)","","","","","","","","","","","","","","","","","","","","","","","","","","","","","","","","","","","","","","","","","","","","","","","","","","","","",""
"HEU3VIFI","journalArticle","2021","Geistlinger, Ludwig; Csaba, Gergely; Santarelli, Mara; Ramos, Marcel; Schiffer, Lucas; Turaga, Nitesh; Law, Charity; Davis, Sean; Carey, Vincent; Morgan, Martin; Zimmer, Ralf; Waldron, Levi","Toward a gold standard for benchmarking gene set enrichment analysis","Briefings in Bioinformatics","","1477-4054","10.1093/bib/bbz158","https://academic.oup.com/bib/article/22/1/545/5722384","Abstract                            Motivation               Although gene set enrichment analysis has become an integral part of high-throughput gene expression data analysis, the assessment of enrichment methods remains rudimentary and ad hoc. In the absence of suitable gold standards, evaluations are commonly restricted to selected datasets and biological reasoning on the relevance of resulting enriched gene sets.                                         Results               We develop an extensible framework for reproducible benchmarking of enrichment methods based on defined criteria for applicability, gene set prioritization and detection of relevant processes. This framework incorporates a curated compendium of 75 expression datasets investigating 42 human diseases. The compendium features microarray and RNA-seq measurements, and each dataset is associated with a precompiled GO/KEGG relevance ranking for the corresponding disease under investigation. We perform a comprehensive assessment of 10 major enrichment methods, identifying significant differences in runtime and applicability to RNA-seq data, fraction of enriched gene sets depending on the null hypothesis tested and recovery of the predefined relevance rankings. We make practical recommendations on how methods originally developed for microarray data can efficiently be applied to RNA-seq data, how to interpret results depending on the type of gene set test conducted and which methods are best suited to effectively prioritize gene sets with high phenotype relevance.                                         Availability               http://bioconductor.org/packages/GSEABenchmarkeR                                         Contact               ludwig.geistlinger@sph.cuny.edu","2021-01-18","2026-04-14 02:25:37","2026-04-14 02:25:37","2026-04-14 02:25:37","545-556","","1","22","","","","","","","","","","en","http://creativecommons.org/licenses/by/4.0/","","","","DOI.org (Crossref)","","","","","","","","","","","","","","","","","","","","","","","","","","","","","","","","","","","","","","","","","","","","","","","","","","","","",""
"PLWPHZY9","journalArticle","2005","Subramanian, Aravind; Tamayo, Pablo; Mootha, Vamsi K.; Mukherjee, Sayan; Ebert, Benjamin L.; Gillette, Michael A.; Paulovich, Amanda; Pomeroy, Scott L.; Golub, Todd R.; Lander, Eric S.; Mesirov, Jill P.","Gene set enrichment analysis: A knowledge-based approach for interpreting genome-wide expression profiles","Proceedings of the National Academy of Sciences","","0027-8424, 1091-6490","10.1073/pnas.0506580102","https://pnas.org/doi/full/10.1073/pnas.0506580102","Although genomewide RNA expression analysis has become a routine tool in biomedical research, extracting biological insight from such information remains a major challenge. Here, we describe a powerful analytical method called Gene Set Enrichment Analysis (GSEA) for interpreting gene expression data. The method derives its power by focusing on gene sets, that is, groups of genes that share common biological function, chromosomal location, or regulation. We demonstrate how GSEA yields insights into several cancer-related data sets, including leukemia and lung cancer. Notably, where single-gene analysis finds little similarity between two independent studies of patient survival in lung cancer, GSEA reveals many biological pathways in common. The GSEA method is embodied in a freely available software package, together with an initial database of 1,325 biologically defined gene sets.","2005-10-25","2026-04-14 02:26:34","2026-04-14 02:26:34","2026-04-14 02:26:34","15545-15550","","43","102","","Proc. Natl. Acad. Sci. U.S.A.","Gene set enrichment analysis","","","","","","","en","","","","","DOI.org (Crossref)","","","","","","","","","","","","","","","","","","","","","","","","","","","","","","","","","","","","","","","","","","","","","","","","","","","","",""
"ZAU53DB2","journalArticle","2022","Murphy, Alan E.; Skene, Nathan G.","A balanced measure shows superior performance of pseudobulk methods in single-cell RNA-sequencing analysis","Nature Communications","","2041-1723","10.1038/s41467-022-35519-4","https://www.nature.com/articles/s41467-022-35519-4","","2022-12-22","2026-04-14 02:32:40","2026-04-14 02:32:40","2026-04-14 02:32:40","7851","","1","13","","Nat Commun","","","","","","","","en","","","","","DOI.org (Crossref)","","","","C:\Users\angel\Zotero\storage\M67YHBHM\Murphy and Skene - 2022 - A balanced measure shows superior performance of pseudobulk methods in single-cell RNA-sequencing an.pdf","","","","","","","","","","","","","","","","","","","","","","","","","","","","","","","","","","","","","","","","","","","","","","","","",""
"AUCBLFZY","journalArticle","2021","Zimmerman, Kip D.; Espeland, Mark A.; Langefeld, Carl D.","A practical solution to pseudoreplication bias in single-cell studies","Nature Communications","","2041-1723","10.1038/s41467-021-21038-1","https://www.nature.com/articles/s41467-021-21038-1","Abstract             Cells from the same individual share common genetic and environmental backgrounds and are not statistically independent; therefore, they are subsamples or pseudoreplicates. Thus, single-cell data have a hierarchical structure that many current single-cell methods do not address, leading to biased inference, highly inflated type 1 error rates, and reduced robustness and reproducibility. This includes methods that use a batch effect correction for individual as a means of accounting for within-sample correlation. Here, we document this dependence across a range of cell types and show that pseudo-bulk aggregation methods are conservative and underpowered relative to mixed models. To compute differential expression within a specific cell type across treatment groups, we propose applying generalized linear mixed models with a random effect for individual, to properly account for both zero inflation and the correlation structure among measures from cells within an individual. Finally, we provide power estimates across a range of experimental conditions to assist researchers in designing appropriately powered studies.","2021-02-02","2026-04-14 02:33:48","2026-04-14 02:33:48","2026-04-14 02:33:48","738","","1","12","","Nat Commun","","","","","","","","en","","","","","DOI.org (Crossref)","","","","C:\Users\angel\Zotero\storage\DJHFWISM\Zimmerman et al. - 2021 - A practical solution to pseudoreplication bias in single-cell studies.pdf","","","","","","","","","","","","","","","","","","","","","","","","","","","","","","","","","","","","","","","","","","","","","","","","",""
"CLWF6UB6","journalArticle","2015","Finak, Greg; McDavid, Andrew; Yajima, Masanao; Deng, Jingyuan; Gersuk, Vivian; Shalek, Alex K.; Slichter, Chloe K.; Miller, Hannah W.; McElrath, M. Juliana; Prlic, Martin; Linsley, Peter S.; Gottardo, Raphael","MAST: a flexible statistical framework for assessing transcriptional changes and characterizing heterogeneity in single-cell RNA sequencing data","Genome Biology","","1474-760X","10.1186/s13059-015-0844-5","https://genomebiology.biomedcentral.com/articles/10.1186/s13059-015-0844-5","","2015-12","2026-04-14 02:35:06","2026-04-14 02:35:06","2026-04-14 02:35:06","278","","1","16","","Genome Biol","MAST","","","","","","","en","","","","","DOI.org (Crossref)","","","","C:\Users\angel\Zotero\storage\7BVUNDA9\Finak et al. - 2015 - MAST a flexible statistical framework for assessing transcriptional changes and characterizing hete.pdf","","","","","","","","","","","","","","","","","","","","","","","","","","","","","","","","","","","","","","","","","","","","","","","","",""
"YRQ4JGX4","journalArticle","2014","Love, Michael I; Huber, Wolfgang; Anders, Simon","Moderated estimation of fold change and dispersion for RNA-seq data with DESeq2","Genome Biology","","1474-760X","10.1186/s13059-014-0550-8","https://genomebiology.biomedcentral.com/articles/10.1186/s13059-014-0550-8","Abstract                            In comparative high-throughput sequencing assays, a fundamental task is the analysis of count data, such as read counts per gene in RNA-seq, for evidence of systematic changes across experimental conditions. Small replicate numbers, discreteness, large dynamic range and the presence of outliers require a suitable statistical approach. We present               DESeq2               , a method for differential analysis of count data, using shrinkage estimation for dispersions and fold changes to improve stability and interpretability of estimates. This enables a more quantitative analysis focused on the strength rather than the mere presence of differential expression. The               DESeq2               package is available at               http://www.bioconductor.org/packages/release/bioc/html/DESeq2.html               .","2014-12-05","2026-04-14 02:36:39","2026-04-14 02:36:39","2026-04-14 02:36:39","550","","12","15","","Genome Biol","","","","","","","","en","","","","","DOI.org (Crossref)","","","","C:\Users\angel\Zotero\storage\7XVCHDPL\Love et al. - 2014 - Moderated estimation of fold change and dispersion for RNA-seq data with DESeq2.pdf","","","","","","","","","","","","","","","","","","","","","","","","","","","","","","","","","","","","","","","","","","","","","","","","",""
"YXG5JKWA","journalArticle","2019","Stuart, Tim; Butler, Andrew; Hoffman, Paul; Hafemeister, Christoph; Papalexi, Efthymia; Mauck, William M.; Hao, Yuhan; Stoeckius, Marlon; Smibert, Peter; Satija, Rahul","Comprehensive Integration of Single-Cell Data","Cell","","00928674","10.1016/j.cell.2019.05.031","https://linkinghub.elsevier.com/retrieve/pii/S0092867419305598","","2019-06","2026-04-14 02:38:07","2026-04-14 02:38:07","2026-04-14 02:38:07","1888-1902.e21","","7","177","","Cell","","","","","","","","en","","","","","DOI.org (Crossref)","","","","C:\Users\angel\Zotero\storage\NR47PX2A\Stuart et al. - 2019 - Comprehensive Integration of Single-Cell Data.pdf","","","","","","","","","","","","","","","","","","","","","","","","","","","","","","","","","","","","","","","","","","","","","","","","",""
"97X6VBBZ","journalArticle","2021","Huang, Qianhui; Liu, Yu; Du, Yuheng; Garmire, Lana X.","Evaluation of Cell Type Annotation R Packages on Single-Cell RNA-Seq Data","Genomics, Proteomics & Bioinformatics","","1672-0229, 2210-3244","10.1016/j.gpb.2020.07.004","https://academic.oup.com/gpb/article/19/2/267/7229882","Abstract             Annotating cell types is a critical step in single-cell RNA sequencing (scRNA-seq) data analysis. Some supervised or semi-supervised classification methods have recently emerged to enable automated cell type identification. However, comprehensive evaluations of these methods are lacking. Moreover, it is not clear whether some classification methods originally designed for analyzing other bulk omics data are adaptable to scRNA-seq analysis. In this study, we evaluated ten cell type annotation methods publicly available as R packages. Eight of them are popular methods developed specifically for single-cell research, including Seurat, scmap, SingleR, CHETAH, SingleCellNet, scID, Garnett, and SCINA. The other two methods were repurposed from deconvoluting DNA methylation data, i.e., linear constrained projection (CP) and robust partial correlations (RPC). We conducted systematic comparisons on a wide variety of public scRNA-seq datasets as well as simulation data. We assessed the accuracy through intra-dataset and inter-dataset predictions; the robustness over practical challenges such as gene filtering, high similarity among cell types, and increased cell type classes; as well as the detection of rare and unknown cell types. Overall, methods such as Seurat, SingleR, CP, RPC, and SingleCellNet performed well, with Seurat being the best at annotating major cell types. Additionally, Seurat, SingleR, CP, and RPC were more robust against downsampling. However, Seurat did have a major drawback at predicting rare cell populations, and it was suboptimal at differentiating cell types highly similar to each other, compared to SingleR and RPC. All the code and data are available from https://github.com/qianhuiSenn/scRNA_cell_deconv_benchmark.","2021-04-01","2026-04-14 02:40:31","2026-04-14 02:40:31","2026-04-14 02:40:31","267-281","","2","19","","","","","","","","","","en","https://creativecommons.org/licenses/by/4.0/","","","","DOI.org (Crossref)","","","","","","","","","","","","","","","","","","","","","","","","","","","","","","","","","","","","","","","","","","","","","","","","","","","","",""
"R3HLRG4N","journalArticle","2024","Hao, Yuhan; Stuart, Tim; Kowalski, Madeline H.; Choudhary, Saket; Hoffman, Paul; Hartman, Austin; Srivastava, Avi; Molla, Gesmira; Madad, Shaista; Fernandez-Granda, Carlos; Satija, Rahul","Dictionary learning for integrative, multimodal and scalable single-cell analysis","Nature Biotechnology","","1087-0156, 1546-1696","10.1038/s41587-023-01767-y","https://www.nature.com/articles/s41587-023-01767-y","","2024-02","2026-04-14 02:43:40","2026-04-14 02:43:40","2026-04-14 02:43:40","293-304","","2","42","","Nat Biotechnol","","","","","","","","en","","","","","DOI.org (Crossref)","","","","","","","","","","","","","","","","","","","","","","","","","","","","","","","","","","","","","","","","","","","","","","","","","","","","",""
"7UUAFIQ2","journalArticle","2024","Kazer, Samuel W.; Match, Colette Matysiak; Langan, Erica M.; Messou, Marie-Angèle; LaSalle, Thomas J.; O’Leary, Elise; Marbourg, Jessica; Naughton, Katherine; Von Andrian, Ulrich H.; Ordovas-Montanes, Jose","Primary nasal influenza infection rewires tissue-scale memory response dynamics","Immunity","","10747613","10.1016/j.immuni.2024.06.005","https://linkinghub.elsevier.com/retrieve/pii/S107476132400311X","","2024-08","2026-04-14 02:45:02","2026-04-14 02:45:02","2026-04-14 02:45:02","1955-1974.e8","","8","57","","Immunity","","","","","","","","en","","","","","DOI.org (Crossref)","","","","","","","","","","","","","","","","","","","","","","","","","","","","","","","","","","","","","","","","","","","","","","","","","","","","",""
"ZG98UYG8","journalArticle","2021","Mifsud, Edin J.; Kuba, Miku; Barr, Ian G.","Innate Immune Responses to Influenza Virus Infections in the Upper Respiratory Tract","Viruses","","1999-4915","10.3390/v13102090","https://www.mdpi.com/1999-4915/13/10/2090","The innate immune system is the host’s first line of immune defence against any invading pathogen. To establish an infection in a human host the influenza virus must replicate in epithelial cells of the upper respiratory tract. However, there are several innate immune mechanisms in place to stop the virus from reaching epithelial cells. In addition to limiting viral replication and dissemination, the innate immune system also activates the adaptive immune system leading to viral clearance, enabling the respiratory system to return to normal homeostasis. However, an overzealous innate immune system or adaptive immune response can be associated with immunopathology and aid secondary bacterial infections of the lower respiratory tract leading to pneumonia. In this review, we discuss the mechanisms utilised by the innate immune system to limit influenza virus replication and the damage caused by influenza viruses on the respiratory tissues and how these very same protective immune responses can cause immunopathology.","2021-10-17","2026-04-14 02:47:12","2026-04-14 02:47:12","2026-04-14 02:47:12","2090","","10","13","","Viruses","","","","","","","","en","","","","","DOI.org (Crossref)","","","","C:\Users\angel\Zotero\storage\XR5YBYBE\Mifsud et al. - 2021 - Innate Immune Responses to Influenza Virus Infections in the Upper Respiratory Tract.pdf","","","","","","","","","","","","","","","","","","","","","","","","","","","","","","","","","","","","","","","","","","","","","","","","",""
"8QLXEJW6","journalArticle","2010","Boucrot, Emmanuel; Saffarian, Saveez; Zhang, Rongying; Kirchhausen, Tomas","Roles of AP-2 in Clathrin-Mediated Endocytosis","PLoS ONE","","1932-6203","10.1371/journal.pone.0010597","https://dx.plos.org/10.1371/journal.pone.0010597","","2010-05-12","2026-04-14 02:51:30","2026-04-14 02:51:30","2026-04-14 02:51:30","e10597","","5","5","","PLoS ONE","","","","","","","","en","","","","","DOI.org (Crossref)","","","","C:\Users\angel\Zotero\storage\MDQR49XQ\Boucrot et al. - 2010 - Roles of AP-2 in Clathrin-Mediated Endocytosis.pdf","","","","Steinhardt, Richard","","","","","","","","","","","","","","","","","","","","","","","","","","","","","","","","","","","","","","","","","","","","",""
"F25PKNTE","journalArticle","2019","Korsunsky, Ilya; Millard, Nghia; Fan, Jean; Slowikowski, Kamil; Zhang, Fan; Wei, Kevin; Baglaenko, Yuriy; Brenner, Michael; Loh, Po-ru; Raychaudhuri, Soumya","Fast, sensitive and accurate integration of single-cell data with Harmony","Nature Methods","","1548-7091, 1548-7105","10.1038/s41592-019-0619-0","https://www.nature.com/articles/s41592-019-0619-0","","2019-12","2026-04-14 02:55:24","2026-04-14 02:55:24","2026-04-14 02:55:24","1289-1296","","12","16","","Nat Methods","","","","","","","","en","","","","","DOI.org (Crossref)","","","","","","","","","","","","","","","","","","","","","","","","","","","","","","","","","","","","","","","","","","","","","","","","","","","","",""
"VGYAVTT7","journalArticle","2019","Zhu, Anqi; Ibrahim, Joseph G; Love, Michael I","Heavy-tailed prior distributions for sequence count data: removing the noise and preserving large differences","Bioinformatics","","1367-4803, 1367-4811","10.1093/bioinformatics/bty895","https://academic.oup.com/bioinformatics/article/35/12/2084/5159452","Abstract                            Motivation               In RNA-seq differential expression analysis, investigators aim to detect those genes with changes in expression level across conditions, despite technical and biological variability in the observations. A common task is to accurately estimate the effect size, often in terms of a logarithmic fold change (LFC).                                         Results               When the read counts are low or highly variable, the maximum likelihood estimates for the LFCs has high variance, leading to large estimates not representative of true differences, and poor ranking of genes by effect size. One approach is to introduce filtering thresholds and pseudocounts to exclude or moderate estimated LFCs. Filtering may result in a loss of genes from the analysis with true differences in expression, while pseudocounts provide a limited solution that must be adapted per dataset. Here, we propose the use of a heavy-tailed Cauchy prior distribution for effect sizes, which avoids the use of filter thresholds or pseudocounts. The proposed method, Approximate Posterior Estimation for generalized linear model, apeglm, has lower bias than previously proposed shrinkage estimators, while still reducing variance for those genes with little information for statistical inference.                                         Availability and implementation               The apeglm package is available as an R/Bioconductor package at https://bioconductor.org/packages/apeglm, and the methods can be called from within the DESeq2 software.                                         Supplementary information               Supplementary data are available at Bioinformatics online.","2019-06-01","2026-04-14 02:56:57","2026-04-14 02:56:57","2026-04-14 02:56:57","2084-2092","","12","35","","","Heavy-tailed prior distributions for sequence count data","","","","","","","en","http://creativecommons.org/licenses/by-nc/4.0/","","","","DOI.org (Crossref)","","","","","","","","Stegle, Oliver","","","","","","","","","","","","","","","","","","","","","","","","","","","","","","","","","","","","","","","","","","","","",""
"FNXHAJCH","computerProgram","2017","Carlson, Marc","org.Mm.eg.db","","","","10.18129/B9.BIOC.ORG.MM.EG.DB","https://bioconductor.org/packages/org.Mm.eg.db","","2017","2026-04-14 02:58:54","2026-04-14 02:58:54","2026-04-14 02:58:54","","","","","","","","","","","","Bioconductor","","","","","","","DOI.org (Datacite)","","","","","","","","","","","","","","","","","","","","","","","","","","","","","","","","","","","","","","","","","","","","","","","","","","","","",""
"PNEC8M3J","journalArticle","2024","Xu, Shuangbin; Hu, Erqiang; Cai, Yantong; Xie, Zijing; Luo, Xiao; Zhan, Li; Tang, Wenli; Wang, Qianwen; Liu, Bingdong; Wang, Rui; Xie, Wenqin; Wu, Tianzhi; Xie, Liwei; Yu, Guangchuang","Using clusterProfiler to characterize multiomics data","Nature Protocols","","1754-2189, 1750-2799","10.1038/s41596-024-01020-z","https://www.nature.com/articles/s41596-024-01020-z","","2024-11","2026-04-14 02:59:40","2026-04-14 02:59:40","2026-04-14 02:59:40","3292-3320","","11","19","","Nat Protoc","","","","","","","","en","","","","","DOI.org (Crossref)","","","","","","","","","","","","","","","","","","","","","","","","","","","","","","","","","","","","","","","","","","","","","","","","","","","","",""
"DZBVBP46","journalArticle","2012","Galar, M.; Fernandez, A.; Barrenechea, E.; Bustince, H.; Herrera, F.","A Review on Ensembles for the Class Imbalance Problem: Bagging-, Boosting-, and Hybrid-Based Approaches","IEEE Transactions on Systems, Man, and Cybernetics, Part C (Applications and Reviews)","","1094-6977, 1558-2442","10.1109/TSMCC.2011.2161285","http://ieeexplore.ieee.org/document/5978225/","","2012-07","2026-04-17 20:43:54","2026-04-17 20:43:54","2026-04-17 20:43:54","463-484","","4","42","","IEEE Trans. Syst., Man, Cybern. C","A Review on Ensembles for the Class Imbalance Problem","","","","","","","","https://ieeexplore.ieee.org/Xplorehelp/downloads/license-information/IEEE.html","","","","DOI.org (Crossref)","","","","","","","","","","","","","","","","","","","","","","","","","","","","","","","","","","","","","","","","","","","","","","","","","","","","",""
"HLX3FB4Z","journalArticle","2023","Thölke, Philipp; Mantilla-Ramos, Yorguin-Jose; Abdelhedi, Hamza; Maschke, Charlotte; Dehgan, Arthur; Harel, Yann; Kemtur, Anirudha; Mekki Berrada, Loubna; Sahraoui, Myriam; Young, Tammy; Bellemare Pépin, Antoine; El Khantour, Clara; Landry, Mathieu; Pascarella, Annalisa; Hadid, Vanessa; Combrisson, Etienne; O’Byrne, Jordan; Jerbi, Karim","Class imbalance should not throw you off balance: Choosing the right classifiers and performance metrics for brain decoding with imbalanced data","NeuroImage","","10538119","10.1016/j.neuroimage.2023.120253","https://linkinghub.elsevier.com/retrieve/pii/S1053811923004044","","2023-08","2026-04-17 20:44:04","2026-04-17 20:44:04","2026-04-17 20:44:04","120253","","","277","","NeuroImage","Class imbalance should not throw you off balance","","","","","","","en","","","","","DOI.org (Crossref)","","","","","","","","","","","","","","","","","","","","","","","","","","","","","","","","","","","","","","","","","","","","","","","","","","","","",""
"J2FRAPJZ","journalArticle","2012","Pedregosa, Fabian; Varoquaux, Gaël; Gramfort, Alexandre; Michel, Vincent; Thirion, Bertrand; Grisel, Olivier; Blondel, Mathieu; Müller, Andreas; Nothman, Joel; Louppe, Gilles; Prettenhofer, Peter; Weiss, Ron; Dubourg, Vincent; Vanderplas, Jake; Passos, Alexandre; Cournapeau, David; Brucher, Matthieu; Perrot, Matthieu; Duchesnay, Édouard","Scikit-learn: Machine Learning in Python","","","","10.48550/ARXIV.1201.0490","https://arxiv.org/abs/1201.0490","Scikit-learn is a Python module integrating a wide range of state-of-the-art machine learning algorithms for medium-scale supervised and unsupervised problems. This package focuses on bringing machine learning to non-specialists using a general-purpose high-level language. Emphasis is put on ease of use, performance, documentation, and API consistency. It has minimal dependencies and is distributed under the simplified BSD license, encouraging its use in both academic and commercial settings. Source code, binaries, and documentation can be downloaded from http://scikit-learn.org.","2012","2026-04-17 20:44:20","2026-04-17 20:44:20","2026-04-17 20:44:20","","","","","","","Scikit-learn","","","","","arXiv","","","arXiv.org perpetual, non-exclusive license","","","","DOI.org (Datacite)","","Version Number: 4","","","","","FOS: Computer and information sciences; Machine Learning (cs.LG); Mathematical Software (cs.MS)","","","","","","","","","","","","","","","","","","","","","","","","","","","","","","","","","","","","","","","","","","","","","",""
"RP8QJAW5","journalArticle","2025","Pinheiro, João Manoel Herrera; Oliveira, Suzana Vilas Boas De; Silva, Thiago Henrique Segreto; Saraiva, Pedro Antonio Rabelo; Souza, Enzo Ferreira De; Godoy, Ricardo V.; Ambrosio, Leonardo André; Becker, Marcelo","The Impact of Feature Scaling in Machine Learning: Effects on Regression and Classification Tasks","IEEE Access","","2169-3536","10.1109/ACCESS.2025.3635541","https://ieeexplore.ieee.org/document/11261543/","","2025","2026-04-17 20:55:21","2026-04-17 20:55:21","2026-04-17 20:55:21","199903-199931","","","13","","IEEE Access","The Impact of Feature Scaling in Machine Learning","","","","","","","","https://creativecommons.org/licenses/by/4.0/legalcode","","","","DOI.org (Crossref)","","","","C:\Users\angel\Zotero\storage\WQW6V3MJ\Pinheiro et al. - 2025 - The Impact of Feature Scaling in Machine Learning Effects on Regression and Classification Tasks.pdf","","","","","","","","","","","","","","","","","","","","","","","","","","","","","","","","","","","","","","","","","","","","","","","","",""
"VFVDB2D2","journalArticle","2019","In, Junyong; Lee, Dong Kyu","Survival analysis: part II – applied clinical data analysis","Korean Journal of Anesthesiology","","2005-6419, 2005-7563","10.4097/kja.19183","http://ekja.org/journal/view.php?doi=10.4097/kja.19183","","2019-10-01","2026-04-17 21:01:11","2026-04-17 21:01:11","2026-04-17 21:01:11","441-457","","5","72","","Korean J Anesthesiol","Survival analysis","","","","","","","en","","","","","DOI.org (Crossref)","","","","C:\Users\angel\Zotero\storage\NW9C76M3\In and Lee - 2019 - Survival analysis part II – applied clinical data analysis.pdf","","","","","","","","","","","","","","","","","","","","","","","","","","","","","","","","","","","","","","","","","","","","","","","","",""
"4JC5PBGX","journalArticle","1996","Peduzzi, Peter; Concato, John; Kemper, Elizabeth; Holford, Theodore R.; Feinstein, Alvan R.","A simulation study of the number of events per variable in logistic regression analysis","Journal of Clinical Epidemiology","","08954356","10.1016/S0895-4356(96)00236-3","https://linkinghub.elsevier.com/retrieve/pii/S0895435696002363","","1996-12","2026-04-17 21:01:25","2026-04-17 21:01:25","2026-04-17 21:01:25","1373-1379","","12","49","","Journal of Clinical Epidemiology","","","","","","","","en","","","","","DOI.org (Crossref)","","","","","","","","","","","","","","","","","","","","","","","","","","","","","","","","","","","","","","","","","","","","","","","","","","","","",""
"ZVTLM2TS","journalArticle","2007","Vittinghoff, E.; McCulloch, C. E.","Relaxing the Rule of Ten Events per Variable in Logistic and Cox Regression","American Journal of Epidemiology","","0002-9262, 1476-6256","10.1093/aje/kwk052","https://academic.oup.com/aje/article-lookup/doi/10.1093/aje/kwk052","","2007-01-12","2026-04-17 21:01:36","2026-04-17 21:01:36","2026-04-17 21:01:36","710-718","","6","165","","American Journal of Epidemiology","","","","","","","","en","","","","","DOI.org (Crossref)","","","","","","","","","","","","","","","","","","","","","","","","","","","","","","","","","","","","","","","","","","","","","","","","","","","","",""
"6JER677H","journalArticle","1994","Grambsch, Patricia M.; Therneau, Terry M.","Proportional hazards tests and diagnostics based on weighted residuals","Biometrika","","0006-3444, 1464-3510","10.1093/biomet/81.3.515","https://academic.oup.com/biomet/article-lookup/doi/10.1093/biomet/81.3.515","","1994","2026-04-17 21:24:36","2026-04-17 21:24:36","2026-04-17 21:24:36","515-526","","3","81","","Biometrika","","","","","","","","en","","","","","DOI.org (Crossref)","","","","","","","","","","","","","","","","","","","","","","","","","","","","","","","","","","","","","","","","","","","","","","","","","","","","",""
"N9DZKDU5","journalArticle","2011","Kim, Seung Wook; Kim, Jang Seong; Papadopoulos, John; Choi, Hyun Jin; He, Junqin; Maya, Marva; Langley, Robert R.; Fan, Dominic; Fidler, Isaiah J.; Kim, Sun-Jin","Consistent interactions between tumor cell IL-6 and macrophage TNF-α enhance the growth of human prostate cancer cells in the bone of nude mouse","International Immunopharmacology","","15675769","10.1016/j.intimp.2011.01.004","https://linkinghub.elsevier.com/retrieve/pii/S1567576911000245","","2011-07","2026-04-17 22:37:14","2026-04-17 22:37:14","2026-04-17 22:37:14","862-872","","7","11","","International Immunopharmacology","","","","","","","","en","https://www.elsevier.com/tdm/userlicense/1.0/","","","","DOI.org (Crossref)","","","","","","","","","","","","","","","","","","","","","","","","","","","","","","","","","","","","","","","","","","","","","","","","","","","","",""
"48IAKGW3","blogPost","","","Cox Model Assumptions","","","","","https://www.sthda.com/english/wiki/cox-model-assumptions","","","2026-04-18 00:18:26","2026-04-18 00:19:35","","","","","","","","","","","","","","","","","","","","","","","","","","","","","","","","","","","","","","","","","","","","","","","","","","","","","","","","","","","","","","","","","","","","","","","","",""
"FTE9CYFS","journalArticle","2015","Keane, Michael; Semeiks, Jeremy; Webb, Andrew E.; Li, Yang I.; Quesada, Víctor; Craig, Thomas; Madsen, Lone Bruhn; van Dam, Sipko; Brawand, David; Marques, Patrícia I.; Michalak, Pawel; Kang, Lin; Bhak, Jong; Yim, Hyung-Soon; Grishin, Nick V.; Nielsen, Nynne Hjort; Heide-Jørgensen, Mads Peter; Oziolor, Elias M.; Matson, Cole W.; Church, George M.; Stuart, Gary W.; Patton, John C.; George, J. Craig; Suydam, Robert; Larsen, Knud; López-Otín, Carlos; O’Connell, Mary J.; Bickham, John W.; Thomsen, Bo; de Magalhães, João Pedro","Insights into the Evolution of Longevity from the Bowhead Whale Genome","Cell Reports","","22111247","10.1016/j.celrep.2014.12.008","https://linkinghub.elsevier.com/retrieve/pii/S2211124714010195","","2015-01","2026-05-29 20:00:28","2026-05-29 20:00:28","2026-05-29 20:00:28","112-122","","1","10","","Cell Reports","","","","","","","","en","","","","","DOI.org (Crossref)","","","","C:\Users\angel\Zotero\storage\4K7ECDCU\Keane et al. - 2015 - Insights into the Evolution of Longevity from the Bowhead Whale Genome.pdf","","","","","","","","","","","","","","","","","","","","","","","","","","","","","","","","","","","","","","","","","","","","","","","","",""
"WE7HPQIW","journalArticle","2015","Abegglen, Lisa M.; Caulin, Aleah F.; Chan, Ashley; Lee, Kristy; Robinson, Rosann; Campbell, Michael S.; Kiso, Wendy K.; Schmitt, Dennis L.; Waddell, Peter J.; Bhaskara, Srividya; Jensen, Shane T.; Maley, Carlo C.; Schiffman, Joshua D.","Potential Mechanisms for Cancer Resistance in Elephants and Comparative Cellular Response to DNA Damage in Humans","JAMA","","0098-7484","10.1001/jama.2015.13134","http://jama.jamanetwork.com/article.aspx?doi=10.1001/jama.2015.13134","OBJECTIVE To identify mechanisms for cancer resistance in elephants and compare cellular response to DNA damage among elephants, healthy human controls, and cancer-prone patients with Li-Fraumeni syndrome (LFS). DESIGN, SETTING, AND PARTICIPANTS A comprehensive survey of necropsy data was performed across 36 mammalian species to validate cancer resistance in large and long-lived organisms, including elephants (n = 644). The African and Asian elephant genomes were analyzed for potential mechanisms of cancer resistance. Peripheral blood lymphocytes from elephants, healthy human controls, and patients with LFS were tested in vitro in the laboratory for DNA damage response. The study included African and Asian elephants (n = 8), patients with LFS (n = 10), and age-matched human controls (n = 11). Human samples were collected at the University of Utah between June 2014 and July 2015. EXPOSURES Ionizing radiation and doxorubicin. MAIN OUTCOMES AND MEASURES Cancer mortality across species was calculated and compared by body size and life span. The elephant genome was investigated for alterations in cancer-related genes. DNA repair and apoptosis were compared in elephant vs human peripheral blood lymphocytes. RESULTS Across mammals, cancer mortality did not increase with body size and/or maximum life span (eg, for rock hyrax, 1% [95% CI, 0%-5%]; African wild dog, 8% [95% CI, 0%-16%]; lion, 2% [95% CI, 0%-7%]). Despite their large body size and long life span, elephants remain cancer resistant, with an estimated cancer mortality of 4.81% (95% CI, 3.14%-6.49%), compared with humans, who have 11% to 25% cancer mortality. While humans have 1 copy (2 alleles) of TP53, African elephants have at least 20 copies (40 alleles), including 19 retrogenes (38 alleles) with evidence of transcriptional activity measured by reverse transcription polymerase chain reaction. In response to DNA damage, elephant lymphocytes underwent p53-mediated apoptosis at higher rates than human lymphocytes proportional to TP53 status (ionizing radiation exposure: patients with LFS, 2.71% [95% CI, 1.93%-3.48%] vs human controls, 7.17% [95% CI, 5.91%-8.44%] vs elephants, 14.64% [95% CI, 10.91%-18.37%]; P < .001; doxorubicin exposure: human controls, 8.10% [95% CI, 6.55%-9.66%] vs elephants, 24.77% [95% CI, 23.0%-26.53%]; P < .001). CONCLUSIONS AND RELEVANCE Compared with other mammalian species, elephants appeared to have a lower-than-expected rate of cancer, potentially related to multiple copies of TP53. Compared with human cells, elephant cells demonstrated increased apoptotic response following DNA damage. These findings, if replicated, could represent an evolutionary-based approach for understanding mechanisms related to cancer suppression.","2015-11-03","2026-05-29 20:00:30","2026-05-29 20:00:30","2026-05-29 20:00:30","1850","","17","314","","JAMA","","","","","","","","en","","","","","DOI.org (Crossref)","","","","C:\Users\angel\Zotero\storage\LMN7EZ94\Abegglen et al. - 2015 - Potential Mechanisms for Cancer Resistance in Elephants and Comparative Cellular Response to DNA Dam.pdf","","","","","","","","","","","","","","","","","","","","","","","","","","","","","","","","","","","","","","","","","","","","","","","","",""
"WZVU4SQJ","journalArticle","2016","Sulak, Michael; Fong, Lindsey; Mika, Katelyn; Chigurupati, Sravanthi; Yon, Lisa; Mongan, Nigel P; Emes, Richard D; Lynch, Vincent J","TP53 copy number expansion is associated with the evolution of increased body size and an enhanced DNA damage response in elephants","eLife","","2050-084X","10.7554/eLife.11994","https://elifesciences.org/articles/11994","A major constraint on the evolution of large body sizes in animals is an increased risk of developing cancer. There is no correlation, however, between body size and cancer risk. This lack of correlation is often referred to as 'Peto's Paradox'. Here, we show that the elephant genome encodes 20 copies of the tumor suppressor gene TP53 and that the increase in TP53 copy number occurred coincident with the evolution of large body sizes, the evolution of extreme sensitivity to genotoxic stress, and a hyperactive TP53 signaling pathway in the elephant (Proboscidean) lineage. Furthermore, we show that several of the TP53 retrogenes (TP53RTGs) are transcribed and likely translated. While TP53RTGs do not appear to directly function as transcription factors, they do contribute to the enhanced sensitivity of elephant cells to DNA damage and the induction of apoptosis by regulating activity of the TP53 signaling pathway. These results suggest that an increase in the copy number of TP53 may have played a direct role in the evolution of very large body sizes and the resolution of Peto's paradox in Proboscideans.           ,              As time passes, healthy cells are more likely to become cancerous because more and more damaging mutations accumulate in the cell’s DNA. Assuming that all cells have a similar risk of acquiring mutations, larger and longer-lived animals – like elephants – should have a higher risk of cancer than smaller, shorter-lived animals – like mice. However, there does not appear to be any link between the size of an animal and its risk of developing cancer. Consequently, a key question in cancer biology is how very large animals protect themselves against these diseases.             One gene that is often damaged during an animal’s lifetime is called TP53. This gene normally produces a tumor suppressor protein that senses when DNA is damaged or a cell is under stress and either briefly slows the cell’s growth while the damage is repaired or triggers cell death if the stress is overwhelming. One way that large animals could reduce their risk of cancer is to have extra copies of TP53 or other genes that encode tumor suppressor proteins.             Here Sulak et al. used an evolutionary genomics approach to study TP53 in 61 animals of various sizes, including several large animals such as African elephants and Minke whales. All of the animals studied had at least one copy of TP53, and several had a few extra copies, known as TP53 retrogenes. African elephants – the largest living land mammal – had more retrogenes than any of the others with 19 in total. To investigate why African elephants have so many TP53 retrogenes, Sulak et al. also analyzed DNA from Asian elephants and several other closely related, but now extinct species, including the woolly mammoth. As expected, as species evolved larger body sizes they also evolved more TP53 retrogenes.             Further experiments indicate that several of the TP53 retrogenes in African elephants are likely to be able to produce the tumor suppressor protein and that they contribute to elephant cells being better equipped to deal with DNA damage. The next step following on from this work will be to find out exactly how TP53 retrogenes help to protect animals from cancer.","2016-09-19","2026-05-29 20:00:31","2026-05-29 20:00:31","2026-05-29 20:00:31","e11994","","","5","","","","","","","","","","en","http://creativecommons.org/licenses/by/4.0/","","","","DOI.org (Crossref)","","","","C:\Users\angel\Zotero\storage\HAGCGXAS\Sulak et al. - 2016 - TP53 copy number expansion is associated with the evolution of increased body size and an enhanced D.pdf","","","","","","","","","","","","","","","","","","","","","","","","","","","","","","","","","","","","","","","","","","","","","","","","",""
"BQL78A9N","journalArticle","2017","Tollis, Marc; Boddy, Amy M.; Maley, Carlo C.","Peto’s Paradox: how has evolution solved the problem of cancer prevention?","BMC Biology","","1741-7007","10.1186/s12915-017-0401-7","http://bmcbiol.biomedcentral.com/articles/10.1186/s12915-017-0401-7","","2017-12","2026-05-29 20:00:58","2026-05-29 20:00:58","2026-05-29 20:00:58","60","","1","15","","BMC Biol","Peto’s Paradox","","","","","","","en","","","","","DOI.org (Crossref)","","","","C:\Users\angel\Zotero\storage\2CSJEPEM\Tollis et al. - 2017 - Peto’s Paradox how has evolution solved the problem of cancer prevention.pdf","","","","","","","","","","","","","","","","","","","","","","","","","","","","","","","","","","","","","","","","","","","","","","","","",""
"7N5X9A9P","journalArticle","2022","Vincze, Orsolya; Colchero, Fernando; Lemaître, Jean-Francois; Conde, Dalia A.; Pavard, Samuel; Bieuville, Margaux; Urrutia, Araxi O.; Ujvari, Beata; Boddy, Amy M.; Maley, Carlo C.; Thomas, Frédéric; Giraudeau, Mathieu","Cancer risk across mammals","Nature","","0028-0836, 1476-4687","10.1038/s41586-021-04224-5","https://www.nature.com/articles/s41586-021-04224-5","Abstract                            Cancer is a ubiquitous disease of metazoans, predicted to disproportionately affect larger, long-lived organisms owing to their greater number of cell divisions, and thus increased probability of somatic mutations               1,2               . While elevated cancer risk with larger body size and/or longevity has been documented within species               3–5               , Peto’s paradox indicates the apparent lack of such an association among taxa               6               . Yet, unequivocal empirical evidence for Peto’s paradox is lacking, stemming from the difficulty of estimating cancer risk in non-model species. Here we build and analyse a database on cancer-related mortality using data on adult zoo mammals (110,148 individuals, 191 species) and map age-controlled cancer mortality to the mammalian tree of life. We demonstrate the universality and high frequency of oncogenic phenomena in mammals and reveal substantial differences in cancer mortality across major mammalian orders. We show that the phylogenetic distribution of cancer mortality is associated with diet, with carnivorous mammals (especially mammal-consuming ones) facing the highest cancer-related mortality. Moreover, we provide unequivocal evidence for the body size and longevity components of Peto’s paradox by showing that cancer mortality risk is largely independent of both body mass and adult life expectancy across species. These results highlight the key role of life-history evolution in shaping cancer resistance and provide major advancements in the quest for natural anticancer defences.","2022-01-13","2026-05-29 20:05:49","2026-05-29 20:05:49","2026-05-29 20:05:49","263-267","","7892","601","","Nature","","","","","","","","en","","","","","DOI.org (Crossref)","","","","C:\Users\angel\Zotero\storage\2LE3UM9Q\Vincze et al. - 2022 - Cancer risk across mammals.pdf","","","","","","","","","","","","","","","","","","","","","","","","","","","","","","","","","","","","","","","","","","","","","","","","",""
"KAVG3R79","blogPost","","","Beyond contiguity — assessing the quality of genome assemblies with the 3 Cs","","","","","","","","2026-05-29 20:07:34","2026-05-29 20:07:48","","","","","","","","","","","","","","","","","","","","","","","","","","","","","","","","","","","","","","","","","","","","","","","","","","","","","","","","","","","","","","","","","","","","","","","","",""
"4VQ4ISHY","journalArticle","2021","Rhie, Arang; McCarthy, Shane A.; Fedrigo, Olivier; Damas, Joana; Formenti, Giulio; Koren, Sergey; Uliano-Silva, Marcela; Chow, William; Fungtammasan, Arkarachai; Kim, Juwan; Lee, Chul; Ko, Byung June; Chaisson, Mark; Gedman, Gregory L.; Cantin, Lindsey J.; Thibaud-Nissen, Francoise; Haggerty, Leanne; Bista, Iliana; Smith, Michelle; Haase, Bettina; Mountcastle, Jacquelyn; Winkler, Sylke; Paez, Sadye; Howard, Jason; Vernes, Sonja C.; Lama, Tanya M.; Grutzner, Frank; Warren, Wesley C.; Balakrishnan, Christopher N.; Burt, Dave; George, Julia M.; Biegler, Matthew T.; Iorns, David; Digby, Andrew; Eason, Daryl; Robertson, Bruce; Edwards, Taylor; Wilkinson, Mark; Turner, George; Meyer, Axel; Kautt, Andreas F.; Franchini, Paolo; Detrich, H. William; Svardal, Hannes; Wagner, Maximilian; Naylor, Gavin J. P.; Pippel, Martin; Malinsky, Milan; Mooney, Mark; Simbirsky, Maria; Hannigan, Brett T.; Pesout, Trevor; Houck, Marlys; Misuraca, Ann; Kingan, Sarah B.; Hall, Richard; Kronenberg, Zev; Sović, Ivan; Dunn, Christopher; Ning, Zemin; Hastie, Alex; Lee, Joyce; Selvaraj, Siddarth; Green, Richard E.; Putnam, Nicholas H.; Gut, Ivo; Ghurye, Jay; Garrison, Erik; Sims, Ying; Collins, Joanna; Pelan, Sarah; Torrance, James; Tracey, Alan; Wood, Jonathan; Dagnew, Robel E.; Guan, Dengfeng; London, Sarah E.; Clayton, David F.; Mello, Claudio V.; Friedrich, Samantha R.; Lovell, Peter V.; Osipova, Ekaterina; Al-Ajli, Farooq O.; Secomandi, Simona; Kim, Heebal; Theofanopoulou, Constantina; Hiller, Michael; Zhou, Yang; Harris, Robert S.; Makova, Kateryna D.; Medvedev, Paul; Hoffman, Jinna; Masterson, Patrick; Clark, Karen; Martin, Fergal; Howe, Kevin; Flicek, Paul; Walenz, Brian P.; Kwak, Woori; Clawson, Hiram; Diekhans, Mark; Nassar, Luis; Paten, Benedict; Kraus, Robert H. S.; Crawford, Andrew J.; Gilbert, M. Thomas P.; Zhang, Guojie; Venkatesh, Byrappa; Murphy, Robert W.; Koepfli, Klaus-Peter; Shapiro, Beth; Johnson, Warren E.; Di Palma, Federica; Marques-Bonet, Tomas; Teeling, Emma C.; Warnow, Tandy; Graves, Jennifer Marshall; Ryder, Oliver A.; Haussler, David; O’Brien, Stephen J.; Korlach, Jonas; Lewin, Harris A.; Howe, Kerstin; Myers, Eugene W.; Durbin, Richard; Phillippy, Adam M.; Jarvis, Erich D.","Towards complete and error-free genome assemblies of all vertebrate species","Nature","","0028-0836, 1476-4687","10.1038/s41586-021-03451-0","https://www.nature.com/articles/s41586-021-03451-0","Abstract                            High-quality and complete reference genome assemblies are fundamental for the application of genomics to biology, disease, and biodiversity conservation. However, such assemblies are available for only a few non-microbial species               1–4               . To address this issue, the international Genome 10K (G10K) consortium               5,6               has worked over a five-year period to evaluate and develop cost-effective methods for assembling highly accurate and nearly complete reference genomes. Here we present lessons learned from generating assemblies for 16 species that represent six major vertebrate lineages. We confirm that long-read sequencing technologies are essential for maximizing genome quality, and that unresolved complex repeats and haplotype heterozygosity are major sources of assembly error when not handled correctly. Our assemblies correct substantial errors, add missing sequence in some of the best historical reference genomes, and reveal biological discoveries. These include the identification of many false gene duplications, increases in gene sizes, chromosome rearrangements that are specific to lineages, a repeated independent chromosome breakpoint in bat genomes, and a canonical GC-rich pattern in protein-coding genes and their regulatory regions. Adopting these lessons, we have embarked on the Vertebrate Genomes Project (VGP), an international effort to generate high-quality, complete reference genomes for all of the roughly 70,000 extant vertebrate species and to help to enable a new era of discovery across the life sciences.","2021-04-29","2026-06-18 15:36:22","2026-06-18 15:36:22","2026-06-18 15:36:22","737-746","","7856","592","","Nature","","","","","","","","en","","","","","DOI.org (Crossref)","","","","C:\Users\angel\Zotero\storage\8GGSHHAM\Rhie et al. - 2021 - Towards complete and error-free genome assemblies of all vertebrate species.pdf","","","","","","","","","","","","","","","","","","","","","","","","","","","","","","","","","","","","","","","","","","","","","","","","",""
"JDAYJ746","journalArticle","2025","Morin, Phillip A.; Bein, Bernhard; Bortoluzzi, Chiara; Bukhman, Yury V.; Hains, Taylor; Heimeier, Dorothea; Uliano-Silva, Marcela; Absolon, Dominic E.; Abueg, Linelle; Antosiewicz-Bourget, Jessica; Balacco, Jennifer R.; Bonde, Robert K.; Brajuka, Nadolina; Brownlow, Andrew C.; Carroll, Emma L.; Carter, Molly; Collins, Joanna; Davison, Nicholas J.; Denton, Amy; Fedrigo, Olivier; Foote, Andrew D.; Formenti, Giulio; Gallo, Guido R.; Greve, Carola; Houck, Marlys L.; Howard, Caroline; Jacobsen, Jeff K.; Jain, Nivesh; Krasheninnikova, Ksenia; Maloney, Brigid M.; Manley, Bethan F.; Mathers, Thomas C.; Mccarthy, Shane A.; Mcgowen, Michael R.; Meyer, Susanne; Mountcastle, Jacquelyn; Neely, Benjamin A.; O’toole, Brian; Pelan, Sarah; Rosel, Patricia E.; Rowles, Teri K.; Ryder, Oliver A.; Schell, Tilman; Sims, Ying; St Leger, Judy; Stewart, Ron; Ternes, Kerstin; Tilley, Tatiana; Whelan, Conor; Wood, Jonathan M. D.; Hiller, Michael; Blaxter, Mark; Jarvis, Erich D.","Genomic infrastructure for cetacean research and conservation: reference genomes for eight families spanning the cetacean tree of life","Frontiers in Marine Science","","2296-7745","10.3389/fmars.2025.1562045","https://www.frontiersin.org/articles/10.3389/fmars.2025.1562045/full","Reference genomes from representative species across families provide the critical infrastructure for research and conservation. The Cetacean Genomes Project (CGP) began in early 2020 to facilitate the generation of near error-free, chromosome-resolved reference genomes for all cetacean species. Towards that goal, and using the methods, goals and genome assembly quality standards of the Vertebrate Genomes Project (VGP), we generated 13 new reference genomes across eight of the 14 cetacean families. Additionally, we summarize the genome assembly characteristics for 18 species, including these newly-generated and five published genome assemblies that meet the completeness and quality standards. We infer ancestral linkage groups (ALG) for cetaceans, showing that the ancestral karyotype of 22 ALGs is largely conserved in extant species, except for Ziphiidae, and for Balaenidae and Kogiidae, which exhibit similar independent fusions. Gene annotation, characterization of historical demography, heterozygosity and runs of homozygosity (ROH) reveal important information for conservation applications. By comparing the new reference genomes to previous draft assemblies, we show that the reference genomes have enhanced characteristics that will support and promote scientific research. Specifically, the genomes improve resolution and characterization of repetitive elements, provide validation (or exclusion) of genes linked to complex traits, and allow more complete characterization of gene regions such as the highly complex Major Histocompatibility Complex (MHC) Class I and II gene clusters that are important for population health.","2025-07-03","2026-06-18 15:41:55","2026-06-18 15:41:55","2026-06-18 15:41:55","1562045","","","12","","Front. Mar. Sci.","Genomic infrastructure for cetacean research and conservation","","","","","","","","","","","","DOI.org (Crossref)","","","","C:\Users\angel\Zotero\storage\RXDWVGMC\Morin et al. - 2025 - Genomic infrastructure for cetacean research and conservation reference genomes for eight families.pdf","","","","","","","","","","","","","","","","","","","","","","","","","","","","","","","","","","","","","","","","","","","","","","","","",""
"CWMAH8TE","journalArticle","2013","Thorvaldsdottir, H.; Robinson, J. T.; Mesirov, J. P.","Integrative Genomics Viewer (IGV): high-performance genomics data visualization and exploration","Briefings in Bioinformatics","","1467-5463, 1477-4054","10.1093/bib/bbs017","https://academic.oup.com/bib/article-lookup/doi/10.1093/bib/bbs017","","2013-03-01","2026-06-18 22:55:08","2026-06-18 22:55:08","2026-06-18 22:55:08","178-192","","2","14","","Briefings in Bioinformatics","Integrative Genomics Viewer (IGV)","","","","","","","en","","","","","DOI.org (Crossref)","","","","C:\Users\angel\Zotero\storage\5KJ35GNP\Thorvaldsdottir et al. - 2013 - Integrative Genomics Viewer (IGV) high-performance genomics data visualization and exploration.pdf","","","","","","","","","","","","","","","","","","","","","","","","","","","","","","","","","","","","","","","","","","","","","","","","",""
"9NCKQSD9","journalArticle","1990","Altschul, Stephen F.; Gish, Warren; Miller, Webb; Myers, Eugene W.; Lipman, David J.","Basic local alignment search tool","Journal of Molecular Biology","","00222836","10.1016/S0022-2836(05)80360-2","https://linkinghub.elsevier.com/retrieve/pii/S0022283605803602","","1990-10","2026-06-18 22:55:43","2026-06-18 22:55:43","2026-06-18 22:55:43","403-410","","3","215","","Journal of Molecular Biology","","","","","","","","en","https://www.elsevier.com/tdm/userlicense/1.0/","","","","DOI.org (Crossref)","","","","","","","","","","","","","","","","","","","","","","","","","","","","","","","","","","","","","","","","","","","","","","","","","","","","",""
"DAIU6VVJ","journalArticle","2021","Danecek, Petr; Bonfield, James K; Liddle, Jennifer; Marshall, John; Ohan, Valeriu; Pollard, Martin O; Whitwham, Andrew; Keane, Thomas; McCarthy, Shane A; Davies, Robert M; Li, Heng","Twelve years of SAMtools and BCFtools","GigaScience","","2047-217X","10.1093/gigascience/giab008","https://academic.oup.com/gigascience/article/doi/10.1093/gigascience/giab008/6137722","Abstract                            Background               SAMtools and BCFtools are widely used programs for processing and analysing high-throughput sequencing data. They include tools for file format conversion and manipulation, sorting, querying, statistics, variant calling, and effect analysis amongst other methods.                                         Findings               The first version appeared online 12 years ago and has been maintained and further developed ever since, with many new features and improvements added over the years. The SAMtools and BCFtools packages represent a unique collection of tools that have been used in numerous other software projects and countless genomic pipelines.                                         Conclusion               Both SAMtools and BCFtools are freely available on GitHub under the permissive MIT licence, free for both non-commercial and commercial use. Both packages have been installed &gt;1 million times via Bioconda. The source code and documentation are available from https://www.htslib.org.","2021-01-29","2026-06-22 10:32:45","2026-06-22 10:32:45","2026-06-22 10:32:45","giab008","","2","10","","","","","","","","","","en","http://creativecommons.org/licenses/by/4.0/","","","","DOI.org (Crossref)","","","","C:\Users\angel\Zotero\storage\8TGWKFAV\Danecek et al. - 2021 - Twelve years of SAMtools and BCFtools.pdf","","","","","","","","","","","","","","","","","","","","","","","","","","","","","","","","","","","","","","","","","","","","","","","","",""
"ESJRQELK","journalArticle","2020","Morin, Phillip A.; Alexander, Alana; Blaxter, Mark; Caballero, Susana; Fedrigo, Olivier; Fontaine, Michael C.; Foote, Andrew D.; Kuraku, Shigehiro; Maloney, Brigid; McCarthy, Morgan L.; McGowen, Michael R.; Mountcastle, Jacquelyn; Nery, Mariana F.; Olsen, Morten Tange; Rosel, Patricia E.; Jarvis, Erich D.","Building genomic infrastructure: Sequencing platinum‐standard reference‐quality genomes of all cetacean species","Marine Mammal Science","","0824-0469, 1748-7692","10.1111/mms.12721","https://onlinelibrary.wiley.com/doi/10.1111/mms.12721","","2020-10","2026-07-20 17:24:11","2026-07-20 17:24:11","2026-07-20 17:24:11","1356-1366","","4","36","","Marine Mammal Science","Building genomic infrastructure","","","","","","","en","","","","","DOI.org (Crossref)","","","","C:\Users\angel\Zotero\storage\NLTXY6AM\Morin et al. - 2020 - Building genomic infrastructure Sequencing platinum‐standard reference‐quality genomes of all cetac.pdf","","","","","","","","","","","","","","","","","","","","","","","","","","","","","","","","","","","","","","","","","","","","","","","","",""
"RZFPUKGA","journalArticle","2015","Peto, Richard","Quantitative implications of the approximate irrelevance of mammalian body size and lifespan to lifelong cancer risk","Philosophical Transactions of the Royal Society B: Biological Sciences","","0962-8436, 1471-2970","10.1098/rstb.2015.0198","http://royalsocietypublishing.org/rstb/article/22671","","2015-07-19","2026-07-20 18:39:39","2026-07-20 18:39:39","2026-07-20 18:39:39","20150198","","1673","370","","Phil. Trans. R. Soc. B","","","","","","","","en","","","","","DOI.org (Crossref)","","","","","","","","","","","","","","","","","","","","","","","","","","","","","","","","","","","","","","","","","","","","","","","","","","","","",""
"AQSDEJEH","journalArticle","2022","Miller, Duncan; Chen, Jianhai; Liang, Jiangtao; Betrán, Esther; Long, Manyuan; Sharakhov, Igor","Retrogene Duplication and Expression Patterns Shaped by the Evolution of Sex Chromosomes in Malaria Mosquitoes","Genes","","2073-4425","10.3390/genes13060968","https://www.mdpi.com/2073-4425/13/6/968","Genes that originate during evolution are an important source of novel biological functions. Retrogenes are functional copies of genes produced by retroduplication and as such are located in different genomic positions. To investigate retroposition patterns and retrogene expression, we computationally identified interchromosomal retroduplication events in nine portions of the phylogenetic history of malaria mosquitoes, making use of species that do or do not have classical sex chromosomes to test the roles of sex-linkage. We found 40 interchromosomal events and a significant excess of retroduplications from the X chromosome to autosomes among a set of young retrogenes. These young retroposition events occurred within the last 100 million years in lineages where all species possessed differentiated sex chromosomes. An analysis of available microarray and RNA-seq expression data for Anopheles gambiae showed that many of the young retrogenes evolved male-biased expression in the reproductive organs. Young autosomal retrogenes with increased meiotic or postmeiotic expression in the testes tend to be male biased. In contrast, older retrogenes, i.e., in lineages with undifferentiated sex chromosomes, do not show this particular chromosomal bias and are enriched for female-biased expression in reproductive organs. Our reverse-transcription PCR data indicates that most of the youngest retrogenes, which originated within the last 47.6 million years in the subgenus Cellia, evolved non-uniform expression patterns across body parts in the males and females of An. coluzzii. Finally, gene annotation revealed that mitochondrial function is a prominent feature of the young autosomal retrogenes. We conclude that mRNA-mediated gene duplication has produced a set of genes that contribute to mosquito reproductive functions and that different biases are revealed after the sex chromosomes evolve. Overall, these results suggest potential roles for the evolution of meiotic sex chromosome inactivation in males and of sexually antagonistic conflict related to mitochondrial energy function as the main selective pressures for X-to-autosome gene reduplication and testis-biased expression in these mosquito lineages.","2022-05-28","2026-07-29 14:18:25","2026-07-29 14:18:25","2026-07-29 14:18:25","968","","6","13","","Genes","","","","","","","","en","","","","","DOI.org (Crossref)","","","","C:\Users\angel\Zotero\storage\KGKUMW43\Miller et al. - 2022 - Retrogene Duplication and Expression Patterns Shaped by the Evolution of Sex Chromosomes in Malaria.pdf","","","","","","","","","","","","","","","","","","","","","","","","","","","","","","","","","","","","","","","","","","","","","","","","",""
"D3V5PLU2","journalArticle","2021","Staszak, Klaudia; Makałowska, Izabela","Cancer, Retrogenes, and Evolution","Life","","2075-1729","10.3390/life11010072","https://www.mdpi.com/2075-1729/11/1/72","This review summarizes the knowledge about retrogenes in the context of cancer and evolution. The retroposition, in which the processed mRNA from parental genes undergoes reverse transcription and the resulting cDNA is integrated back into the genome, results in additional copies of existing genes. Despite the initial misconception, retroposition-derived copies can become functional, and due to their role in the molecular evolution of genomes, they have been named the “seeds of evolution”. It is convincing that retrogenes, as important elements involved in the evolution of species, also take part in the evolution of neoplastic tumors at the cell and species levels. The occurrence of specific “resistance mechanisms” to neoplastic transformation in some species has been noted. This phenomenon has been related to additional gene copies, including retrogenes. In addition, the role of retrogenes in the evolution of tumors has been described. Retrogene expression correlates with the occurrence of specific cancer subtypes, their stages, and their response to therapy. Phylogenetic insights into retrogenes show that most cancer-related retrocopies arose in the lineage of primates, and the number of identified cancer-related retrogenes demonstrates that these duplicates are quite important players in human carcinogenesis.","2021-01-19","2026-08-12 03:05:28","2026-08-12 03:05:28","2026-08-12 03:05:28","72","","1","11","","Life","","","","","","","","en","","","","","DOI.org (Crossref)","","","","","","","","","","","","","","","","","","","","","","","","","","","","","","","","","","","","","","","","","","","","","","","","","","","","",""
"DQA3ILWN","preprint","2022","Vazquez, Juan M.; Kraft, Morgan; Lynch, Vincent J.","A <i>CDKN2C</i> retroduplication in Bowhead whales is associated with the evolution of extremely long lifespans and alerted cell cycle dynamics","","","","10.1101/2022.09.07.506958","http://biorxiv.org/lookup/doi/10.1101/2022.09.07.506958","Abstract                        Among the constraints on the evolution of remarkably long lifespans is an increased risk of developing cancer because organisms with long lifespans have more time to accumulate cancer-causing mutations than organisms with shorter lifespans. Indeed, while there is a strong correlation between lifespan and cancer risk within species, there is no correlation between maximum lifespan and cancer risk across species (‘Peto’s Paradox’). Here we use evolutionary genomics and comparative experimental biology to explore the mechanisms by which Bowhead whales (             Balaena mysticetus             ), which can live at least 211 years, evolved their extremely long lifespans. We found that the Bowhead whale genome encodes a species-specific retroduplicated             CDKN2C             (p18             INK4C             ) gene (             CDKN2CRTG             ). The             CDKN2CRTG             gene is embedded within a Cetacean-specific LINE L1 element, and is highly expressed in Bowhead whale tissues likely because it coopted an L1 promoter to drive constitutive expression. Furthermore we use a series of gain of function experiments to show how the duplicate             CDKN2CRTG             gene may influence cellular phenotypes such as cell cycle progression and DNA damage repair in ways that are beneficial for aging and cancer resistance. Remarkably, Bowhead and Right whales only diverged ~4-5 million years ago, suggesting the long lifespan of Bowheads may have evolved relatively recently and coincident with the origin of             CDKN2CRTG             .                                   Abstract Figure","2022-09-07","2026-08-12 03:17:06","2026-08-12 03:17:06","2026-08-12 03:17:06","","","","","","","","","","","","Evolutionary Biology","","en","","","","","DOI.org (Crossref)","","","","","","","","","","","","","","","","","","","","","","","","","","","","","","","","","","","","","","","","","","","","","","","","","","","","",""
"IBU9WBLL","journalArticle","2025","Athar, Fathima; Zheng, Zhizhong; Riquier, Sebastien; Zacher, Max; Lu, J. Yuyang; Zhao, Yang; Volobaev, Valentin; Alcock, Dominic; Galazyuk, Alex; Cooper, Lisa Noelle; Schountz, Tony; Wang, Lin-Fa; Teeling, Emma C.; Seluanov, Andrei; Gorbunova, Vera","Limited cell-autonomous anticancer mechanisms in long-lived bats","Nature Communications","","2041-1723","10.1038/s41467-025-59403-z","https://www.nature.com/articles/s41467-025-59403-z","","2025-05-03","2026-08-12 03:19:36","2026-08-12 03:19:36","2026-08-12 03:19:36","4125","","1","16","","Nat Commun","","","","","","","","en","","","","","DOI.org (Crossref)","","","","C:\Users\angel\Zotero\storage\NI5HJ9SZ\Athar et al. - 2025 - Limited cell-autonomous anticancer mechanisms in long-lived bats.pdf","","","","","","","","","","","","","","","","","","","","","","","","","","","","","","","","","","","","","","","","","","","","","","","","",""
"ABWVI39H","journalArticle","2003","Gasteiger, E.","ExPASy: the proteomics server for in-depth protein knowledge and analysis","Nucleic Acids Research","","1362-4962","10.1093/nar/gkg563","https://academic.oup.com/nar/article-lookup/doi/10.1093/nar/gkg563","","2003-07-01","2026-08-12 03:58:48","2026-08-12 03:58:48","2026-08-12 03:58:48","3784-3788","","13","31","","Nucleic Acids Research","ExPASy","","","","","","","en","","","","","DOI.org (Crossref)","","","","C:\Users\angel\Zotero\storage\HY22CUEV\Gasteiger - 2003 - ExPASy the proteomics server for in-depth protein knowledge and analysis.pdf","","","","","","","","","","","","","","","","","","","","","","","","","","","","","","","","","","","","","","","","","","","","","","","","",""
"3KXTYGRS","journalArticle","2002","Rombel, Irene T; Sykes, Kathryn F; Rayner, Simon; Johnston, Stephen Albert","ORF-FINDER: a vector for high-throughput gene identification","Gene","","03781119","10.1016/S0378-1119(01)00819-8","https://linkinghub.elsevier.com/retrieve/pii/S0378111901008198","","2002-01","2026-08-12 04:03:30","2026-08-12 04:03:30","2026-08-12 04:03:30","33-41","","1-2","282","","Gene","ORF-FINDER","","","","","","","en","https://www.elsevier.com/tdm/userlicense/1.0/","","","","DOI.org (Crossref)","","","","","","","","","","","","","","","","","","","","","","","","","","","","","","","","","","","","","","","","","","","","","","","","","","","","",""
"LW2UNFPI","journalArticle","2003","Ng, P. C.","SIFT: predicting amino acid changes that affect protein function","Nucleic Acids Research","","1362-4962","10.1093/nar/gkg509","https://academic.oup.com/nar/article-lookup/doi/10.1093/nar/gkg509","","2003-07-01","2026-08-12 04:04:59","2026-08-12 04:04:59","2026-08-12 04:04:59","3812-3814","","13","31","","Nucleic Acids Research","SIFT","","","","","","","en","","","","","DOI.org (Crossref)","","","","","","","","","","","","","","","","","","","","","","","","","","","","","","","","","","","","","","","","","","","","","","","","","","","","",""
"X8WKDILS","journalArticle","2021","Ferrari, Roberto; Grandi, Nicole; Tramontano, Enzo; Dieci, Giorgio","Retrotransposons as Drivers of Mammalian Brain Evolution","Life","","2075-1729","10.3390/life11050376","https://www.mdpi.com/2075-1729/11/5/376","Retrotransposons, a large and diverse class of transposable elements that are still active in humans, represent a remarkable force of genomic innovation underlying mammalian evolution. Among the features distinguishing mammals from all other vertebrates, the presence of a neocortex with a peculiar neuronal organization, composition and connectivity is perhaps the one that, by affecting the cognitive abilities of mammals, contributed mostly to their evolutionary success. Among mammals, hominids and especially humans display an extraordinarily expanded cortical volume, an enrichment of the repertoire of neural cell types and more elaborate patterns of neuronal connectivity. Retrotransposon-derived sequences have recently been implicated in multiple layers of gene regulation in the brain, from transcriptional and post-transcriptional control to both local and large-scale three-dimensional chromatin organization. Accordingly, an increasing variety of neurodevelopmental and neurodegenerative conditions are being recognized to be associated with retrotransposon dysregulation. We review here a large body of recent studies lending support to the idea that retrotransposon-dependent evolutionary novelties were crucial for the emergence of mammalian, primate and human peculiarities of brain morphology and function.","2021-04-22","2026-08-12 04:22:46","2026-08-12 04:22:46","2026-08-12 04:22:46","376","","5","11","","Life","","","","","","","","en","","","","","DOI.org (Crossref)","","","","C:\Users\angel\Zotero\storage\3WDCAF8A\Ferrari et al. - 2021 - Retrotransposons as Drivers of Mammalian Brain Evolution.pdf","","","","","","","","","","","","","","","","","","","","","","","","","","","","","","","","","","","","","","","","","","","","","","","","",""
"WIQG4JJC","journalArticle","2017","Rosikiewicz, Wojciech; Kabza, Michał; Kosiński, Jan G.; Ciomborowska-Basheer, Joanna; Kubiak, Magdalena R.; Makałowska, Izabela","RetrogeneDB–a database of plant and animal retrocopies","Database","","1758-0463","10.1093/database/bax038","https://academic.oup.com/database/article/doi/10.1093/database/bax038/3964680","","2017-01-01","2026-08-12 04:36:45","2026-08-12 04:36:45","2026-08-12 04:36:45","","","","2017","","","","","","","","","","en","http://creativecommons.org/licenses/by/4.0/","","","","DOI.org (Crossref)","","","","","","","","","","","","","","","","","","","","","","","","","","","","","","","","","","","","","","","","","","","","","","","","","","","","",""
"J237X4EM","journalArticle","2021","Wei, Zhaoyuan; Sun, Jiahe; Li, Qinhui; Yao, Ting; Zeng, Haiyue; Wang, Yi","RetroScan: An Easy-to-Use Pipeline for Retrocopy Annotation and Visualization","Frontiers in Genetics","","1664-8021","10.3389/fgene.2021.719204","https://www.frontiersin.org/articles/10.3389/fgene.2021.719204/full","Retrocopies, which are considered “junk genes,” are occasionally formed via the insertion of reverse-transcribed mRNAs at new positions in the genome. However, an increasing number of recent studies have shown that some retrocopies exhibit new biological functions and may contribute to genome evolution. Hence, the identification of retrocopies has become very meaningful for studying gene duplication and new gene generation. Current pipelines identify retrocopies through complex operations using alignment programs and filter scripts in a step-by-step manner. Therefore, there is an urgent need for a simple and convenient retrocopy annotation tool. Here, we report the development of RetroScan, a publicly available and easy-to-use tool for scanning, annotating and displaying retrocopies, consisting of two components: an analysis pipeline and a visual interface. The pipeline integrates a series of bioinformatics software programs and scripts for identifying retrocopies in just one line of command. Compared with previous methods, RetroScan increases accuracy and reduces false-positive results. We also provide a Shiny app for visualization. It displays information on retrocopies and their parental genes that can be used for the study of retrocopy structure and evolution. RetroScan is available at               https://github.com/Vicky123wzy/RetroScan               .","2021-08-16","2026-08-12 04:37:40","2026-08-12 04:37:40","2026-08-12 04:37:40","719204","","","12","","Front. Genet.","RetroScan","","","","","","","","","","","","DOI.org (Crossref)","","","","C:\Users\angel\Zotero\storage\C9S7UYH3\Wei et al. - 2021 - RetroScan An Easy-to-Use Pipeline for Retrocopy Annotation and Visualization.pdf","","","","","","","","","","","","","","","","","","","","","","","","","","","","","","","","","","","","","","","","","","","","","","","","",""