Run,ReleaseDate,LoadDate,spots,bases,spots_with_mates,avgLength,size_MB,AssemblyName,download_path,Experiment,LibraryName,LibraryStrategy,LibrarySelection,LibrarySource,LibraryLayout,InsertSize,InsertDev,Platform,Model,SRAStudy,BioProject,Study_Pubmed_id,ProjectID,Sample,BioSample,SampleType,TaxID,ScientificName,SampleName,g1k_pop_code,source,g1k_analysis_group,Subject_ID,Sex,Disease,Tumor,Affection_Status,Analyte_Type,Histological_Type,Body_Site,CenterName,Submission,dbgap_study_accession,Consent,RunHash,ReadHash
SRR3195083,2016-09-12 09:14:14,2016-03-01 17:50:16,26689519,3336189875,0,125,1434,,https://sra-downloadb.be-md.ncbi.nlm.nih.gov/sos5/sra-pub-zq-11/SRR003/195/SRR3195083/SRR3195083.sralite.1,SRX1605643,,RNA-Seq,cDNA,TRANSCRIPTOMIC,SINGLE,0,0,ILLUMINA,Illumina HiSeq 2500,SRP070960,PRJNA313464,2,313464,SRS1315313,SAMN04523294,simple,9739,Tursiops truncatus,GSM2076224,,,,,,,no,,,,,GEO,SRA360508,,public,D8724D66CC3537A5D2144FD32C34D0A5,393692EE9AEEA7C693B5A653590C37A4
SRR3195084,2016-09-12 09:14:14,2016-02-29 18:44:53,29195360,3649420000,0,125,1526,,https://sra-downloadb.be-md.ncbi.nlm.nih.gov/sos5/sra-pub-zq-11/SRR003/195/SRR3195084/SRR3195084.sralite.1,SRX1605644,,RNA-Seq,cDNA,TRANSCRIPTOMIC,SINGLE,0,0,ILLUMINA,Illumina HiSeq 2500,SRP070960,PRJNA313464,2,313464,SRS1315311,SAMN04523295,simple,9739,Tursiops truncatus,GSM2076225,,,,,,,no,,,,,GEO,SRA360508,,public,6FF80C2ED8D531831B125DE9D4A351D0,D60FCE97F83B0D84E209B8F7FF547D9E
SRR3195085,2016-09-12 09:14:14,2016-02-29 19:48:43,33876970,4234621250,0,125,1967,,https://sra-downloadb.be-md.ncbi.nlm.nih.gov/sos5/sra-pub-zq-11/SRR003/195/SRR3195085/SRR3195085.sralite.1,SRX1605645,,RNA-Seq,cDNA,TRANSCRIPTOMIC,SINGLE,0,0,ILLUMINA,Illumina HiSeq 2500,SRP070960,PRJNA313464,2,313464,SRS1315310,SAMN04523296,simple,9739,Tursiops truncatus,GSM2076226,,,,,,,no,,,,,GEO,SRA360508,,public,CF9A458C558E6EB6C04020FE67C128E8,7C2B574AE5E03E10660AFB2ABA1D3DBE
SRR3195086,2016-09-12 09:14:14,2016-03-01 17:52:36,36552481,4569060125,0,125,2081,,https://sra-downloadb.be-md.ncbi.nlm.nih.gov/sos5/sra-pub-zq-11/SRR003/195/SRR3195086/SRR3195086.sralite.1,SRX1605646,,RNA-Seq,cDNA,TRANSCRIPTOMIC,SINGLE,0,0,ILLUMINA,Illumina HiSeq 2500,SRP070960,PRJNA313464,2,313464,SRS1315309,SAMN04523297,simple,9739,Tursiops truncatus,GSM2076227,,,,,,,no,,,,,GEO,SRA360508,,public,D9477EB5B160CFCB833F41CC7211F870,7EF7D17AA7D8275398F9F8B489AAEDD9
SRR3195087,2016-09-12 09:14:14,2016-03-01 17:53:12,33239603,4154950375,0,125,1815,,https://sra-downloadb.be-md.ncbi.nlm.nih.gov/sos5/sra-pub-zq-11/SRR003/195/SRR3195087/SRR3195087.sralite.1,SRX1605647,,RNA-Seq,cDNA,TRANSCRIPTOMIC,SINGLE,0,0,ILLUMINA,Illumina HiSeq 2500,SRP070960,PRJNA313464,2,313464,SRS1315308,SAMN04523298,simple,9739,Tursiops truncatus,GSM2076228,,,,,,,no,,,,,GEO,SRA360508,,public,FBA5C514A9F635191F55C569E6665A53,890143A103B0E9D4A061DADFB415D0ED
SRR3195088,2016-09-12 09:14:14,2016-03-01 17:53:39,36002603,4500325375,0,125,2029,,https://sra-downloadb.be-md.ncbi.nlm.nih.gov/sos5/sra-pub-zq-11/SRR003/195/SRR3195088/SRR3195088.sralite.1,SRX1605648,,RNA-Seq,cDNA,TRANSCRIPTOMIC,SINGLE,0,0,ILLUMINA,Illumina HiSeq 2500,SRP070960,PRJNA313464,2,313464,SRS1315307,SAMN04523299,simple,9739,Tursiops truncatus,GSM2076229,,,,,,,no,,,,,GEO,SRA360508,,public,4AC60DB9846E465A01BB57C1487D314D,495A4F7F2F45C1109EFF43EC0A5CCB40
SRR3195089,2016-09-12 09:14:14,2016-02-29 19:51:33,36567923,4570990375,0,125,2145,,https://sra-downloadb.be-md.ncbi.nlm.nih.gov/sos5/sra-pub-zq-11/SRR003/195/SRR3195089/SRR3195089.sralite.1,SRX1605649,,RNA-Seq,cDNA,TRANSCRIPTOMIC,SINGLE,0,0,ILLUMINA,Illumina HiSeq 2500,SRP070960,PRJNA313464,2,313464,SRS1315306,SAMN04523300,simple,9739,Tursiops truncatus,GSM2076230,,,,,,,no,,,,,GEO,SRA360508,,public,E5A8D110272401431C496563E1BD2EA6,E6CDB4C839F1C0EDF58FA448A270CDEB
SRR3195090,2016-09-12 09:14:14,2016-03-01 17:51:07,33510446,4188805750,0,125,1915,,https://sra-downloadb.be-md.ncbi.nlm.nih.gov/sos5/sra-pub-zq-11/SRR003/195/SRR3195090/SRR3195090.sralite.1,SRX1605650,,RNA-Seq,cDNA,TRANSCRIPTOMIC,SINGLE,0,0,ILLUMINA,Illumina HiSeq 2500,SRP070960,PRJNA313464,2,313464,SRS1315305,SAMN04523301,simple,9739,Tursiops truncatus,GSM2076231,,,,,,,no,,,,,GEO,SRA360508,,public,AE96061CB98C1300034253C8534B587E,60F619BFBEE2D3309448D937957DA849
SRR3195091,2016-09-12 09:14:14,2016-03-01 17:54:55,31491325,3936415625,0,125,1827,,https://sra-downloadb.be-md.ncbi.nlm.nih.gov/sos5/sra-pub-zq-11/SRR003/195/SRR3195091/SRR3195091.sralite.1,SRX1605651,,RNA-Seq,cDNA,TRANSCRIPTOMIC,SINGLE,0,0,ILLUMINA,Illumina HiSeq 2500,SRP070960,PRJNA313464,2,313464,SRS1315304,SAMN04523302,simple,9739,Tursiops truncatus,GSM2076232,,,,,,,no,,,,,GEO,SRA360508,,public,B2ED0746A17DF8D919BF160AA6A41A2B,EF6C40D60F9CFF1CCCDD617F2B544CFF
SRR3195092,2016-09-12 09:14:14,2016-03-01 17:53:19,31516167,3939520875,0,125,1776,,https://sra-downloadb.be-md.ncbi.nlm.nih.gov/sos5/sra-pub-zq-11/SRR003/195/SRR3195092/SRR3195092.sralite.1,SRX1605652,,RNA-Seq,cDNA,TRANSCRIPTOMIC,SINGLE,0,0,ILLUMINA,Illumina HiSeq 2500,SRP070960,PRJNA313464,2,313464,SRS1315303,SAMN04523303,simple,9739,Tursiops truncatus,GSM2076233,,,,,,,no,,,,,GEO,SRA360508,,public,84F2136BE49FDAEED287D274EEEF8591,FC72B8195ADBDB35A391CFE0D8989D55
SRR3195093,2016-09-12 09:14:14,2016-03-01 17:50:04,28520668,3565083500,0,125,1625,,https://sra-downloadb.be-md.ncbi.nlm.nih.gov/sos5/sra-pub-zq-11/SRR003/195/SRR3195093/SRR3195093.sralite.1,SRX1605653,,RNA-Seq,cDNA,TRANSCRIPTOMIC,SINGLE,0,0,ILLUMINA,Illumina HiSeq 2500,SRP070960,PRJNA313464,2,313464,SRS1315302,SAMN04523304,simple,9739,Tursiops truncatus,GSM2076234,,,,,,,no,,,,,GEO,SRA360508,,public,39F40FA7EDF7B84918977FBC65BCCDAF,000DBE9ADF932C9154D23BD627696619
SRR3195094,2016-09-12 09:14:14,2016-03-01 17:56:05,32840304,4105038000,0,125,1857,,https://sra-downloadb.be-md.ncbi.nlm.nih.gov/sos5/sra-pub-zq-11/SRR003/195/SRR3195094/SRR3195094.sralite.1,SRX1605654,,RNA-Seq,cDNA,TRANSCRIPTOMIC,SINGLE,0,0,ILLUMINA,Illumina HiSeq 2500,SRP070960,PRJNA313464,2,313464,SRS1315301,SAMN04523305,simple,9739,Tursiops truncatus,GSM2076235,,,,,,,no,,,,,GEO,SRA360508,,public,63AAA8F64FF45C6C27EDF17A2DD78149,71AE213FE9AE24866CDC97DDDF1AC15D
SRR3195095,2016-09-12 09:14:14,2016-02-29 18:44:30,24515206,3064400750,0,125,1297,,https://sra-downloadb.be-md.ncbi.nlm.nih.gov/sos5/sra-pub-zq-11/SRR003/195/SRR3195095/SRR3195095.sralite.1,SRX1605655,,RNA-Seq,cDNA,TRANSCRIPTOMIC,SINGLE,0,0,ILLUMINA,Illumina HiSeq 2500,SRP070960,PRJNA313464,2,313464,SRS1315300,SAMN04523306,simple,9739,Tursiops truncatus,GSM2076236,,,,,,,no,,,,,GEO,SRA360508,,public,A58C6518C8012B912CE02DA62A01602B,07C50B76A050E8FF2EB4B9D498136D2D
SRR3195096,2016-09-12 09:14:14,2016-03-01 17:54:14,36059903,4507487875,0,125,1888,,https://sra-downloadb.be-md.ncbi.nlm.nih.gov/sos5/sra-pub-zq-11/SRR003/195/SRR3195096/SRR3195096.sralite.1,SRX1605656,,RNA-Seq,cDNA,TRANSCRIPTOMIC,SINGLE,0,0,ILLUMINA,Illumina HiSeq 2500,SRP070960,PRJNA313464,2,313464,SRS1315299,SAMN04523307,simple,9739,Tursiops truncatus,GSM2076237,,,,,,,no,,,,,GEO,SRA360508,,public,42DCFE9B8E887281B52DA057FC530799,482461F290B8340FBCBF08BDFB90F72E
SRR3195097,2016-09-12 09:14:14,2016-03-01 17:52:05,26646534,3330816750,0,125,1461,,https://sra-downloadb.be-md.ncbi.nlm.nih.gov/sos5/sra-pub-zq-11/SRR003/195/SRR3195097/SRR3195097.sralite.1,SRX1605657,,RNA-Seq,cDNA,TRANSCRIPTOMIC,SINGLE,0,0,ILLUMINA,Illumina HiSeq 2500,SRP070960,PRJNA313464,2,313464,SRS1315298,SAMN04523308,simple,9739,Tursiops truncatus,GSM2076238,,,,,,,no,,,,,GEO,SRA360508,,public,7E1A87B071663CFB9A3831D8470B95C8,DE8B9667E396D8A663C799FD32DC6020
SRR3195101,2016-09-12 09:14:14,2016-03-01 17:51:58,27898452,3487306500,0,125,1535,,https://sra-downloadb.be-md.ncbi.nlm.nih.gov/sos5/sra-pub-zq-11/SRR003/195/SRR3195101/SRR3195101.sralite.1,SRX1605661,,RNA-Seq,cDNA,TRANSCRIPTOMIC,SINGLE,0,0,ILLUMINA,Illumina HiSeq 2500,SRP070960,PRJNA313464,2,313464,SRS1315293,SAMN04523312,simple,9739,Tursiops truncatus,GSM2076242,,,,,,,no,,,,,GEO,SRA360508,,public,57F3456A4915BFCB48EAC95B714EA0DE,167E69CE8B182856DABAB04EC6114FB4
SRR3195102,2016-09-12 09:14:14,2016-02-29 19:51:01,30018399,3752299875,0,125,1588,,https://sra-downloadb.be-md.ncbi.nlm.nih.gov/sos5/sra-pub-zq-11/SRR003/195/SRR3195102/SRR3195102.sralite.1,SRX1605662,,RNA-Seq,cDNA,TRANSCRIPTOMIC,SINGLE,0,0,ILLUMINA,Illumina HiSeq 2500,SRP070960,PRJNA313464,2,313464,SRS1315294,SAMN04523313,simple,9739,Tursiops truncatus,GSM2076243,,,,,,,no,,,,,GEO,SRA360508,,public,0F55DFFCEEC41F98F38094A3D2EC1798,125921F5DF5AC6512EBF3C07F91D4606
SRR3195100,2016-09-12 09:14:14,2016-03-01 17:57:50,46485310,5810663750,0,125,2528,,https://sra-downloadb.be-md.ncbi.nlm.nih.gov/sos5/sra-pub-zq-11/SRR003/195/SRR3195100/SRR3195100.sralite.1,SRX1605660,,RNA-Seq,cDNA,TRANSCRIPTOMIC,SINGLE,0,0,ILLUMINA,Illumina HiSeq 2500,SRP070960,PRJNA313464,2,313464,SRS1315295,SAMN04523311,simple,9739,Tursiops truncatus,GSM2076241,,,,,,,no,,,,,GEO,SRA360508,,public,4CF7212546B34DBBADA3D5C91EA61B6F,78458B333B607BF101544CBDBB067CD8
SRR3195099,2016-09-12 09:14:14,2016-03-01 17:53:41,31413378,3926672250,0,125,1701,,https://sra-downloadb.be-md.ncbi.nlm.nih.gov/sos5/sra-pub-zq-11/SRR003/195/SRR3195099/SRR3195099.sralite.1,SRX1605659,,RNA-Seq,cDNA,TRANSCRIPTOMIC,SINGLE,0,0,ILLUMINA,Illumina HiSeq 2500,SRP070960,PRJNA313464,2,313464,SRS1315296,SAMN04523310,simple,9739,Tursiops truncatus,GSM2076240,,,,,,,no,,,,,GEO,SRA360508,,public,D3566FAB2B51BC57A5D5036551AF093C,DD39B637760808C3D6F37B4A32FBA68D
SRR3195098,2016-09-12 09:14:14,2016-03-01 17:50:23,25273301,3159162625,0,125,1454,,https://sra-downloadb.be-md.ncbi.nlm.nih.gov/sos5/sra-pub-zq-11/SRR003/195/SRR3195098/SRR3195098.sralite.1,SRX1605658,,RNA-Seq,cDNA,TRANSCRIPTOMIC,SINGLE,0,0,ILLUMINA,Illumina HiSeq 2500,SRP070960,PRJNA313464,2,313464,SRS1315297,SAMN04523309,simple,9739,Tursiops truncatus,GSM2076239,,,,,,,no,,,,,GEO,SRA360508,,public,C5DCCA35A8748110ABDFACD66255436E,558CD26B4107E4F722ECFB791300FE61
SRR3195103,2016-09-12 09:14:14,2016-03-01 17:50:43,34642934,4330366750,0,125,2002,,https://sra-downloadb.be-md.ncbi.nlm.nih.gov/sos5/sra-pub-zq-11/SRR003/195/SRR3195103/SRR3195103.sralite.1,SRX1605663,,RNA-Seq,cDNA,TRANSCRIPTOMIC,SINGLE,0,0,ILLUMINA,Illumina HiSeq 2500,SRP070960,PRJNA313464,2,313464,SRS1315292,SAMN04523314,simple,9739,Tursiops truncatus,GSM2076244,,,,,,,no,,,,,GEO,SRA360508,,public,B46EA6E0B51201E63246F839ECD0C80E,200368A34954600950E1459A50D10957
SRR3195104,2016-09-12 09:14:14,2016-03-01 17:51:07,32283395,4035424375,0,125,1701,,https://sra-downloadb.be-md.ncbi.nlm.nih.gov/sos5/sra-pub-zq-11/SRR003/195/SRR3195104/SRR3195104.sralite.1,SRX1605664,,RNA-Seq,cDNA,TRANSCRIPTOMIC,SINGLE,0,0,ILLUMINA,Illumina HiSeq 2500,SRP070960,PRJNA313464,2,313464,SRS1315291,SAMN04523315,simple,9739,Tursiops truncatus,GSM2076245,,,,,,,no,,,,,GEO,SRA360508,,public,AAD9A13F5643D239E1826945DAAF3818,9458C3C211A4BFED270A7284E6FC0387
SRR3195105,2016-09-12 09:14:14,2016-03-01 17:52:41,37520137,4690017125,0,125,2201,,https://sra-downloadb.be-md.ncbi.nlm.nih.gov/sos5/sra-pub-zq-11/SRR003/195/SRR3195105/SRR3195105.sralite.1,SRX1605665,,RNA-Seq,cDNA,TRANSCRIPTOMIC,SINGLE,0,0,ILLUMINA,Illumina HiSeq 2500,SRP070960,PRJNA313464,2,313464,SRS1315290,SAMN04523316,simple,9739,Tursiops truncatus,GSM2076246,,,,,,,no,,,,,GEO,SRA360508,,public,18C2946572D78777F58ED9B7D1242F08,FFE244FC590019B6B4FD2DE44F977A57
SRR3195106,2016-09-12 09:14:14,2016-03-01 17:56:37,31420765,3927595625,0,125,1789,,https://sra-downloadb.be-md.ncbi.nlm.nih.gov/sos5/sra-pub-zq-11/SRR003/195/SRR3195106/SRR3195106.sralite.1,SRX1605666,,RNA-Seq,cDNA,TRANSCRIPTOMIC,SINGLE,0,0,ILLUMINA,Illumina HiSeq 2500,SRP070960,PRJNA313464,2,313464,SRS1315289,SAMN04523317,simple,9739,Tursiops truncatus,GSM2076247,,,,,,,no,,,,,GEO,SRA360508,,public,4BF35BD09E8DE4D747E5EB36A2CEA4F2,B7E72BF7279E07E5AA601FADB70119FC
SRR3195107,2016-09-12 09:14:14,2016-03-01 17:45:24,23307430,2913428750,0,125,1241,,https://sra-downloadb.be-md.ncbi.nlm.nih.gov/sos5/sra-pub-zq-11/SRR003/195/SRR3195107/SRR3195107.sralite.1,SRX1605667,,RNA-Seq,cDNA,TRANSCRIPTOMIC,SINGLE,0,0,ILLUMINA,Illumina HiSeq 2500,SRP070960,PRJNA313464,2,313464,SRS1315288,SAMN04523318,simple,9739,Tursiops truncatus,GSM2076248,,,,,,,no,,,,,GEO,SRA360508,,public,48BAB4D8BC40B47506AF0101CDEE08C8,5B66F4503FDB4EB41CEBBC6EDA1623A0
SRR3195112,2016-09-12 09:14:14,2016-03-01 17:46:36,27319228,3414903500,0,125,1490,,https://sra-downloadb.be-md.ncbi.nlm.nih.gov/sos5/sra-pub-zq-11/SRR003/195/SRR3195112/SRR3195112.sralite.1,SRX1605672,,RNA-Seq,cDNA,TRANSCRIPTOMIC,SINGLE,0,0,ILLUMINA,Illumina HiSeq 2500,SRP070960,PRJNA313464,2,313464,SRS1315283,SAMN04523323,simple,9739,Tursiops truncatus,GSM2076253,,,,,,,no,,,,,GEO,SRA360508,,public,C9DC1944748325F79693B8D0C21763F1,EEEA058BF056AE08FE7CD019CD7E249F
SRR3195111,2016-09-12 09:14:14,2016-02-29 21:02:22,35225607,4403200875,0,125,2052,,https://sra-downloadb.be-md.ncbi.nlm.nih.gov/sos5/sra-pub-zq-14/SRR003/195/SRR3195111.sralite.1,SRX1605671,,RNA-Seq,cDNA,TRANSCRIPTOMIC,SINGLE,0,0,ILLUMINA,Illumina HiSeq 2500,SRP070960,PRJNA313464,2,313464,SRS1315284,SAMN04523322,simple,9739,Tursiops truncatus,GSM2076252,,,,,,,no,,,,,GEO,SRA360508,,public,E301D01E238874EB85062F43B434AF5F,8BC02399C234F9DCDE9CB340723D651D
SRR3195110,2016-09-12 09:14:14,2016-03-01 17:50:50,35190609,4398826125,0,125,1996,,https://sra-downloadb.be-md.ncbi.nlm.nih.gov/sos5/sra-pub-zq-11/SRR003/195/SRR3195110/SRR3195110.sralite.1,SRX1605670,,RNA-Seq,cDNA,TRANSCRIPTOMIC,SINGLE,0,0,ILLUMINA,Illumina HiSeq 2500,SRP070960,PRJNA313464,2,313464,SRS1315285,SAMN04523321,simple,9739,Tursiops truncatus,GSM2076251,,,,,,,no,,,,,GEO,SRA360508,,public,F420BBD668B8AF1C790372DB8AE5FBE7,A3240BFDA0E15ABB5F83C4056FD79F39
SRR3195109,2016-09-12 09:14:14,2016-03-01 17:53:56,31876230,3984528750,0,125,1680,,https://sra-downloadb.be-md.ncbi.nlm.nih.gov/sos5/sra-pub-zq-11/SRR003/195/SRR3195109/SRR3195109.sralite.1,SRX1605669,,RNA-Seq,cDNA,TRANSCRIPTOMIC,SINGLE,0,0,ILLUMINA,Illumina HiSeq 2500,SRP070960,PRJNA313464,2,313464,SRS1315286,SAMN04523320,simple,9739,Tursiops truncatus,GSM2076250,,,,,,,no,,,,,GEO,SRA360508,,public,0239FF3F05AA5CA25500614062CDFEDF,8BB78D2BFE656B960C69074BEC1599DE
SRR3195108,2016-09-12 09:14:14,2016-03-01 17:47:05,26240849,3280106125,0,125,1443,,https://sra-downloadb.be-md.ncbi.nlm.nih.gov/sos5/sra-pub-zq-11/SRR003/195/SRR3195108/SRR3195108.sralite.1,SRX1605668,,RNA-Seq,cDNA,TRANSCRIPTOMIC,SINGLE,0,0,ILLUMINA,Illumina HiSeq 2500,SRP070960,PRJNA313464,2,313464,SRS1315287,SAMN04523319,simple,9739,Tursiops truncatus,GSM2076249,,,,,,,no,,,,,GEO,SRA360508,,public,796120D96405C13CABE7AD8527F3728F,EB13AE70F2F0DA7DFCDCF3C615799DC6
SRR3195113,2016-09-12 09:14:14,2016-03-01 17:50:36,41022676,5127834500,0,125,2360,,https://sra-downloadb.be-md.ncbi.nlm.nih.gov/sos5/sra-pub-zq-11/SRR003/195/SRR3195113/SRR3195113.sralite.1,SRX1605673,,RNA-Seq,cDNA,TRANSCRIPTOMIC,SINGLE,0,0,ILLUMINA,Illumina HiSeq 2500,SRP070960,PRJNA313464,2,313464,SRS1315282,SAMN04523324,simple,9739,Tursiops truncatus,GSM2076254,,,,,,,no,,,,,GEO,SRA360508,,public,899316B2AD6BFEC32C93099FAC4A3054,85E2B8D9FCB9759B246BE58508709E4F
SRR5080320,2016-12-08 21:20:37,2016-12-06 11:53:52,9225016,922501600,0,100,578,,https://sra-downloadb.be-md.ncbi.nlm.nih.gov/sos5/sra-pub-zq-14/SRR005/080/SRR5080320.sralite.1,SRX2398721,,RNA-Seq,cDNA,TRANSCRIPTOMIC,SINGLE,0,0,ILLUMINA,Illumina HiSeq 2500,SRP094638,PRJNA356411,2,356411,SRS1839641,SAMN06113272,simple,9739,Tursiops truncatus,GSM2417803,,,,,,,no,,,,,GEO,SRA500995,,public,361A3E9CE516A5478B12150EB7121129,9EC18C933ABE237E686A1B849743B25C
SRR5080321,2016-12-08 21:20:37,2016-12-06 11:53:45,9168848,916884800,0,100,580,,https://sra-downloadb.be-md.ncbi.nlm.nih.gov/sos5/sra-pub-zq-14/SRR005/080/SRR5080321.sralite.1,SRX2398721,,RNA-Seq,cDNA,TRANSCRIPTOMIC,SINGLE,0,0,ILLUMINA,Illumina HiSeq 2500,SRP094638,PRJNA356411,2,356411,SRS1839641,SAMN06113272,simple,9739,Tursiops truncatus,GSM2417803,,,,,,,no,,,,,GEO,SRA500995,,public,F0731332A039652F7909D01D8A3FC571,03876F3402288D6B60AF82006B93ABC0
SRR5080322,2016-12-08 21:20:37,2016-12-06 11:53:32,7361198,736119800,0,100,391,,https://sra-downloadb.be-md.ncbi.nlm.nih.gov/sos5/sra-pub-zq-14/SRR005/080/SRR5080322.sralite.1,SRX2398721,,RNA-Seq,cDNA,TRANSCRIPTOMIC,SINGLE,0,0,ILLUMINA,Illumina HiSeq 2500,SRP094638,PRJNA356411,2,356411,SRS1839641,SAMN06113272,simple,9739,Tursiops truncatus,GSM2417803,,,,,,,no,,,,,GEO,SRA500995,,public,962672107310EF887B8EFC62DB670EC4,E097D6B8C849E536F1AADECA54846FBB
SRR5080323,2016-12-08 21:20:37,2016-12-06 11:55:13,8237023,823702300,0,100,435,,https://sra-downloadb.be-md.ncbi.nlm.nih.gov/sos5/sra-pub-zq-14/SRR005/080/SRR5080323.sralite.1,SRX2398721,,RNA-Seq,cDNA,TRANSCRIPTOMIC,SINGLE,0,0,ILLUMINA,Illumina HiSeq 2500,SRP094638,PRJNA356411,2,356411,SRS1839641,SAMN06113272,simple,9739,Tursiops truncatus,GSM2417803,,,,,,,no,,,,,GEO,SRA500995,,public,0F5B344641927431CED9E20B0C4BA3F6,CE0374B2D06F749300D7392BCB3B49F0
SRR5080324,2016-12-08 21:20:37,2016-12-06 11:53:53,7691255,769125500,0,100,478,,https://sra-downloadb.be-md.ncbi.nlm.nih.gov/sos5/sra-pub-zq-14/SRR005/080/SRR5080324.sralite.1,SRX2398722,,RNA-Seq,cDNA,TRANSCRIPTOMIC,SINGLE,0,0,ILLUMINA,Illumina HiSeq 2500,SRP094638,PRJNA356411,2,356411,SRS1839643,SAMN06113270,simple,9739,Tursiops truncatus,GSM2417804,,,,,,,no,,,,,GEO,SRA500995,,public,F5B7662F5E572AA43328A3743B38CB94,0DBA1261C75AF8E92B579ACEEAA9C126
SRR5080325,2016-12-08 21:20:37,2016-12-06 11:53:36,7581518,758151800,0,100,467,,https://sra-downloadb.be-md.ncbi.nlm.nih.gov/sos5/sra-pub-zq-14/SRR005/080/SRR5080325.sralite.1,SRX2398722,,RNA-Seq,cDNA,TRANSCRIPTOMIC,SINGLE,0,0,ILLUMINA,Illumina HiSeq 2500,SRP094638,PRJNA356411,2,356411,SRS1839643,SAMN06113270,simple,9739,Tursiops truncatus,GSM2417804,,,,,,,no,,,,,GEO,SRA500995,,public,18EB2BC1EE781A48B9B4CD65F6A2BDC4,655C372FF9D9329A05B7CB6334BCEE83
SRR5080326,2016-12-08 21:20:37,2016-12-06 11:53:22,6524092,652409200,0,100,349,,https://sra-downloadb.be-md.ncbi.nlm.nih.gov/sos5/sra-pub-zq-14/SRR005/080/SRR5080326.sralite.1,SRX2398722,,RNA-Seq,cDNA,TRANSCRIPTOMIC,SINGLE,0,0,ILLUMINA,Illumina HiSeq 2500,SRP094638,PRJNA356411,2,356411,SRS1839643,SAMN06113270,simple,9739,Tursiops truncatus,GSM2417804,,,,,,,no,,,,,GEO,SRA500995,,public,6FA68114C7ACC8595509A7E8B5AA5160,0AA5BB1063E27C33BB70C9EE7DC470CE
SRR5080327,2016-12-08 21:20:37,2016-12-06 11:53:37,6957221,695722100,0,100,366,,https://sra-downloadb.be-md.ncbi.nlm.nih.gov/sos5/sra-pub-zq-14/SRR005/080/SRR5080327.sralite.1,SRX2398722,,RNA-Seq,cDNA,TRANSCRIPTOMIC,SINGLE,0,0,ILLUMINA,Illumina HiSeq 2500,SRP094638,PRJNA356411,2,356411,SRS1839643,SAMN06113270,simple,9739,Tursiops truncatus,GSM2417804,,,,,,,no,,,,,GEO,SRA500995,,public,DF7DA22E89FB20C51FF6EEBDF70289F9,F3365F469BE3535627D40F7C9B97A2A3
SRR5080328,2016-12-08 21:20:37,2016-12-06 11:53:23,5952577,595257700,0,100,335,,https://sra-downloadb.be-md.ncbi.nlm.nih.gov/sos5/sra-pub-zq-14/SRR005/080/SRR5080328.sralite.1,SRX2398723,,RNA-Seq,cDNA,TRANSCRIPTOMIC,SINGLE,0,0,ILLUMINA,Illumina HiSeq 2500,SRP094638,PRJNA356411,2,356411,SRS1839642,SAMN06113271,simple,9739,Tursiops truncatus,GSM2417805,,,,,,,no,,,,,GEO,SRA500995,,public,B40073EFB43D91C8DD5943C08E505379,943D0F8840E18533D6B20F3D9F7BF1E5
SRR5080329,2016-12-08 21:20:37,2016-12-06 11:53:23,5801023,580102300,0,100,322,,https://sra-downloadb.be-md.ncbi.nlm.nih.gov/sos5/sra-pub-zq-14/SRR005/080/SRR5080329.sralite.1,SRX2398723,,RNA-Seq,cDNA,TRANSCRIPTOMIC,SINGLE,0,0,ILLUMINA,Illumina HiSeq 2500,SRP094638,PRJNA356411,2,356411,SRS1839642,SAMN06113271,simple,9739,Tursiops truncatus,GSM2417805,,,,,,,no,,,,,GEO,SRA500995,,public,DE2A4302EFFC71E51AF3D7CE311B0F49,D45EE784C5DBB7290A6C39E46372EF8E
SRR5080330,2016-12-08 21:20:37,2016-12-06 11:53:09,5202236,520223600,0,100,298,,https://sra-downloadb.be-md.ncbi.nlm.nih.gov/sos5/sra-pub-zq-14/SRR005/080/SRR5080330.sralite.1,SRX2398723,,RNA-Seq,cDNA,TRANSCRIPTOMIC,SINGLE,0,0,ILLUMINA,Illumina HiSeq 2500,SRP094638,PRJNA356411,2,356411,SRS1839642,SAMN06113271,simple,9739,Tursiops truncatus,GSM2417805,,,,,,,no,,,,,GEO,SRA500995,,public,644A1133A7D1811914FFE66243EF4845,16FD91A755DC402BD8366EAF267B6D40
SRR5080331,2016-12-08 21:20:37,2016-12-06 11:53:11,5066188,506618800,0,100,300,,https://sra-downloadb.be-md.ncbi.nlm.nih.gov/sos5/sra-pub-zq-14/SRR005/080/SRR5080331.sralite.1,SRX2398723,,RNA-Seq,cDNA,TRANSCRIPTOMIC,SINGLE,0,0,ILLUMINA,Illumina HiSeq 2500,SRP094638,PRJNA356411,2,356411,SRS1839642,SAMN06113271,simple,9739,Tursiops truncatus,GSM2417805,,,,,,,no,,,,,GEO,SRA500995,,public,9576CFD17F1FFB99A28FBCAE6D1F17DF,3349CC1223D58E538BE1BF708AD9F077
SRR5080332,2016-12-08 21:20:37,2016-12-06 11:54:31,9006687,900668700,0,100,564,,https://sra-downloadb.be-md.ncbi.nlm.nih.gov/sos5/sra-pub-zq-14/SRR005/080/SRR5080332.sralite.1,SRX2398724,,RNA-Seq,cDNA,TRANSCRIPTOMIC,SINGLE,0,0,ILLUMINA,Illumina HiSeq 2500,SRP094638,PRJNA356411,2,356411,SRS1839644,SAMN06113269,simple,9739,Tursiops truncatus,GSM2417806,,,,,,,no,,,,,GEO,SRA500995,,public,C8307441908383EA5C55C30D27AE7177,DF5FB232BA9C31BE509EF4202DAB9C61
SRR5080333,2016-12-08 21:20:37,2016-12-06 11:54:26,8942258,894225800,0,100,565,,https://sra-downloadb.be-md.ncbi.nlm.nih.gov/sos5/sra-pub-zq-14/SRR005/080/SRR5080333.sralite.1,SRX2398724,,RNA-Seq,cDNA,TRANSCRIPTOMIC,SINGLE,0,0,ILLUMINA,Illumina HiSeq 2500,SRP094638,PRJNA356411,2,356411,SRS1839644,SAMN06113269,simple,9739,Tursiops truncatus,GSM2417806,,,,,,,no,,,,,GEO,SRA500995,,public,376D817788B319BE1BF8B08B51ECD4D9,B1C3355C6FF88D1F747ADE330F005557
SRR5080334,2016-12-08 21:20:37,2016-12-06 11:53:48,7176051,717605100,0,100,382,,https://sra-downloadb.be-md.ncbi.nlm.nih.gov/sos5/sra-pub-zq-14/SRR005/080/SRR5080334.sralite.1,SRX2398724,,RNA-Seq,cDNA,TRANSCRIPTOMIC,SINGLE,0,0,ILLUMINA,Illumina HiSeq 2500,SRP094638,PRJNA356411,2,356411,SRS1839644,SAMN06113269,simple,9739,Tursiops truncatus,GSM2417806,,,,,,,no,,,,,GEO,SRA500995,,public,1C3870428B7F04938FA71B47CD11E5FC,C043AE97E1F6D245CA4BB4ADFB53A509
SRR5080335,2016-12-08 21:20:37,2016-12-06 11:53:38,8007436,800743600,0,100,424,,https://sra-downloadb.be-md.ncbi.nlm.nih.gov/sos5/sra-pub-zq-14/SRR005/080/SRR5080335.sralite.1,SRX2398724,,RNA-Seq,cDNA,TRANSCRIPTOMIC,SINGLE,0,0,ILLUMINA,Illumina HiSeq 2500,SRP094638,PRJNA356411,2,356411,SRS1839644,SAMN06113269,simple,9739,Tursiops truncatus,GSM2417806,,,,,,,no,,,,,GEO,SRA500995,,public,509FB20294AB4CF9DFE56F1E695B49CE,25CBB725A6257CFFA769965653878762
SRR5080340,2016-12-08 21:20:37,2016-12-06 11:54:38,6706237,670623700,0,100,417,,https://sra-downloadb.be-md.ncbi.nlm.nih.gov/sos5/sra-pub-zq-14/SRR005/080/SRR5080340.sralite.1,SRX2398726,,RNA-Seq,cDNA,TRANSCRIPTOMIC,SINGLE,0,0,ILLUMINA,Illumina HiSeq 2500,SRP094638,PRJNA356411,2,356411,SRS1839645,SAMN06113267,simple,9739,Tursiops truncatus,GSM2417808,,,,,,,no,,,,,GEO,SRA500995,,public,C72C6E6849B29D91302438A0B14E4964,3776597A26D41AEDDB3C3C679FACB34E
SRR5080341,2016-12-08 21:20:37,2016-12-06 11:55:08,6643136,664313600,0,100,409,,https://sra-downloadb.be-md.ncbi.nlm.nih.gov/sos5/sra-pub-zq-14/SRR005/080/SRR5080341.sralite.1,SRX2398726,,RNA-Seq,cDNA,TRANSCRIPTOMIC,SINGLE,0,0,ILLUMINA,Illumina HiSeq 2500,SRP094638,PRJNA356411,2,356411,SRS1839645,SAMN06113267,simple,9739,Tursiops truncatus,GSM2417808,,,,,,,no,,,,,GEO,SRA500995,,public,3643A8C49FFA9DC3E46C45F4B75470F2,78ABDE45F30E9C6603D2934803BF6879
SRR5080342,2016-12-08 21:20:37,2016-12-06 11:54:40,5669330,566933000,0,100,303,,https://sra-downloadb.be-md.ncbi.nlm.nih.gov/sos5/sra-pub-zq-14/SRR005/080/SRR5080342.sralite.1,SRX2398726,,RNA-Seq,cDNA,TRANSCRIPTOMIC,SINGLE,0,0,ILLUMINA,Illumina HiSeq 2500,SRP094638,PRJNA356411,2,356411,SRS1839645,SAMN06113267,simple,9739,Tursiops truncatus,GSM2417808,,,,,,,no,,,,,GEO,SRA500995,,public,DC63AE00B0A128DE4D009ABD425E8039,78CFDCBD1972CA772B89C9FEFD8B7B9F
SRR5080343,2016-12-08 21:20:37,2016-12-06 11:54:45,6014584,601458400,0,100,316,,https://sra-downloadb.be-md.ncbi.nlm.nih.gov/sos5/sra-pub-zq-14/SRR005/080/SRR5080343.sralite.1,SRX2398726,,RNA-Seq,cDNA,TRANSCRIPTOMIC,SINGLE,0,0,ILLUMINA,Illumina HiSeq 2500,SRP094638,PRJNA356411,2,356411,SRS1839645,SAMN06113267,simple,9739,Tursiops truncatus,GSM2417808,,,,,,,no,,,,,GEO,SRA500995,,public,B0734C5F44FC406A1E8C29C2D83BBFD0,CFE50AF1899F7359487A8530D4343B2B
SRR5080344,2016-12-08 21:20:37,2016-12-06 11:55:05,7315483,731548300,0,100,420,,https://sra-downloadb.be-md.ncbi.nlm.nih.gov/sos5/sra-pub-zq-14/SRR005/080/SRR5080344.sralite.1,SRX2398727,,RNA-Seq,cDNA,TRANSCRIPTOMIC,SINGLE,0,0,ILLUMINA,Illumina HiSeq 2500,SRP094638,PRJNA356411,2,356411,SRS1839646,SAMN06113266,simple,9739,Tursiops truncatus,GSM2417809,,,,,,,no,,,,,GEO,SRA500995,,public,4750B0F98E350046EAA6E76CBA0477C3,4F4D312430332FD1ACAB8607F6C9E7FA
SRR5080345,2016-12-08 21:20:37,2016-12-06 11:55:25,8219860,821986000,0,100,443,,https://sra-downloadb.be-md.ncbi.nlm.nih.gov/sos5/sra-pub-zq-14/SRR005/080/SRR5080345.sralite.1,SRX2398727,,RNA-Seq,cDNA,TRANSCRIPTOMIC,SINGLE,0,0,ILLUMINA,Illumina HiSeq 2500,SRP094638,PRJNA356411,2,356411,SRS1839646,SAMN06113266,simple,9739,Tursiops truncatus,GSM2417809,,,,,,,no,,,,,GEO,SRA500995,,public,A17F3278465B8BE43F2A58B2DEAA4758,A9562B50CD66505528C5C74C71D685CA
SRR5080346,2016-12-08 21:20:37,2016-12-06 11:55:15,7386920,738692000,0,100,432,,https://sra-downloadb.be-md.ncbi.nlm.nih.gov/sos5/sra-pub-zq-14/SRR005/080/SRR5080346.sralite.1,SRX2398727,,RNA-Seq,cDNA,TRANSCRIPTOMIC,SINGLE,0,0,ILLUMINA,Illumina HiSeq 2500,SRP094638,PRJNA356411,2,356411,SRS1839646,SAMN06113266,simple,9739,Tursiops truncatus,GSM2417809,,,,,,,no,,,,,GEO,SRA500995,,public,21BB0073C630B3389C3A6BED9398F4A8,494A2DA92D609691EE835EFB9DDB4635
SRR5080347,2016-12-08 21:20:37,2016-12-06 11:55:19,8120593,812059300,0,100,438,,https://sra-downloadb.be-md.ncbi.nlm.nih.gov/sos5/sra-pub-zq-14/SRR005/080/SRR5080347.sralite.1,SRX2398727,,RNA-Seq,cDNA,TRANSCRIPTOMIC,SINGLE,0,0,ILLUMINA,Illumina HiSeq 2500,SRP094638,PRJNA356411,2,356411,SRS1839646,SAMN06113266,simple,9739,Tursiops truncatus,GSM2417809,,,,,,,no,,,,,GEO,SRA500995,,public,F7A6CF8FFC55D0968015A81F07184467,C93015E761C27C38DE3020A43A59683E
SRR5080348,2016-12-08 21:20:37,2016-12-06 11:54:41,5586728,558672800,0,100,347,,https://sra-downloadb.be-md.ncbi.nlm.nih.gov/sos5/sra-pub-zq-14/SRR005/080/SRR5080348.sralite.1,SRX2398728,,RNA-Seq,cDNA,TRANSCRIPTOMIC,SINGLE,0,0,ILLUMINA,Illumina HiSeq 2500,SRP094638,PRJNA356411,2,356411,SRS1839647,SAMN06113265,simple,9739,Tursiops truncatus,GSM2417810,,,,,,,no,,,,,GEO,SRA500995,,public,D95E53AFFD6A0BF908651CCA2DE8F9D7,65BF8432964ED91695B44C9A3A023F90
SRR5080349,2016-12-08 21:20:37,2016-12-06 11:54:56,5522791,552279100,0,100,340,,https://sra-downloadb.be-md.ncbi.nlm.nih.gov/sos5/sra-pub-zq-14/SRR005/080/SRR5080349.sralite.1,SRX2398728,,RNA-Seq,cDNA,TRANSCRIPTOMIC,SINGLE,0,0,ILLUMINA,Illumina HiSeq 2500,SRP094638,PRJNA356411,2,356411,SRS1839647,SAMN06113265,simple,9739,Tursiops truncatus,GSM2417810,,,,,,,no,,,,,GEO,SRA500995,,public,3EF1E0962143D5865769069EAC6572A8,2D859738329F766B190B8518B614CB0D
SRR5080350,2016-12-08 21:20:37,2016-12-06 11:54:43,4738370,473837000,0,100,253,,https://sra-downloadb.be-md.ncbi.nlm.nih.gov/sos5/sra-pub-zq-14/SRR005/080/SRR5080350.sralite.1,SRX2398728,,RNA-Seq,cDNA,TRANSCRIPTOMIC,SINGLE,0,0,ILLUMINA,Illumina HiSeq 2500,SRP094638,PRJNA356411,2,356411,SRS1839647,SAMN06113265,simple,9739,Tursiops truncatus,GSM2417810,,,,,,,no,,,,,GEO,SRA500995,,public,B28165A7A1CCD343E8BB6383028C5BB9,B8EE331BF57F044165999AB7ECD54CF1
SRR5080351,2016-12-08 21:20:37,2016-12-06 11:54:35,5020056,502005600,0,100,264,,https://sra-downloadb.be-md.ncbi.nlm.nih.gov/sos5/sra-pub-zq-14/SRR005/080/SRR5080351.sralite.1,SRX2398728,,RNA-Seq,cDNA,TRANSCRIPTOMIC,SINGLE,0,0,ILLUMINA,Illumina HiSeq 2500,SRP094638,PRJNA356411,2,356411,SRS1839647,SAMN06113265,simple,9739,Tursiops truncatus,GSM2417810,,,,,,,no,,,,,GEO,SRA500995,,public,7073396300D98F2D579A1A784754A610,97F931D8A5EFBB9DEA2E8B5B9979A78B
SRR5080336,2016-12-08 21:20:37,2016-12-06 11:55:43,7609832,760983200,0,100,473,,https://sra-downloadb.be-md.ncbi.nlm.nih.gov/sos5/sra-pub-zq-14/SRR005/080/SRR5080336.sralite.1,SRX2398725,,RNA-Seq,cDNA,TRANSCRIPTOMIC,SINGLE,0,0,ILLUMINA,Illumina HiSeq 2500,SRP094638,PRJNA356411,2,356411,SRS1839648,SAMN06113268,simple,9739,Tursiops truncatus,GSM2417807,,,,,,,no,,,,,GEO,SRA500995,,public,A86C3704037A712888EE42F51F2EF0F3,F7CF1047BF625F5D2C25D7851F3F0014
SRR5080337,2016-12-08 21:20:37,2016-12-06 11:56:06,7497144,749714400,0,100,462,,https://sra-downloadb.be-md.ncbi.nlm.nih.gov/sos5/sra-pub-zq-14/SRR005/080/SRR5080337.sralite.1,SRX2398725,,RNA-Seq,cDNA,TRANSCRIPTOMIC,SINGLE,0,0,ILLUMINA,Illumina HiSeq 2500,SRP094638,PRJNA356411,2,356411,SRS1839648,SAMN06113268,simple,9739,Tursiops truncatus,GSM2417807,,,,,,,no,,,,,GEO,SRA500995,,public,996F8E4919A2D4ACA729C1FB6B07761E,BE82F32D8C35884C687D5E684ADF760E
SRR5080338,2016-12-08 21:20:37,2016-12-06 11:53:29,6429086,642908600,0,100,344,,https://sra-downloadb.be-md.ncbi.nlm.nih.gov/sos5/sra-pub-zq-14/SRR005/080/SRR5080338.sralite.1,SRX2398725,,RNA-Seq,cDNA,TRANSCRIPTOMIC,SINGLE,0,0,ILLUMINA,Illumina HiSeq 2500,SRP094638,PRJNA356411,2,356411,SRS1839648,SAMN06113268,simple,9739,Tursiops truncatus,GSM2417807,,,,,,,no,,,,,GEO,SRA500995,,public,F51F6A4D8FE9D0CF00CD50116EFC6235,085A8EF4709F8849A4CA3361509A9D1A
SRR5080339,2016-12-08 21:20:37,2016-12-06 11:54:29,6808933,680893300,0,100,358,,https://sra-downloadb.be-md.ncbi.nlm.nih.gov/sos5/sra-pub-zq-14/SRR005/080/SRR5080339.sralite.1,SRX2398725,,RNA-Seq,cDNA,TRANSCRIPTOMIC,SINGLE,0,0,ILLUMINA,Illumina HiSeq 2500,SRP094638,PRJNA356411,2,356411,SRS1839648,SAMN06113268,simple,9739,Tursiops truncatus,GSM2417807,,,,,,,no,,,,,GEO,SRA500995,,public,4F9263303F774662EB1678C4D5C7FF2B,D5234C6048E9F0C5466A355E3FFE173E
SRR5080352,2016-12-08 21:20:37,2016-12-06 11:55:14,7480070,748007000,0,100,471,,https://sra-downloadb.be-md.ncbi.nlm.nih.gov/sos5/sra-pub-zq-14/SRR005/080/SRR5080352.sralite.1,SRX2398729,,RNA-Seq,cDNA,TRANSCRIPTOMIC,SINGLE,0,0,ILLUMINA,Illumina HiSeq 2500,SRP094638,PRJNA356411,2,356411,SRS1839651,SAMN06113264,simple,9739,Tursiops truncatus,GSM2417811,,,,,,,no,,,,,GEO,SRA500995,,public,83E29A84F6F8F119B722E823C3940E27,237163EE9404F7C45F1C6EC3B1673670
SRR5080353,2016-12-08 21:20:37,2016-12-06 11:55:17,7424172,742417200,0,100,471,,https://sra-downloadb.be-md.ncbi.nlm.nih.gov/sos5/sra-pub-zq-14/SRR005/080/SRR5080353.sralite.1,SRX2398729,,RNA-Seq,cDNA,TRANSCRIPTOMIC,SINGLE,0,0,ILLUMINA,Illumina HiSeq 2500,SRP094638,PRJNA356411,2,356411,SRS1839651,SAMN06113264,simple,9739,Tursiops truncatus,GSM2417811,,,,,,,no,,,,,GEO,SRA500995,,public,127C177B002D14AA51CDD55EEC875CC4,FE40BE5CA6D7BED0B8B36456A3FBD2CF
SRR5080354,2016-12-08 21:20:37,2016-12-06 11:54:56,5850563,585056300,0,100,314,,https://sra-downloadb.be-md.ncbi.nlm.nih.gov/sos5/sra-pub-zq-14/SRR005/080/SRR5080354.sralite.1,SRX2398729,,RNA-Seq,cDNA,TRANSCRIPTOMIC,SINGLE,0,0,ILLUMINA,Illumina HiSeq 2500,SRP094638,PRJNA356411,2,356411,SRS1839651,SAMN06113264,simple,9739,Tursiops truncatus,GSM2417811,,,,,,,no,,,,,GEO,SRA500995,,public,0194863EC1FDEF7F6361271653FD6BC1,9AABBB810353783CCAC56A83DA53237A
SRR5080355,2016-12-08 21:20:37,2016-12-06 11:55:18,6625463,662546300,0,100,354,,https://sra-downloadb.be-md.ncbi.nlm.nih.gov/sos5/sra-pub-zq-14/SRR005/080/SRR5080355.sralite.1,SRX2398729,,RNA-Seq,cDNA,TRANSCRIPTOMIC,SINGLE,0,0,ILLUMINA,Illumina HiSeq 2500,SRP094638,PRJNA356411,2,356411,SRS1839651,SAMN06113264,simple,9739,Tursiops truncatus,GSM2417811,,,,,,,no,,,,,GEO,SRA500995,,public,4CC3B875BBCC7F6CB4FD76F037EC76DE,0F1A35A91A8816B30EDC005564376140
SRR5080360,2016-12-08 21:20:37,2016-12-06 11:55:36,6681290,668129000,0,100,385,,https://sra-downloadb.be-md.ncbi.nlm.nih.gov/sos5/sra-pub-zq-14/SRR005/080/SRR5080360.sralite.1,SRX2398731,,RNA-Seq,cDNA,TRANSCRIPTOMIC,SINGLE,0,0,ILLUMINA,Illumina HiSeq 2500,SRP094638,PRJNA356411,2,356411,SRS1839649,SAMN06113262,simple,9739,Tursiops truncatus,GSM2417813,,,,,,,no,,,,,GEO,SRA500995,,public,D01D0503348048A1852D6AF5932DC0A8,F79D222594C9B517CDDBDBF9596A2F68
SRR5080361,2016-12-08 21:20:37,2016-12-06 11:55:11,7527584,752758400,0,100,406,,https://sra-downloadb.be-md.ncbi.nlm.nih.gov/sos5/sra-pub-zq-14/SRR005/080/SRR5080361.sralite.1,SRX2398731,,RNA-Seq,cDNA,TRANSCRIPTOMIC,SINGLE,0,0,ILLUMINA,Illumina HiSeq 2500,SRP094638,PRJNA356411,2,356411,SRS1839649,SAMN06113262,simple,9739,Tursiops truncatus,GSM2417813,,,,,,,no,,,,,GEO,SRA500995,,public,41BFDBCB3A6B465B27170AE44AD4EE71,75334C11868431F312CB09D2E1C1BD41
SRR5080362,2016-12-08 21:20:37,2016-12-06 11:55:11,6706641,670664100,0,100,394,,https://sra-downloadb.be-md.ncbi.nlm.nih.gov/sos5/sra-pub-zq-14/SRR005/080/SRR5080362.sralite.1,SRX2398731,,RNA-Seq,cDNA,TRANSCRIPTOMIC,SINGLE,0,0,ILLUMINA,Illumina HiSeq 2500,SRP094638,PRJNA356411,2,356411,SRS1839649,SAMN06113262,simple,9739,Tursiops truncatus,GSM2417813,,,,,,,no,,,,,GEO,SRA500995,,public,D4CC9196902D0361AEAA8C16C5F5FF0D,6158D1D9465689723AEE93E3180047BC
SRR5080363,2016-12-08 21:20:37,2016-12-06 11:55:10,7452989,745298900,0,100,402,,https://sra-downloadb.be-md.ncbi.nlm.nih.gov/sos5/sra-pub-zq-14/SRR005/080/SRR5080363.sralite.1,SRX2398731,,RNA-Seq,cDNA,TRANSCRIPTOMIC,SINGLE,0,0,ILLUMINA,Illumina HiSeq 2500,SRP094638,PRJNA356411,2,356411,SRS1839649,SAMN06113262,simple,9739,Tursiops truncatus,GSM2417813,,,,,,,no,,,,,GEO,SRA500995,,public,6E2BB7EC8001346FA721725AEF17CBBB,F2CC11A9F18623D34B7A1EE4F1C2C6A0
SRR5080356,2016-12-08 21:20:37,2016-12-06 11:54:49,6165373,616537300,0,100,355,,https://sra-downloadb.be-md.ncbi.nlm.nih.gov/sos5/sra-pub-zq-14/SRR005/080/SRR5080356.sralite.1,SRX2398730,,RNA-Seq,cDNA,TRANSCRIPTOMIC,SINGLE,0,0,ILLUMINA,Illumina HiSeq 2500,SRP094638,PRJNA356411,2,356411,SRS1839650,SAMN06113263,simple,9739,Tursiops truncatus,GSM2417812,,,,,,,no,,,,,GEO,SRA500995,,public,8C2FE90677028097A8B224FA8483E613,2206C3A4FC29CE1FFA056E17A5C5690A
SRR5080357,2016-12-08 21:20:37,2016-12-06 11:55:08,6911408,691140800,0,100,372,,https://sra-downloadb.be-md.ncbi.nlm.nih.gov/sos5/sra-pub-zq-14/SRR005/080/SRR5080357.sralite.1,SRX2398730,,RNA-Seq,cDNA,TRANSCRIPTOMIC,SINGLE,0,0,ILLUMINA,Illumina HiSeq 2500,SRP094638,PRJNA356411,2,356411,SRS1839650,SAMN06113263,simple,9739,Tursiops truncatus,GSM2417812,,,,,,,no,,,,,GEO,SRA500995,,public,998A6F9C3F35EF472FF5A5A7AE94E715,A05BA177B624838480E7A35FC9117348
SRR5080358,2016-12-08 21:20:37,2016-12-06 11:55:13,6232835,623283500,0,100,366,,https://sra-downloadb.be-md.ncbi.nlm.nih.gov/sos5/sra-pub-zq-14/SRR005/080/SRR5080358.sralite.1,SRX2398730,,RNA-Seq,cDNA,TRANSCRIPTOMIC,SINGLE,0,0,ILLUMINA,Illumina HiSeq 2500,SRP094638,PRJNA356411,2,356411,SRS1839650,SAMN06113263,simple,9739,Tursiops truncatus,GSM2417812,,,,,,,no,,,,,GEO,SRA500995,,public,7300DABBCE4D624361CDFD293336410E,5E828CF57D83345CDD6A85CD3A9D732B
SRR5080359,2016-12-08 21:20:37,2016-12-06 11:55:26,6832918,683291800,0,100,368,,https://sra-downloadb.be-md.ncbi.nlm.nih.gov/sos5/sra-pub-zq-14/SRR005/080/SRR5080359.sralite.1,SRX2398730,,RNA-Seq,cDNA,TRANSCRIPTOMIC,SINGLE,0,0,ILLUMINA,Illumina HiSeq 2500,SRP094638,PRJNA356411,2,356411,SRS1839650,SAMN06113263,simple,9739,Tursiops truncatus,GSM2417812,,,,,,,no,,,,,GEO,SRA500995,,public,4FDB37A7EEC4E25DBC87B1BD2BD68291,684C2C321A104D7157DC60814106262E
SRR5080364,2016-12-08 21:20:37,2016-12-06 11:55:34,7427200,742720000,0,100,417,,https://sra-downloadb.be-md.ncbi.nlm.nih.gov/sos5/sra-pub-zq-14/SRR005/080/SRR5080364.sralite.1,SRX2398732,,RNA-Seq,cDNA,TRANSCRIPTOMIC,SINGLE,0,0,ILLUMINA,Illumina HiSeq 2500,SRP094638,PRJNA356411,2,356411,SRS1839652,SAMN06113261,simple,9739,Tursiops truncatus,GSM2417814,,,,,,,no,,,,,GEO,SRA500995,,public,0CD7AF84F12DD5E2CE887B00C6EB78D4,403014B9C195D22D0E2DE368C8E8D31A
SRR5080365,2016-12-08 21:20:37,2016-12-06 11:55:11,7240715,724071500,0,100,402,,https://sra-downloadb.be-md.ncbi.nlm.nih.gov/sos5/sra-pub-zq-14/SRR005/080/SRR5080365.sralite.1,SRX2398732,,RNA-Seq,cDNA,TRANSCRIPTOMIC,SINGLE,0,0,ILLUMINA,Illumina HiSeq 2500,SRP094638,PRJNA356411,2,356411,SRS1839652,SAMN06113261,simple,9739,Tursiops truncatus,GSM2417814,,,,,,,no,,,,,GEO,SRA500995,,public,197D591AEF37FB1D988F3A6E9A43BE8E,9B390CFB3CD55F14A074F7DD6F456193
SRR5080366,2016-12-08 21:20:37,2016-12-06 11:55:26,6482683,648268300,0,100,370,,https://sra-downloadb.be-md.ncbi.nlm.nih.gov/sos5/sra-pub-zq-14/SRR005/080/SRR5080366.sralite.1,SRX2398732,,RNA-Seq,cDNA,TRANSCRIPTOMIC,SINGLE,0,0,ILLUMINA,Illumina HiSeq 2500,SRP094638,PRJNA356411,2,356411,SRS1839652,SAMN06113261,simple,9739,Tursiops truncatus,GSM2417814,,,,,,,no,,,,,GEO,SRA500995,,public,8380279FD3FFAF9BE5F5FBF6313C5689,23FBEB742CCE6FFC49E1C0359CB0EC17
SRR5080367,2016-12-08 21:20:37,2016-12-06 11:55:19,6343696,634369600,0,100,375,,https://sra-downloadb.be-md.ncbi.nlm.nih.gov/sos5/sra-pub-zq-14/SRR005/080/SRR5080367.sralite.1,SRX2398732,,RNA-Seq,cDNA,TRANSCRIPTOMIC,SINGLE,0,0,ILLUMINA,Illumina HiSeq 2500,SRP094638,PRJNA356411,2,356411,SRS1839652,SAMN06113261,simple,9739,Tursiops truncatus,GSM2417814,,,,,,,no,,,,,GEO,SRA500995,,public,0594D59BB307BC684589D26466A43F78,8CBF4C78B5E56D8563E50ABD7BDDB209
SRR5080372,2016-12-08 21:20:37,2016-12-06 11:55:38,5897458,589745800,0,100,346,,https://sra-downloadb.be-md.ncbi.nlm.nih.gov/sos5/sra-pub-zq-14/SRR005/080/SRR5080372.sralite.1,SRX2398734,,RNA-Seq,cDNA,TRANSCRIPTOMIC,SINGLE,0,0,ILLUMINA,Illumina HiSeq 2500,SRP094638,PRJNA356411,2,356411,SRS1839653,SAMN06113259,simple,9739,Tursiops truncatus,GSM2417816,,,,,,,no,,,,,GEO,SRA500995,,public,FC9873E45161D491DBF77E20F513C642,A910B94D46A6D97E440CBD1AB397713E
SRR5080373,2016-12-08 21:20:37,2016-12-06 11:55:34,6574551,657455100,0,100,361,,https://sra-downloadb.be-md.ncbi.nlm.nih.gov/sos5/sra-pub-zq-14/SRR005/080/SRR5080373.sralite.1,SRX2398734,,RNA-Seq,cDNA,TRANSCRIPTOMIC,SINGLE,0,0,ILLUMINA,Illumina HiSeq 2500,SRP094638,PRJNA356411,2,356411,SRS1839653,SAMN06113259,simple,9739,Tursiops truncatus,GSM2417816,,,,,,,no,,,,,GEO,SRA500995,,public,4C577B0739D3533C93EC82205C08D1CC,A8D2B856D6CB153C55856477B552FA4E
SRR5080374,2016-12-08 21:20:37,2016-12-06 11:55:41,5846696,584669600,0,100,348,,https://sra-downloadb.be-md.ncbi.nlm.nih.gov/sos5/sra-pub-zq-14/SRR005/080/SRR5080374.sralite.1,SRX2398734,,RNA-Seq,cDNA,TRANSCRIPTOMIC,SINGLE,0,0,ILLUMINA,Illumina HiSeq 2500,SRP094638,PRJNA356411,2,356411,SRS1839653,SAMN06113259,simple,9739,Tursiops truncatus,GSM2417816,,,,,,,no,,,,,GEO,SRA500995,,public,388EF893C0227EF2C1C18AD74AA399F2,43B185AC5CB91997AB895F00E4566ED1
SRR5080375,2016-12-08 21:20:37,2016-12-06 11:55:51,6513239,651323900,0,100,358,,https://sra-downloadb.be-md.ncbi.nlm.nih.gov/sos5/sra-pub-zq-14/SRR005/080/SRR5080375.sralite.1,SRX2398734,,RNA-Seq,cDNA,TRANSCRIPTOMIC,SINGLE,0,0,ILLUMINA,Illumina HiSeq 2500,SRP094638,PRJNA356411,2,356411,SRS1839653,SAMN06113259,simple,9739,Tursiops truncatus,GSM2417816,,,,,,,no,,,,,GEO,SRA500995,,public,E90C7EE8073F42AD30BA0BD6D56AB5FC,A87A80338C5F6E428F2EDC02485AAF19
SRR5080368,2016-12-08 21:20:37,2016-12-06 11:55:59,8531991,853199100,0,100,535,,https://sra-downloadb.be-md.ncbi.nlm.nih.gov/sos5/sra-pub-zq-14/SRR005/080/SRR5080368.sralite.1,SRX2398733,,RNA-Seq,cDNA,TRANSCRIPTOMIC,SINGLE,0,0,ILLUMINA,Illumina HiSeq 2500,SRP094638,PRJNA356411,2,356411,SRS1839655,SAMN06113260,simple,9739,Tursiops truncatus,GSM2417815,,,,,,,no,,,,,GEO,SRA500995,,public,FC212617B074BC284E0D88290D07FCDB,CAB34C8D5D60F602D7BC27B01F84BBBE
SRR5080369,2016-12-08 21:20:37,2016-12-06 11:55:53,8478608,847860800,0,100,536,,https://sra-downloadb.be-md.ncbi.nlm.nih.gov/sos5/sra-pub-zq-14/SRR005/080/SRR5080369.sralite.1,SRX2398733,,RNA-Seq,cDNA,TRANSCRIPTOMIC,SINGLE,0,0,ILLUMINA,Illumina HiSeq 2500,SRP094638,PRJNA356411,2,356411,SRS1839655,SAMN06113260,simple,9739,Tursiops truncatus,GSM2417815,,,,,,,no,,,,,GEO,SRA500995,,public,39DC35A6C38E6F0ABC28C829AC31678B,D84DD286B5A9FBC0133A76FF88B86D40
SRR5080370,2016-12-08 21:20:37,2016-12-06 11:55:24,6795555,679555500,0,100,362,,https://sra-downloadb.be-md.ncbi.nlm.nih.gov/sos5/sra-pub-zq-14/SRR005/080/SRR5080370.sralite.1,SRX2398733,,RNA-Seq,cDNA,TRANSCRIPTOMIC,SINGLE,0,0,ILLUMINA,Illumina HiSeq 2500,SRP094638,PRJNA356411,2,356411,SRS1839655,SAMN06113260,simple,9739,Tursiops truncatus,GSM2417815,,,,,,,no,,,,,GEO,SRA500995,,public,4C6817BCDE105CE824890A7E5D8B8013,824BA3DCA7D796B377D013C1B5BEE78E
SRR5080371,2016-12-08 21:20:37,2016-12-06 11:56:05,7582246,758224600,0,100,403,,https://sra-downloadb.be-md.ncbi.nlm.nih.gov/sos5/sra-pub-zq-14/SRR005/080/SRR5080371.sralite.1,SRX2398733,,RNA-Seq,cDNA,TRANSCRIPTOMIC,SINGLE,0,0,ILLUMINA,Illumina HiSeq 2500,SRP094638,PRJNA356411,2,356411,SRS1839655,SAMN06113260,simple,9739,Tursiops truncatus,GSM2417815,,,,,,,no,,,,,GEO,SRA500995,,public,35BDCFAB8E7035E2F2854839DBFCC2BC,34648040BA3E82E786DCC3E0E756D8C1
SRR5080376,2016-12-08 21:20:37,2016-12-06 11:56:00,7276973,727697300,0,100,415,,https://sra-downloadb.be-md.ncbi.nlm.nih.gov/sos5/sra-pub-zq-14/SRR005/080/SRR5080376.sralite.1,SRX2398735,,RNA-Seq,cDNA,TRANSCRIPTOMIC,SINGLE,0,0,ILLUMINA,Illumina HiSeq 2500,SRP094638,PRJNA356411,2,356411,SRS1839656,SAMN06113258,simple,9739,Tursiops truncatus,GSM2417817,,,,,,,no,,,,,GEO,SRA500995,,public,6A25EC192ECC29ABF5AF73441B39C2DC,2A8DA3EBFF51789FA6DB18EA59CD0DFF
SRR5080377,2016-12-08 21:20:37,2016-12-06 11:56:22,7127413,712741300,0,100,401,,https://sra-downloadb.be-md.ncbi.nlm.nih.gov/sos5/sra-pub-zq-14/SRR005/080/SRR5080377.sralite.1,SRX2398735,,RNA-Seq,cDNA,TRANSCRIPTOMIC,SINGLE,0,0,ILLUMINA,Illumina HiSeq 2500,SRP094638,PRJNA356411,2,356411,SRS1839656,SAMN06113258,simple,9739,Tursiops truncatus,GSM2417817,,,,,,,no,,,,,GEO,SRA500995,,public,8567BB5761BBA2685F497E312B58887C,6CD257CA68FDDA49CD5D571B4B887027
SRR5080378,2016-12-08 21:20:37,2016-12-06 11:55:59,6501468,650146800,0,100,378,,https://sra-downloadb.be-md.ncbi.nlm.nih.gov/sos5/sra-pub-zq-14/SRR005/080/SRR5080378.sralite.1,SRX2398735,,RNA-Seq,cDNA,TRANSCRIPTOMIC,SINGLE,0,0,ILLUMINA,Illumina HiSeq 2500,SRP094638,PRJNA356411,2,356411,SRS1839656,SAMN06113258,simple,9739,Tursiops truncatus,GSM2417817,,,,,,,no,,,,,GEO,SRA500995,,public,2A46AC1346486703016DA0FA85A4551C,B2C387187B554AE4D69FA69CF5E5ECAC
SRR5080379,2016-12-08 21:20:37,2016-12-06 11:55:44,6394807,639480700,0,100,382,,https://sra-downloadb.be-md.ncbi.nlm.nih.gov/sos5/sra-pub-zq-14/SRR005/080/SRR5080379.sralite.1,SRX2398735,,RNA-Seq,cDNA,TRANSCRIPTOMIC,SINGLE,0,0,ILLUMINA,Illumina HiSeq 2500,SRP094638,PRJNA356411,2,356411,SRS1839656,SAMN06113258,simple,9739,Tursiops truncatus,GSM2417817,,,,,,,no,,,,,GEO,SRA500995,,public,4AD33BB71DE231D15CFABFBF8D0A8C2B,31E46E87AE693C4405822905359EEB98
SRR5080380,2016-12-08 21:20:37,2016-12-06 11:56:20,7303006,730300600,0,100,420,,https://sra-downloadb.be-md.ncbi.nlm.nih.gov/sos5/sra-pub-zq-14/SRR005/080/SRR5080380.sralite.1,SRX2398736,,RNA-Seq,cDNA,TRANSCRIPTOMIC,SINGLE,0,0,ILLUMINA,Illumina HiSeq 2500,SRP094638,PRJNA356411,2,356411,SRS1839654,SAMN06113257,simple,9739,Tursiops truncatus,GSM2417818,,,,,,,no,,,,,GEO,SRA500995,,public,855B74CD4963C4DB3B59776C1A3E25B3,4021FB4D00E8CAE71A6D75EBCCB8C2A3
SRR5080381,2016-12-08 21:20:37,2016-12-06 11:56:36,8104042,810404200,0,100,436,,https://sra-downloadb.be-md.ncbi.nlm.nih.gov/sos5/sra-pub-zq-14/SRR005/080/SRR5080381.sralite.1,SRX2398736,,RNA-Seq,cDNA,TRANSCRIPTOMIC,SINGLE,0,0,ILLUMINA,Illumina HiSeq 2500,SRP094638,PRJNA356411,2,356411,SRS1839654,SAMN06113257,simple,9739,Tursiops truncatus,GSM2417818,,,,,,,no,,,,,GEO,SRA500995,,public,332DAC8D938864992FC95766E865F263,609FE48AD497817FFEE14A4E153EA691
SRR5080382,2016-12-08 21:20:37,2016-12-06 11:56:08,7356614,735661400,0,100,430,,https://sra-downloadb.be-md.ncbi.nlm.nih.gov/sos5/sra-pub-zq-14/SRR005/080/SRR5080382.sralite.1,SRX2398736,,RNA-Seq,cDNA,TRANSCRIPTOMIC,SINGLE,0,0,ILLUMINA,Illumina HiSeq 2500,SRP094638,PRJNA356411,2,356411,SRS1839654,SAMN06113257,simple,9739,Tursiops truncatus,GSM2417818,,,,,,,no,,,,,GEO,SRA500995,,public,E4F5F66E53B719E17A6B969DB5825077,894DBE65F11E09D39D4260621217FA0F
SRR5080383,2016-12-08 21:20:37,2016-12-06 11:56:09,8008872,800887200,0,100,431,,https://sra-downloadb.be-md.ncbi.nlm.nih.gov/sos5/sra-pub-zq-14/SRR005/080/SRR5080383.sralite.1,SRX2398736,,RNA-Seq,cDNA,TRANSCRIPTOMIC,SINGLE,0,0,ILLUMINA,Illumina HiSeq 2500,SRP094638,PRJNA356411,2,356411,SRS1839654,SAMN06113257,simple,9739,Tursiops truncatus,GSM2417818,,,,,,,no,,,,,GEO,SRA500995,,public,0EB4D2A5B2CA8A1A7CDAB71E14F4504E,966FA9C2FBEA1034005A329A32E87934
SRR5080384,2016-12-08 21:20:37,2016-12-06 11:56:08,6116573,611657300,0,100,387,,https://sra-downloadb.be-md.ncbi.nlm.nih.gov/sos5/sra-pub-zq-14/SRR005/080/SRR5080384.sralite.1,SRX2398737,,RNA-Seq,cDNA,TRANSCRIPTOMIC,SINGLE,0,0,ILLUMINA,Illumina HiSeq 2500,SRP094638,PRJNA356411,2,356411,SRS1839657,SAMN06113256,simple,9739,Tursiops truncatus,GSM2417819,,,,,,,no,,,,,GEO,SRA500995,,public,04956F7B907DD2209CD3FF9B00285BB9,43E5D00CE81DC553836153A79DCB1ECF
SRR5080385,2016-12-08 21:20:37,2016-12-06 11:55:39,6055104,605510400,0,100,386,,https://sra-downloadb.be-md.ncbi.nlm.nih.gov/sos5/sra-pub-zq-14/SRR005/080/SRR5080385.sralite.1,SRX2398737,,RNA-Seq,cDNA,TRANSCRIPTOMIC,SINGLE,0,0,ILLUMINA,Illumina HiSeq 2500,SRP094638,PRJNA356411,2,356411,SRS1839657,SAMN06113256,simple,9739,Tursiops truncatus,GSM2417819,,,,,,,no,,,,,GEO,SRA500995,,public,8DD4D84D7F6A798696A03E7D08BDEC8D,9C402A4533DD5E74A2B0E883B26CA6E2
SRR5080386,2016-12-08 21:20:37,2016-12-06 11:55:40,4697321,469732100,0,100,253,,https://sra-downloadb.be-md.ncbi.nlm.nih.gov/sos5/sra-pub-zq-14/SRR005/080/SRR5080386.sralite.1,SRX2398737,,RNA-Seq,cDNA,TRANSCRIPTOMIC,SINGLE,0,0,ILLUMINA,Illumina HiSeq 2500,SRP094638,PRJNA356411,2,356411,SRS1839657,SAMN06113256,simple,9739,Tursiops truncatus,GSM2417819,,,,,,,no,,,,,GEO,SRA500995,,public,0A9B9BF15B84B4738E63F89DEAD90F1A,E9BF39B3C842BC27AD31FBF054FEC889
SRR5080387,2016-12-08 21:20:37,2016-12-06 11:55:36,5419754,541975400,0,100,293,,https://sra-downloadb.be-md.ncbi.nlm.nih.gov/sos5/sra-pub-zq-14/SRR005/080/SRR5080387.sralite.1,SRX2398737,,RNA-Seq,cDNA,TRANSCRIPTOMIC,SINGLE,0,0,ILLUMINA,Illumina HiSeq 2500,SRP094638,PRJNA356411,2,356411,SRS1839657,SAMN06113256,simple,9739,Tursiops truncatus,GSM2417819,,,,,,,no,,,,,GEO,SRA500995,,public,8F30828011B34E1B51C1BEAF7374B823,138B1247D97039E843454F32A052BFF9
SRR5080388,2016-12-08 21:20:37,2016-12-06 11:56:34,9368853,936885300,0,100,585,,https://sra-downloadb.be-md.ncbi.nlm.nih.gov/sos5/sra-pub-zq-14/SRR005/080/SRR5080388.sralite.1,SRX2398738,,RNA-Seq,cDNA,TRANSCRIPTOMIC,SINGLE,0,0,ILLUMINA,Illumina HiSeq 2500,SRP094638,PRJNA356411,2,356411,SRS1839659,SAMN06113255,simple,9739,Tursiops truncatus,GSM2417820,,,,,,,no,,,,,GEO,SRA500995,,public,A9644E9B03FD10B17C5771F0FFCB8B23,4E17330F9E6E5BE7AD341E96F6487B8E
SRR5080389,2016-12-08 21:20:37,2016-12-06 11:56:18,9285244,928524400,0,100,574,,https://sra-downloadb.be-md.ncbi.nlm.nih.gov/sos5/sra-pub-zq-14/SRR005/080/SRR5080389.sralite.1,SRX2398738,,RNA-Seq,cDNA,TRANSCRIPTOMIC,SINGLE,0,0,ILLUMINA,Illumina HiSeq 2500,SRP094638,PRJNA356411,2,356411,SRS1839659,SAMN06113255,simple,9739,Tursiops truncatus,GSM2417820,,,,,,,no,,,,,GEO,SRA500995,,public,4725F5496E8B8F2070F67BDA1E284555,02028E152A6BA2B1C5CF89F9B1ABE90D
SRR5080390,2016-12-08 21:20:37,2016-12-06 11:56:50,8050724,805072400,0,100,431,,https://sra-downloadb.be-md.ncbi.nlm.nih.gov/sos5/sra-pub-zq-14/SRR005/080/SRR5080390.sralite.1,SRX2398738,,RNA-Seq,cDNA,TRANSCRIPTOMIC,SINGLE,0,0,ILLUMINA,Illumina HiSeq 2500,SRP094638,PRJNA356411,2,356411,SRS1839659,SAMN06113255,simple,9739,Tursiops truncatus,GSM2417820,,,,,,,no,,,,,GEO,SRA500995,,public,8E789C12BA2643E7D90F59AC026928BD,F5B396125114CEC63623C1AFB116833D
SRR5080391,2016-12-08 21:20:37,2016-12-06 11:56:23,8385040,838504000,0,100,440,,https://sra-downloadb.be-md.ncbi.nlm.nih.gov/sos5/sra-pub-zq-14/SRR005/080/SRR5080391.sralite.1,SRX2398738,,RNA-Seq,cDNA,TRANSCRIPTOMIC,SINGLE,0,0,ILLUMINA,Illumina HiSeq 2500,SRP094638,PRJNA356411,2,356411,SRS1839659,SAMN06113255,simple,9739,Tursiops truncatus,GSM2417820,,,,,,,no,,,,,GEO,SRA500995,,public,9B92331A8911E1B74396B9AD6127DC12,A03AD23717BD03520E135E2F897EF519
SRR5080392,2016-12-08 21:20:37,2016-12-06 11:58:22,12743618,1274361800,0,100,732,,https://sra-downloadb.be-md.ncbi.nlm.nih.gov/sos5/sra-pub-zq-14/SRR005/080/SRR5080392.sralite.1,SRX2398739,,RNA-Seq,cDNA,TRANSCRIPTOMIC,SINGLE,0,0,ILLUMINA,Illumina HiSeq 2500,SRP094638,PRJNA356411,2,356411,SRS1839658,SAMN06113254,simple,9739,Tursiops truncatus,GSM2417821,,,,,,,no,,,,,GEO,SRA500995,,public,E688682825110918640082E89D081508,6A188006251375A3B93F87ACABCE65B8
SRR5080393,2016-12-08 21:20:37,2016-12-06 11:57:39,14097540,1409754000,0,100,759,,https://sra-downloadb.be-md.ncbi.nlm.nih.gov/sos5/sra-pub-zq-14/SRR005/080/SRR5080393.sralite.1,SRX2398739,,RNA-Seq,cDNA,TRANSCRIPTOMIC,SINGLE,0,0,ILLUMINA,Illumina HiSeq 2500,SRP094638,PRJNA356411,2,356411,SRS1839658,SAMN06113254,simple,9739,Tursiops truncatus,GSM2417821,,,,,,,no,,,,,GEO,SRA500995,,public,148A7A91ABA4B0669674F6078322F15D,0EA2B7A92ECAF8297BF4720AA74D08DC
SRR5080394,2016-12-08 21:20:37,2016-12-06 11:57:42,12773442,1277344200,0,100,749,,https://sra-downloadb.be-md.ncbi.nlm.nih.gov/sos5/sra-pub-zq-14/SRR005/080/SRR5080394.sralite.1,SRX2398739,,RNA-Seq,cDNA,TRANSCRIPTOMIC,SINGLE,0,0,ILLUMINA,Illumina HiSeq 2500,SRP094638,PRJNA356411,2,356411,SRS1839658,SAMN06113254,simple,9739,Tursiops truncatus,GSM2417821,,,,,,,no,,,,,GEO,SRA500995,,public,0E9844778DC74B798CF4D367FAF59E7B,8700EE3EB9EA3877BEA63DE375960517
SRR5080395,2016-12-08 21:20:37,2016-12-06 11:57:35,13967357,1396735700,0,100,753,,https://sra-downloadb.be-md.ncbi.nlm.nih.gov/sos5/sra-pub-zq-14/SRR005/080/SRR5080395.sralite.1,SRX2398739,,RNA-Seq,cDNA,TRANSCRIPTOMIC,SINGLE,0,0,ILLUMINA,Illumina HiSeq 2500,SRP094638,PRJNA356411,2,356411,SRS1839658,SAMN06113254,simple,9739,Tursiops truncatus,GSM2417821,,,,,,,no,,,,,GEO,SRA500995,,public,4D834B852417F074012CAF597932A68D,A7E3CED536F181DC88DA19AFA2AFDCA6
SRR5080400,2016-12-08 21:20:37,2016-12-06 11:57:01,9859576,985957600,0,100,618,,https://sra-downloadb.be-md.ncbi.nlm.nih.gov/sos5/sra-pub-zq-14/SRR005/080/SRR5080400.sralite.1,SRX2398741,,RNA-Seq,cDNA,TRANSCRIPTOMIC,SINGLE,0,0,ILLUMINA,Illumina HiSeq 2500,SRP094638,PRJNA356411,2,356411,SRS1839660,SAMN06113252,simple,9739,Tursiops truncatus,GSM2417823,,,,,,,no,,,,,GEO,SRA500995,,public,C27794D758D5E588061F8F43E1CE6010,A1F4C121EEB884D32865E041666A8890
SRR5080401,2016-12-08 21:20:37,2016-12-06 11:57:14,9770024,977002400,0,100,618,,https://sra-downloadb.be-md.ncbi.nlm.nih.gov/sos5/sra-pub-zq-14/SRR005/080/SRR5080401.sralite.1,SRX2398741,,RNA-Seq,cDNA,TRANSCRIPTOMIC,SINGLE,0,0,ILLUMINA,Illumina HiSeq 2500,SRP094638,PRJNA356411,2,356411,SRS1839660,SAMN06113252,simple,9739,Tursiops truncatus,GSM2417823,,,,,,,no,,,,,GEO,SRA500995,,public,1323DE263D1A3C1C037CF3C59A629877,B39C09D69128F6413E23328F2561C405
SRR5080402,2016-12-08 21:20:37,2016-12-06 11:56:56,7934717,793471700,0,100,423,,https://sra-downloadb.be-md.ncbi.nlm.nih.gov/sos5/sra-pub-zq-14/SRR005/080/SRR5080402.sralite.1,SRX2398741,,RNA-Seq,cDNA,TRANSCRIPTOMIC,SINGLE,0,0,ILLUMINA,Illumina HiSeq 2500,SRP094638,PRJNA356411,2,356411,SRS1839660,SAMN06113252,simple,9739,Tursiops truncatus,GSM2417823,,,,,,,no,,,,,GEO,SRA500995,,public,35F3B1571F5C03E00C45A1B31F5CBFC9,63E92E6D2AB1D3694216427E061FC6B7
SRR5080403,2016-12-08 21:20:37,2016-12-06 11:57:13,8897520,889752000,0,100,471,,https://sra-downloadb.be-md.ncbi.nlm.nih.gov/sos5/sra-pub-zq-14/SRR005/080/SRR5080403.sralite.1,SRX2398741,,RNA-Seq,cDNA,TRANSCRIPTOMIC,SINGLE,0,0,ILLUMINA,Illumina HiSeq 2500,SRP094638,PRJNA356411,2,356411,SRS1839660,SAMN06113252,simple,9739,Tursiops truncatus,GSM2417823,,,,,,,no,,,,,GEO,SRA500995,,public,C11E0257A201C9B5461D7F8478DB2B21,4A7E3A042C7ECBB5F5323892FBCC6161
SRR5080396,2016-12-08 21:20:37,2016-12-06 11:55:54,4951133,495113300,0,100,278,,https://sra-downloadb.be-md.ncbi.nlm.nih.gov/sos5/sra-pub-zq-14/SRR005/080/SRR5080396.sralite.1,SRX2398740,,RNA-Seq,cDNA,TRANSCRIPTOMIC,SINGLE,0,0,ILLUMINA,Illumina HiSeq 2500,SRP094638,PRJNA356411,2,356411,SRS1839661,SAMN06113253,simple,9739,Tursiops truncatus,GSM2417822,,,,,,,no,,,,,GEO,SRA500995,,public,E2EE822C387E304A92B78227B6990F71,1F66569BD4ACFE2DC3F4958E3DADDA12
SRR5080397,2016-12-08 21:20:37,2016-12-06 11:56:04,4827470,482747000,0,100,268,,https://sra-downloadb.be-md.ncbi.nlm.nih.gov/sos5/sra-pub-zq-14/SRR005/080/SRR5080397.sralite.1,SRX2398740,,RNA-Seq,cDNA,TRANSCRIPTOMIC,SINGLE,0,0,ILLUMINA,Illumina HiSeq 2500,SRP094638,PRJNA356411,2,356411,SRS1839661,SAMN06113253,simple,9739,Tursiops truncatus,GSM2417822,,,,,,,no,,,,,GEO,SRA500995,,public,24B956BCFF86C3D727EB195C8E5F916C,E980C6E74C71F7E9D7535FC99E78C982
SRR5080398,2016-12-08 21:20:37,2016-12-06 11:55:51,4256173,425617300,0,100,243,,https://sra-downloadb.be-md.ncbi.nlm.nih.gov/sos5/sra-pub-zq-14/SRR005/080/SRR5080398.sralite.1,SRX2398740,,RNA-Seq,cDNA,TRANSCRIPTOMIC,SINGLE,0,0,ILLUMINA,Illumina HiSeq 2500,SRP094638,PRJNA356411,2,356411,SRS1839661,SAMN06113253,simple,9739,Tursiops truncatus,GSM2417822,,,,,,,no,,,,,GEO,SRA500995,,public,75E043EE9F36EE0192D2190B5416E249,C9F04B85BAD16E6F69BE34ED01DC913B
SRR5080399,2016-12-08 21:20:37,2016-12-06 11:56:01,4179466,417946600,0,100,246,,https://sra-downloadb.be-md.ncbi.nlm.nih.gov/sos5/sra-pub-zq-14/SRR005/080/SRR5080399.sralite.1,SRX2398740,,RNA-Seq,cDNA,TRANSCRIPTOMIC,SINGLE,0,0,ILLUMINA,Illumina HiSeq 2500,SRP094638,PRJNA356411,2,356411,SRS1839661,SAMN06113253,simple,9739,Tursiops truncatus,GSM2417822,,,,,,,no,,,,,GEO,SRA500995,,public,8583D4962762F287B0083D394509FACC,FD4C517F80E6C739254D0F36DE0F49DC
SRR5080404,2016-12-08 21:20:37,2016-12-06 11:56:38,6063631,606363100,0,100,351,,https://sra-downloadb.be-md.ncbi.nlm.nih.gov/sos5/sra-pub-zq-14/SRR005/080/SRR5080404.sralite.1,SRX2398742,,RNA-Seq,cDNA,TRANSCRIPTOMIC,SINGLE,0,0,ILLUMINA,Illumina HiSeq 2500,SRP094638,PRJNA356411,2,356411,SRS1839662,SAMN06113251,simple,9739,Tursiops truncatus,GSM2417824,,,,,,,no,,,,,GEO,SRA500995,,public,10646C9F2660ACCE1FE4709EFBE4DA36,38C6EDD8C7DAAE8645B5A1210B5BEDF6
SRR5080405,2016-12-08 21:20:37,2016-12-06 11:56:37,6617963,661796300,0,100,358,,https://sra-downloadb.be-md.ncbi.nlm.nih.gov/sos5/sra-pub-zq-14/SRR005/080/SRR5080405.sralite.1,SRX2398742,,RNA-Seq,cDNA,TRANSCRIPTOMIC,SINGLE,0,0,ILLUMINA,Illumina HiSeq 2500,SRP094638,PRJNA356411,2,356411,SRS1839662,SAMN06113251,simple,9739,Tursiops truncatus,GSM2417824,,,,,,,no,,,,,GEO,SRA500995,,public,F0884A9BB5153034EF427F1BB4D94A00,AC58265BCBB6408B371E5FA29262D9D6
SRR5080406,2016-12-08 21:20:37,2016-12-06 11:57:03,6111506,611150600,0,100,360,,https://sra-downloadb.be-md.ncbi.nlm.nih.gov/sos5/sra-pub-zq-14/SRR005/080/SRR5080406.sralite.1,SRX2398742,,RNA-Seq,cDNA,TRANSCRIPTOMIC,SINGLE,0,0,ILLUMINA,Illumina HiSeq 2500,SRP094638,PRJNA356411,2,356411,SRS1839662,SAMN06113251,simple,9739,Tursiops truncatus,GSM2417824,,,,,,,no,,,,,GEO,SRA500995,,public,46D17EEB8ECA47DCFCAD9182CB10EA72,D36E358AE0548270DB86C664DFD233E8
SRR5080407,2016-12-08 21:20:37,2016-12-06 11:56:54,6548143,654814300,0,100,355,,https://sra-downloadb.be-md.ncbi.nlm.nih.gov/sos5/sra-pub-zq-14/SRR005/080/SRR5080407.sralite.1,SRX2398742,,RNA-Seq,cDNA,TRANSCRIPTOMIC,SINGLE,0,0,ILLUMINA,Illumina HiSeq 2500,SRP094638,PRJNA356411,2,356411,SRS1839662,SAMN06113251,simple,9739,Tursiops truncatus,GSM2417824,,,,,,,no,,,,,GEO,SRA500995,,public,97D79531158CF998196083D0F20C9B3F,5A7E04CC70FBE79CBE81F988E703AA11
SRR5080412,2016-12-08 21:20:37,2016-12-06 11:57:20,8093805,809380500,0,100,456,,https://sra-downloadb.be-md.ncbi.nlm.nih.gov/sos5/sra-pub-zq-14/SRR005/080/SRR5080412.sralite.1,SRX2398744,,RNA-Seq,cDNA,TRANSCRIPTOMIC,SINGLE,0,0,ILLUMINA,Illumina HiSeq 2500,SRP094638,PRJNA356411,2,356411,SRS1839664,SAMN06113376,simple,9739,Tursiops truncatus,GSM2417826,,,,,,,no,,,,,GEO,SRA500995,,public,5CCB43A95F794378EA2410CB7AF693C0,8C81862096F6E1EDD5979704733F073E
SRR5080413,2016-12-08 21:20:37,2016-12-06 11:57:25,7886201,788620100,0,100,438,,https://sra-downloadb.be-md.ncbi.nlm.nih.gov/sos5/sra-pub-zq-14/SRR005/080/SRR5080413.sralite.1,SRX2398744,,RNA-Seq,cDNA,TRANSCRIPTOMIC,SINGLE,0,0,ILLUMINA,Illumina HiSeq 2500,SRP094638,PRJNA356411,2,356411,SRS1839664,SAMN06113376,simple,9739,Tursiops truncatus,GSM2417826,,,,,,,no,,,,,GEO,SRA500995,,public,11F586382907BC590052340AF41B7783,CB0F88458561CFA0F570EBD0BFD8FE09
SRR5080414,2016-12-08 21:20:37,2016-12-06 11:56:51,6856406,685640600,0,100,391,,https://sra-downloadb.be-md.ncbi.nlm.nih.gov/sos5/sra-pub-zq-14/SRR005/080/SRR5080414.sralite.1,SRX2398744,,RNA-Seq,cDNA,TRANSCRIPTOMIC,SINGLE,0,0,ILLUMINA,Illumina HiSeq 2500,SRP094638,PRJNA356411,2,356411,SRS1839664,SAMN06113376,simple,9739,Tursiops truncatus,GSM2417826,,,,,,,no,,,,,GEO,SRA500995,,public,8B5E119FF124345E166626555DECC21A,6FBDABB75994E6272CD8C8E22B562F56
SRR5080415,2016-12-08 21:20:37,2016-12-06 11:57:25,6794023,679402300,0,100,399,,https://sra-downloadb.be-md.ncbi.nlm.nih.gov/sos5/sra-pub-zq-14/SRR005/080/SRR5080415.sralite.1,SRX2398744,,RNA-Seq,cDNA,TRANSCRIPTOMIC,SINGLE,0,0,ILLUMINA,Illumina HiSeq 2500,SRP094638,PRJNA356411,2,356411,SRS1839664,SAMN06113376,simple,9739,Tursiops truncatus,GSM2417826,,,,,,,no,,,,,GEO,SRA500995,,public,19DA676BD9E651B7E3302044F1D88D92,74AE57616AB77352806893CA2DB93448
SRR5080408,2016-12-08 21:20:37,2016-12-06 11:57:10,8339145,833914500,0,100,468,,https://sra-downloadb.be-md.ncbi.nlm.nih.gov/sos5/sra-pub-zq-14/SRR005/080/SRR5080408.sralite.1,SRX2398743,,RNA-Seq,cDNA,TRANSCRIPTOMIC,SINGLE,0,0,ILLUMINA,Illumina HiSeq 2500,SRP094638,PRJNA356411,2,356411,SRS1839665,SAMN06113377,simple,9739,Tursiops truncatus,GSM2417825,,,,,,,no,,,,,GEO,SRA500995,,public,F385947D1950945D0B356A2C739D7D6E,0C3E3D57DE14C5FAC95D983FC45D7FF7
SRR5080409,2016-12-08 21:20:37,2016-12-06 11:57:33,8129780,812978000,0,100,451,,https://sra-downloadb.be-md.ncbi.nlm.nih.gov/sos5/sra-pub-zq-14/SRR005/080/SRR5080409.sralite.1,SRX2398743,,RNA-Seq,cDNA,TRANSCRIPTOMIC,SINGLE,0,0,ILLUMINA,Illumina HiSeq 2500,SRP094638,PRJNA356411,2,356411,SRS1839665,SAMN06113377,simple,9739,Tursiops truncatus,GSM2417825,,,,,,,no,,,,,GEO,SRA500995,,public,B87F874B8F19243D13E08BF451D12DC0,CD744F6AD78493D94DFDE1E341AF10EB
SRR5080410,2016-12-08 21:20:37,2016-12-06 11:57:13,7224955,722495500,0,100,413,,https://sra-downloadb.be-md.ncbi.nlm.nih.gov/sos5/sra-pub-zq-14/SRR005/080/SRR5080410.sralite.1,SRX2398743,,RNA-Seq,cDNA,TRANSCRIPTOMIC,SINGLE,0,0,ILLUMINA,Illumina HiSeq 2500,SRP094638,PRJNA356411,2,356411,SRS1839665,SAMN06113377,simple,9739,Tursiops truncatus,GSM2417825,,,,,,,no,,,,,GEO,SRA500995,,public,AA58F8CDA6A59BB80908F891B591B7FD,9D92157D6B0120A42493A4E9E265FCDE
SRR5080411,2016-12-08 21:20:37,2016-12-06 11:56:51,7080924,708092400,0,100,417,,https://sra-downloadb.be-md.ncbi.nlm.nih.gov/sos5/sra-pub-zq-14/SRR005/080/SRR5080411.sralite.1,SRX2398743,,RNA-Seq,cDNA,TRANSCRIPTOMIC,SINGLE,0,0,ILLUMINA,Illumina HiSeq 2500,SRP094638,PRJNA356411,2,356411,SRS1839665,SAMN06113377,simple,9739,Tursiops truncatus,GSM2417825,,,,,,,no,,,,,GEO,SRA500995,,public,C638302C1F8C7ADE7B0BD86CE16444D0,148D7CA6A60828D9D606BA94F223F9D7
SRR5080416,2016-12-08 21:20:37,2016-12-06 11:58:05,9425269,942526900,0,100,530,,https://sra-downloadb.be-md.ncbi.nlm.nih.gov/sos5/sra-pub-zq-14/SRR005/080/SRR5080416.sralite.1,SRX2398745,,RNA-Seq,cDNA,TRANSCRIPTOMIC,SINGLE,0,0,ILLUMINA,Illumina HiSeq 2500,SRP094638,PRJNA356411,2,356411,SRS1839663,SAMN06113375,simple,9739,Tursiops truncatus,GSM2417827,,,,,,,no,,,,,GEO,SRA500995,,public,EC6BC05F9451FB29341C5000DC91A122,843843C54C0A41A8578C56DF1BD4DAEC
SRR5080417,2016-12-08 21:20:37,2016-12-06 11:58:08,9178723,917872300,0,100,509,,https://sra-downloadb.be-md.ncbi.nlm.nih.gov/sos5/sra-pub-zq-14/SRR005/080/SRR5080417.sralite.1,SRX2398745,,RNA-Seq,cDNA,TRANSCRIPTOMIC,SINGLE,0,0,ILLUMINA,Illumina HiSeq 2500,SRP094638,PRJNA356411,2,356411,SRS1839663,SAMN06113375,simple,9739,Tursiops truncatus,GSM2417827,,,,,,,no,,,,,GEO,SRA500995,,public,AB92B7BBC86AB1A8B9A59B82B8A2B16D,5798ADA7C2CB08541D7B6C0008325C4F
SRR5080418,2016-12-08 21:20:37,2016-12-06 11:57:26,8152095,815209500,0,100,465,,https://sra-downloadb.be-md.ncbi.nlm.nih.gov/sos5/sra-pub-zq-14/SRR005/080/SRR5080418.sralite.1,SRX2398745,,RNA-Seq,cDNA,TRANSCRIPTOMIC,SINGLE,0,0,ILLUMINA,Illumina HiSeq 2500,SRP094638,PRJNA356411,2,356411,SRS1839663,SAMN06113375,simple,9739,Tursiops truncatus,GSM2417827,,,,,,,no,,,,,GEO,SRA500995,,public,38CEB166D2759F1D4EDFD0256CFDD8E7,853B87F9E21A9FBF5B70C1F0258FA356
SRR5080419,2016-12-08 21:20:37,2016-12-06 11:57:25,7972184,797218400,0,100,470,,https://sra-downloadb.be-md.ncbi.nlm.nih.gov/sos5/sra-pub-zq-14/SRR005/080/SRR5080419.sralite.1,SRX2398745,,RNA-Seq,cDNA,TRANSCRIPTOMIC,SINGLE,0,0,ILLUMINA,Illumina HiSeq 2500,SRP094638,PRJNA356411,2,356411,SRS1839663,SAMN06113375,simple,9739,Tursiops truncatus,GSM2417827,,,,,,,no,,,,,GEO,SRA500995,,public,4DBEE6A62ECAE2BEC9BA159AC8A1C444,545AAF90355A70E5FC2EB22033F19D04
SRR5080420,2016-12-08 21:20:37,2016-12-06 11:57:57,8308340,830834000,0,100,521,,https://sra-downloadb.be-md.ncbi.nlm.nih.gov/sos5/sra-pub-zq-14/SRR005/080/SRR5080420.sralite.1,SRX2398746,,RNA-Seq,cDNA,TRANSCRIPTOMIC,SINGLE,0,0,ILLUMINA,Illumina HiSeq 2500,SRP094638,PRJNA356411,2,356411,SRS1839666,SAMN06113374,simple,9739,Tursiops truncatus,GSM2417828,,,,,,,no,,,,,GEO,SRA500995,,public,2A43E7521BCD80E34028C89D512213FB,B63F8B9257E7ACE5061B4F259ED2D12E
SRR5080421,2016-12-08 21:20:37,2016-12-06 11:58:07,8236469,823646900,0,100,511,,https://sra-downloadb.be-md.ncbi.nlm.nih.gov/sos5/sra-pub-zq-14/SRR005/080/SRR5080421.sralite.1,SRX2398746,,RNA-Seq,cDNA,TRANSCRIPTOMIC,SINGLE,0,0,ILLUMINA,Illumina HiSeq 2500,SRP094638,PRJNA356411,2,356411,SRS1839666,SAMN06113374,simple,9739,Tursiops truncatus,GSM2417828,,,,,,,no,,,,,GEO,SRA500995,,public,C136F518AE615A70CF617DA6C7BC7CE3,5FA752C1088B12698679CC8D89B0F61E
SRR5080422,2016-12-08 21:20:37,2016-12-06 11:57:14,6818884,681888400,0,100,370,,https://sra-downloadb.be-md.ncbi.nlm.nih.gov/sos5/sra-pub-zq-14/SRR005/080/SRR5080422.sralite.1,SRX2398746,,RNA-Seq,cDNA,TRANSCRIPTOMIC,SINGLE,0,0,ILLUMINA,Illumina HiSeq 2500,SRP094638,PRJNA356411,2,356411,SRS1839666,SAMN06113374,simple,9739,Tursiops truncatus,GSM2417828,,,,,,,no,,,,,GEO,SRA500995,,public,96D83546743497E751BA930535AF8508,94CD710F8E44109545F74B256AF3095E
SRR5080423,2016-12-08 21:20:37,2016-12-06 11:57:32,7336005,733600500,0,100,393,,https://sra-downloadb.be-md.ncbi.nlm.nih.gov/sos5/sra-pub-zq-14/SRR005/080/SRR5080423.sralite.1,SRX2398746,,RNA-Seq,cDNA,TRANSCRIPTOMIC,SINGLE,0,0,ILLUMINA,Illumina HiSeq 2500,SRP094638,PRJNA356411,2,356411,SRS1839666,SAMN06113374,simple,9739,Tursiops truncatus,GSM2417828,,,,,,,no,,,,,GEO,SRA500995,,public,C94AD166F006253AAF3EA16FB0787D2E,4912B69771D39907AE03062E07BB04AB
SRR5080424,2016-12-08 21:20:37,2016-12-06 11:57:25,6218546,621854600,0,100,358,,https://sra-downloadb.be-md.ncbi.nlm.nih.gov/sos5/sra-pub-zq-14/SRR005/080/SRR5080424.sralite.1,SRX2398747,,RNA-Seq,cDNA,TRANSCRIPTOMIC,SINGLE,0,0,ILLUMINA,Illumina HiSeq 2500,SRP094638,PRJNA356411,2,356411,SRS1839667,SAMN06113306,simple,9739,Tursiops truncatus,GSM2417829,,,,,,,no,,,,,GEO,SRA500995,,public,3BF4A752F052C22C6080F93FBEC22164,F42FA71ED2DCFA3253E71237BFE1734D
SRR5080425,2016-12-08 21:20:37,2016-12-06 11:57:35,7025526,702552600,0,100,379,,https://sra-downloadb.be-md.ncbi.nlm.nih.gov/sos5/sra-pub-zq-14/SRR005/080/SRR5080425.sralite.1,SRX2398747,,RNA-Seq,cDNA,TRANSCRIPTOMIC,SINGLE,0,0,ILLUMINA,Illumina HiSeq 2500,SRP094638,PRJNA356411,2,356411,SRS1839667,SAMN06113306,simple,9739,Tursiops truncatus,GSM2417829,,,,,,,no,,,,,GEO,SRA500995,,public,9708B3810E6AE1F1E4A8C0CD80D92DFF,6740E42FC91C0B86990BBD09805712F7
SRR5080426,2016-12-08 21:20:37,2016-12-06 12:01:10,6356118,635611800,0,100,371,,https://sra-downloadb.be-md.ncbi.nlm.nih.gov/sos5/sra-pub-zq-14/SRR005/080/SRR5080426.sralite.1,SRX2398747,,RNA-Seq,cDNA,TRANSCRIPTOMIC,SINGLE,0,0,ILLUMINA,Illumina HiSeq 2500,SRP094638,PRJNA356411,2,356411,SRS1839667,SAMN06113306,simple,9739,Tursiops truncatus,GSM2417829,,,,,,,no,,,,,GEO,SRA500995,,public,993C0C8EC43D0D35DDF16F0D865E9A90,1C4F806D8D1AE280AEA3691E3AA675CA
SRR5080427,2016-12-08 21:20:37,2016-12-06 11:57:24,6938642,693864200,0,100,374,,https://sra-downloadb.be-md.ncbi.nlm.nih.gov/sos5/sra-pub-zq-14/SRR005/080/SRR5080427.sralite.1,SRX2398747,,RNA-Seq,cDNA,TRANSCRIPTOMIC,SINGLE,0,0,ILLUMINA,Illumina HiSeq 2500,SRP094638,PRJNA356411,2,356411,SRS1839667,SAMN06113306,simple,9739,Tursiops truncatus,GSM2417829,,,,,,,no,,,,,GEO,SRA500995,,public,78A794B6AFD43B68062A1B9E4EB8AEA1,DB80129388632B29620AD73087B1E3A6
SRR5080428,2016-12-08 21:20:37,2016-12-06 11:57:55,8176850,817685000,0,100,510,,https://sra-downloadb.be-md.ncbi.nlm.nih.gov/sos5/sra-pub-zq-14/SRR005/080/SRR5080428.sralite.1,SRX2398748,,RNA-Seq,cDNA,TRANSCRIPTOMIC,SINGLE,0,0,ILLUMINA,Illumina HiSeq 2500,SRP094638,PRJNA356411,2,356411,SRS1839668,SAMN06113304,simple,9739,Tursiops truncatus,GSM2417830,,,,,,,no,,,,,GEO,SRA500995,,public,42FF76F1A43EDCF3C57B44724FDFF28D,26F5F2E48D3436F61474189355CE3DD6
SRR5080429,2016-12-08 21:20:37,2016-12-06 11:58:43,8123854,812385400,0,100,501,,https://sra-downloadb.be-md.ncbi.nlm.nih.gov/sos5/sra-pub-zq-14/SRR005/080/SRR5080429.sralite.1,SRX2398748,,RNA-Seq,cDNA,TRANSCRIPTOMIC,SINGLE,0,0,ILLUMINA,Illumina HiSeq 2500,SRP094638,PRJNA356411,2,356411,SRS1839668,SAMN06113304,simple,9739,Tursiops truncatus,GSM2417830,,,,,,,no,,,,,GEO,SRA500995,,public,95C59682AB57F40C6B1D7C332B93B023,2E272A7F5ADA8D9B536192403FED73CB
SRR5080430,2016-12-08 21:20:37,2016-12-06 11:58:08,6783819,678381900,0,100,364,,https://sra-downloadb.be-md.ncbi.nlm.nih.gov/sos5/sra-pub-zq-14/SRR005/080/SRR5080430.sralite.1,SRX2398748,,RNA-Seq,cDNA,TRANSCRIPTOMIC,SINGLE,0,0,ILLUMINA,Illumina HiSeq 2500,SRP094638,PRJNA356411,2,356411,SRS1839668,SAMN06113304,simple,9739,Tursiops truncatus,GSM2417830,,,,,,,no,,,,,GEO,SRA500995,,public,15F710AA13D49B874581F7C252E85BFE,4DCDE1868095675A32AA2156B234A2DB
SRR5080431,2016-12-08 21:20:37,2016-12-06 11:57:42,7290778,729077800,0,100,386,,https://sra-downloadb.be-md.ncbi.nlm.nih.gov/sos5/sra-pub-zq-14/SRR005/080/SRR5080431.sralite.1,SRX2398748,,RNA-Seq,cDNA,TRANSCRIPTOMIC,SINGLE,0,0,ILLUMINA,Illumina HiSeq 2500,SRP094638,PRJNA356411,2,356411,SRS1839668,SAMN06113304,simple,9739,Tursiops truncatus,GSM2417830,,,,,,,no,,,,,GEO,SRA500995,,public,CD95F00816B6FB5BDAE355614EB563C6,AE87FE76F4CFA86B3EE4FD0DC514BA87
SRR5080432,2016-12-08 21:20:37,2016-12-06 11:58:41,9368352,936835200,0,100,587,,https://sra-downloadb.be-md.ncbi.nlm.nih.gov/sos5/sra-pub-zq-14/SRR005/080/SRR5080432.sralite.1,SRX2398749,,RNA-Seq,cDNA,TRANSCRIPTOMIC,SINGLE,0,0,ILLUMINA,Illumina HiSeq 2500,SRP094638,PRJNA356411,2,356411,SRS1839669,SAMN06113303,simple,9739,Tursiops truncatus,GSM2417831,,,,,,,no,,,,,GEO,SRA500995,,public,B13F68CB3AEE2BB314073000EE8DB6A8,123EEECD095E4E99B7A7F5D427492E8D
SRR5080433,2016-12-08 21:20:37,2016-12-06 11:58:49,9294251,929425100,0,100,587,,https://sra-downloadb.be-md.ncbi.nlm.nih.gov/sos5/sra-pub-zq-14/SRR005/080/SRR5080433.sralite.1,SRX2398749,,RNA-Seq,cDNA,TRANSCRIPTOMIC,SINGLE,0,0,ILLUMINA,Illumina HiSeq 2500,SRP094638,PRJNA356411,2,356411,SRS1839669,SAMN06113303,simple,9739,Tursiops truncatus,GSM2417831,,,,,,,no,,,,,GEO,SRA500995,,public,DDA2CC7D7447E761EE67919BF53B8400,E33B1063DEBC8AF535F28C5CBB58EB05
SRR5080434,2016-12-08 21:20:37,2016-12-06 12:00:38,7484479,748447900,0,100,397,,https://sra-downloadb.be-md.ncbi.nlm.nih.gov/sos5/sra-pub-zq-14/SRR005/080/SRR5080434.sralite.1,SRX2398749,,RNA-Seq,cDNA,TRANSCRIPTOMIC,SINGLE,0,0,ILLUMINA,Illumina HiSeq 2500,SRP094638,PRJNA356411,2,356411,SRS1839669,SAMN06113303,simple,9739,Tursiops truncatus,GSM2417831,,,,,,,no,,,,,GEO,SRA500995,,public,3E58FFCD2A245A87A4146A681884D863,3FD86A01FD971A7E34AAE878FD7BF6E9
SRR5080435,2016-12-08 21:20:37,2016-12-06 11:59:48,8396746,839674600,0,100,444,,https://sra-downloadb.be-md.ncbi.nlm.nih.gov/sos5/sra-pub-zq-14/SRR005/080/SRR5080435.sralite.1,SRX2398749,,RNA-Seq,cDNA,TRANSCRIPTOMIC,SINGLE,0,0,ILLUMINA,Illumina HiSeq 2500,SRP094638,PRJNA356411,2,356411,SRS1839669,SAMN06113303,simple,9739,Tursiops truncatus,GSM2417831,,,,,,,no,,,,,GEO,SRA500995,,public,03D3503B4FF1E57A14FF72383D61F88B,F14FD15AA559B3834B6EFDA28523D782
SRR5080436,2016-12-08 21:20:37,2016-12-06 11:58:04,7866210,786621000,0,100,495,,https://sra-downloadb.be-md.ncbi.nlm.nih.gov/sos5/sra-pub-zq-14/SRR005/080/SRR5080436.sralite.1,SRX2398750,,RNA-Seq,cDNA,TRANSCRIPTOMIC,SINGLE,0,0,ILLUMINA,Illumina HiSeq 2500,SRP094638,PRJNA356411,2,356411,SRS1839670,SAMN06113302,simple,9739,Tursiops truncatus,GSM2417832,,,,,,,no,,,,,GEO,SRA500995,,public,06FD70136AABE2673A895B98506DC4AA,8F8D4FDB6707EFF6D562DAEC38DDBC9F
SRR5080437,2016-12-08 21:20:37,2016-12-06 11:58:15,7809480,780948000,0,100,496,,https://sra-downloadb.be-md.ncbi.nlm.nih.gov/sos5/sra-pub-zq-14/SRR005/080/SRR5080437.sralite.1,SRX2398750,,RNA-Seq,cDNA,TRANSCRIPTOMIC,SINGLE,0,0,ILLUMINA,Illumina HiSeq 2500,SRP094638,PRJNA356411,2,356411,SRS1839670,SAMN06113302,simple,9739,Tursiops truncatus,GSM2417832,,,,,,,no,,,,,GEO,SRA500995,,public,42F3D805B906327BBFD0F031D12E6ACE,CFDCCFF74FE4233FC28A51A204D61DDD
SRR5080438,2016-12-08 21:20:37,2016-12-06 11:59:33,6429138,642913800,0,100,343,,https://sra-downloadb.be-md.ncbi.nlm.nih.gov/sos5/sra-pub-zq-14/SRR005/080/SRR5080438.sralite.1,SRX2398750,,RNA-Seq,cDNA,TRANSCRIPTOMIC,SINGLE,0,0,ILLUMINA,Illumina HiSeq 2500,SRP094638,PRJNA356411,2,356411,SRS1839670,SAMN06113302,simple,9739,Tursiops truncatus,GSM2417832,,,,,,,no,,,,,GEO,SRA500995,,public,A85A7231AC6468F91AA0F5C263D5DF37,7875405F1BFDF149F7FA729504FD43DB
SRR5080439,2016-12-08 21:20:37,2016-12-06 11:58:03,7191937,719193700,0,100,381,,https://sra-downloadb.be-md.ncbi.nlm.nih.gov/sos5/sra-pub-zq-14/SRR005/080/SRR5080439.sralite.1,SRX2398750,,RNA-Seq,cDNA,TRANSCRIPTOMIC,SINGLE,0,0,ILLUMINA,Illumina HiSeq 2500,SRP094638,PRJNA356411,2,356411,SRS1839670,SAMN06113302,simple,9739,Tursiops truncatus,GSM2417832,,,,,,,no,,,,,GEO,SRA500995,,public,87EF8E4B7DB4E8BB24766D8E48AFA01D,E8FBFA4D84677B73AC6140C71C9F7661
SRR5080440,2016-12-08 21:20:37,2016-12-06 11:58:57,9664439,966443900,0,100,544,,https://sra-downloadb.be-md.ncbi.nlm.nih.gov/sos5/sra-pub-zq-14/SRR005/080/SRR5080440.sralite.1,SRX2398751,,RNA-Seq,cDNA,TRANSCRIPTOMIC,SINGLE,0,0,ILLUMINA,Illumina HiSeq 2500,SRP094638,PRJNA356411,2,356411,SRS1839671,SAMN06113301,simple,9739,Tursiops truncatus,GSM2417833,,,,,,,no,,,,,GEO,SRA500995,,public,28276B9219E92D7ECC48677ECA4C44BA,C154CB25292C614BB069A6699AF7C04F
SRR5080441,2016-12-08 21:20:37,2016-12-06 11:59:18,9425945,942594500,0,100,524,,https://sra-downloadb.be-md.ncbi.nlm.nih.gov/sos5/sra-pub-zq-14/SRR005/080/SRR5080441.sralite.1,SRX2398751,,RNA-Seq,cDNA,TRANSCRIPTOMIC,SINGLE,0,0,ILLUMINA,Illumina HiSeq 2500,SRP094638,PRJNA356411,2,356411,SRS1839671,SAMN06113301,simple,9739,Tursiops truncatus,GSM2417833,,,,,,,no,,,,,GEO,SRA500995,,public,7151EA0DE9830489D863482744829873,133D7DB16BDACF9CF7D2CC30E47D0D3A
SRR5080442,2016-12-08 21:20:37,2016-12-06 11:58:35,8300733,830073300,0,100,474,,https://sra-downloadb.be-md.ncbi.nlm.nih.gov/sos5/sra-pub-zq-14/SRR005/080/SRR5080442.sralite.1,SRX2398751,,RNA-Seq,cDNA,TRANSCRIPTOMIC,SINGLE,0,0,ILLUMINA,Illumina HiSeq 2500,SRP094638,PRJNA356411,2,356411,SRS1839671,SAMN06113301,simple,9739,Tursiops truncatus,GSM2417833,,,,,,,no,,,,,GEO,SRA500995,,public,DEFBAB94C2D382EAFAD9FF88AF67FA2E,43CC9CD762E76F4559250EDDBC66D097
SRR5080443,2016-12-08 21:20:37,2016-12-06 11:58:17,8174746,817474600,0,100,482,,https://sra-downloadb.be-md.ncbi.nlm.nih.gov/sos5/sra-pub-zq-14/SRR005/080/SRR5080443.sralite.1,SRX2398751,,RNA-Seq,cDNA,TRANSCRIPTOMIC,SINGLE,0,0,ILLUMINA,Illumina HiSeq 2500,SRP094638,PRJNA356411,2,356411,SRS1839671,SAMN06113301,simple,9739,Tursiops truncatus,GSM2417833,,,,,,,no,,,,,GEO,SRA500995,,public,ED772FF33B843195C3F5A144A33B587A,7723F86693AAB4EBA1833E2BB4FE1F76
SRR5080444,2016-12-08 21:20:37,2016-12-06 11:58:21,7604704,760470400,0,100,473,,https://sra-downloadb.be-md.ncbi.nlm.nih.gov/sos5/sra-pub-zq-14/SRR005/080/SRR5080444.sralite.1,SRX2398752,,RNA-Seq,cDNA,TRANSCRIPTOMIC,SINGLE,0,0,ILLUMINA,Illumina HiSeq 2500,SRP094638,PRJNA356411,2,356411,SRS1839672,SAMN06113300,simple,9739,Tursiops truncatus,GSM2417834,,,,,,,no,,,,,GEO,SRA500995,,public,320D14AA86CAA25B0AA942A14F029402,57489D60C2C10BDB25854D1A111F264E
SRR5080445,2016-12-08 21:20:37,2016-12-06 11:58:45,7519336,751933600,0,100,463,,https://sra-downloadb.be-md.ncbi.nlm.nih.gov/sos5/sra-pub-zq-14/SRR005/080/SRR5080445.sralite.1,SRX2398752,,RNA-Seq,cDNA,TRANSCRIPTOMIC,SINGLE,0,0,ILLUMINA,Illumina HiSeq 2500,SRP094638,PRJNA356411,2,356411,SRS1839672,SAMN06113300,simple,9739,Tursiops truncatus,GSM2417834,,,,,,,no,,,,,GEO,SRA500995,,public,EBD05B99BDEA9A6C76D2D73D826AF07E,483BE775CE77B58A0F171B30DB497CD5
SRR5080446,2016-12-08 21:20:37,2016-12-06 11:57:50,6433917,643391700,0,100,344,,https://sra-downloadb.be-md.ncbi.nlm.nih.gov/sos5/sra-pub-zq-14/SRR005/080/SRR5080446.sralite.1,SRX2398752,,RNA-Seq,cDNA,TRANSCRIPTOMIC,SINGLE,0,0,ILLUMINA,Illumina HiSeq 2500,SRP094638,PRJNA356411,2,356411,SRS1839672,SAMN06113300,simple,9739,Tursiops truncatus,GSM2417834,,,,,,,no,,,,,GEO,SRA500995,,public,255E59E8CC5A77155C56586732CFE58B,A90D0EB83E5177EDE4CCAA6098B65ACD
SRR5080447,2016-12-08 21:20:37,2016-12-06 11:58:29,6846959,684695900,0,100,360,,https://sra-downloadb.be-md.ncbi.nlm.nih.gov/sos5/sra-pub-zq-14/SRR005/080/SRR5080447.sralite.1,SRX2398752,,RNA-Seq,cDNA,TRANSCRIPTOMIC,SINGLE,0,0,ILLUMINA,Illumina HiSeq 2500,SRP094638,PRJNA356411,2,356411,SRS1839672,SAMN06113300,simple,9739,Tursiops truncatus,GSM2417834,,,,,,,no,,,,,GEO,SRA500995,,public,47695943524B65D2EF963569D942D184,6295046BFEEE5C2F21CD99CA2FF60446
SRR5080448,2016-12-08 21:20:37,2016-12-06 11:58:43,7624485,762448500,0,100,474,,https://sra-downloadb.be-md.ncbi.nlm.nih.gov/sos5/sra-pub-zq-14/SRR005/080/SRR5080448.sralite.1,SRX2398753,,RNA-Seq,cDNA,TRANSCRIPTOMIC,SINGLE,0,0,ILLUMINA,Illumina HiSeq 2500,SRP094638,PRJNA356411,2,356411,SRS1839673,SAMN06113299,simple,9739,Tursiops truncatus,GSM2417835,,,,,,,no,,,,,GEO,SRA500995,,public,F1CCA9D9701C9822CB39C7DEE09DA647,23AFF3FA80402550BF13B0FF796A574E
SRR5080449,2016-12-08 21:20:37,2016-12-06 11:59:10,7525750,752575000,0,100,463,,https://sra-downloadb.be-md.ncbi.nlm.nih.gov/sos5/sra-pub-zq-14/SRR005/080/SRR5080449.sralite.1,SRX2398753,,RNA-Seq,cDNA,TRANSCRIPTOMIC,SINGLE,0,0,ILLUMINA,Illumina HiSeq 2500,SRP094638,PRJNA356411,2,356411,SRS1839673,SAMN06113299,simple,9739,Tursiops truncatus,GSM2417835,,,,,,,no,,,,,GEO,SRA500995,,public,013A50F68B1D840DA02B25D4452A4A2C,536385DE7A8AF66B384DBDBA05015527
SRR5080450,2016-12-08 21:20:37,2016-12-06 11:58:04,6473978,647397800,0,100,345,,https://sra-downloadb.be-md.ncbi.nlm.nih.gov/sos5/sra-pub-zq-14/SRR005/080/SRR5080450.sralite.1,SRX2398753,,RNA-Seq,cDNA,TRANSCRIPTOMIC,SINGLE,0,0,ILLUMINA,Illumina HiSeq 2500,SRP094638,PRJNA356411,2,356411,SRS1839673,SAMN06113299,simple,9739,Tursiops truncatus,GSM2417835,,,,,,,no,,,,,GEO,SRA500995,,public,B8BF6C8D29DC43EA4D0110D9DFF08651,2EEE5155A3D312C584FF7A80E8F93DE5
SRR5080451,2016-12-08 21:20:37,2016-12-06 11:58:12,6820109,682010900,0,100,358,,https://sra-downloadb.be-md.ncbi.nlm.nih.gov/sos5/sra-pub-zq-14/SRR005/080/SRR5080451.sralite.1,SRX2398753,,RNA-Seq,cDNA,TRANSCRIPTOMIC,SINGLE,0,0,ILLUMINA,Illumina HiSeq 2500,SRP094638,PRJNA356411,2,356411,SRS1839673,SAMN06113299,simple,9739,Tursiops truncatus,GSM2417835,,,,,,,no,,,,,GEO,SRA500995,,public,36930DB4CF58A22FE238646177AB2119,52518CF9E2AF723C0D9CDA216E361967
SRR5080452,2016-12-08 21:20:37,2016-12-06 11:58:44,8295007,829500700,0,100,516,,https://sra-downloadb.be-md.ncbi.nlm.nih.gov/sos5/sra-pub-zq-14/SRR005/080/SRR5080452.sralite.1,SRX2398754,,RNA-Seq,cDNA,TRANSCRIPTOMIC,SINGLE,0,0,ILLUMINA,Illumina HiSeq 2500,SRP094638,PRJNA356411,2,356411,SRS1839674,SAMN06113305,simple,9739,Tursiops truncatus,GSM2417836,,,,,,,no,,,,,GEO,SRA500995,,public,F674718DB2BEC55F1477B2EBC56ACF05,EEF911A0E22EE23E2FD4DE058B38C1FA
SRR5080453,2016-12-08 21:20:37,2016-12-06 11:59:50,8197323,819732300,0,100,505,,https://sra-downloadb.be-md.ncbi.nlm.nih.gov/sos5/sra-pub-zq-14/SRR005/080/SRR5080453.sralite.1,SRX2398754,,RNA-Seq,cDNA,TRANSCRIPTOMIC,SINGLE,0,0,ILLUMINA,Illumina HiSeq 2500,SRP094638,PRJNA356411,2,356411,SRS1839674,SAMN06113305,simple,9739,Tursiops truncatus,GSM2417836,,,,,,,no,,,,,GEO,SRA500995,,public,1C56BFFB67AD9FF451EF03A48D760FB8,8C2299F028515B191D3B3046D5A3FA44
SRR5080454,2016-12-08 21:20:37,2016-12-06 11:59:41,7069620,706962000,0,100,378,,https://sra-downloadb.be-md.ncbi.nlm.nih.gov/sos5/sra-pub-zq-14/SRR005/080/SRR5080454.sralite.1,SRX2398754,,RNA-Seq,cDNA,TRANSCRIPTOMIC,SINGLE,0,0,ILLUMINA,Illumina HiSeq 2500,SRP094638,PRJNA356411,2,356411,SRS1839674,SAMN06113305,simple,9739,Tursiops truncatus,GSM2417836,,,,,,,no,,,,,GEO,SRA500995,,public,6CA197F18121903C71F0DFC09C34676F,D045D1400D44E45397B429C6C3951BB3
SRR5080455,2016-12-08 21:20:37,2016-12-06 11:58:49,7415146,741514600,0,100,389,,https://sra-downloadb.be-md.ncbi.nlm.nih.gov/sos5/sra-pub-zq-14/SRR005/080/SRR5080455.sralite.1,SRX2398754,,RNA-Seq,cDNA,TRANSCRIPTOMIC,SINGLE,0,0,ILLUMINA,Illumina HiSeq 2500,SRP094638,PRJNA356411,2,356411,SRS1839674,SAMN06113305,simple,9739,Tursiops truncatus,GSM2417836,,,,,,,no,,,,,GEO,SRA500995,,public,8DDC1E4BE9833F39490FA70E3ED23452,814915A4760ED03299F1D5269B08890E
SRR5080456,2016-12-08 21:20:37,2016-12-06 11:59:19,7401055,740105500,0,100,460,,https://sra-downloadb.be-md.ncbi.nlm.nih.gov/sos5/sra-pub-zq-14/SRR005/080/SRR5080456.sralite.1,SRX2398755,,RNA-Seq,cDNA,TRANSCRIPTOMIC,SINGLE,0,0,ILLUMINA,Illumina HiSeq 2500,SRP094638,PRJNA356411,2,356411,SRS1839677,SAMN06113298,simple,9739,Tursiops truncatus,GSM2417837,,,,,,,no,,,,,GEO,SRA500995,,public,514AD597B9415755DEEDC6A8B5A27DA1,8017283CADBE422F46B2FDB254FB06F5
SRR5080457,2016-12-08 21:20:37,2016-12-06 11:58:59,7293178,729317800,0,100,449,,https://sra-downloadb.be-md.ncbi.nlm.nih.gov/sos5/sra-pub-zq-14/SRR005/080/SRR5080457.sralite.1,SRX2398755,,RNA-Seq,cDNA,TRANSCRIPTOMIC,SINGLE,0,0,ILLUMINA,Illumina HiSeq 2500,SRP094638,PRJNA356411,2,356411,SRS1839677,SAMN06113298,simple,9739,Tursiops truncatus,GSM2417837,,,,,,,no,,,,,GEO,SRA500995,,public,D29F65D7B2330B7E60D17D4E9F8A9418,8621DF4322ED1014DF41AB2F571C1D8F
SRR5080458,2016-12-08 21:20:37,2016-12-06 11:58:30,6300232,630023200,0,100,335,,https://sra-downloadb.be-md.ncbi.nlm.nih.gov/sos5/sra-pub-zq-14/SRR005/080/SRR5080458.sralite.1,SRX2398755,,RNA-Seq,cDNA,TRANSCRIPTOMIC,SINGLE,0,0,ILLUMINA,Illumina HiSeq 2500,SRP094638,PRJNA356411,2,356411,SRS1839677,SAMN06113298,simple,9739,Tursiops truncatus,GSM2417837,,,,,,,no,,,,,GEO,SRA500995,,public,3DC6C72795CC428ABD1CC660ADC78B6D,8D861DEA13FF9B957B0424D57CC47B04
SRR5080459,2016-12-08 21:20:37,2016-12-06 11:58:42,6553977,655397700,0,100,343,,https://sra-downloadb.be-md.ncbi.nlm.nih.gov/sos5/sra-pub-zq-14/SRR005/080/SRR5080459.sralite.1,SRX2398755,,RNA-Seq,cDNA,TRANSCRIPTOMIC,SINGLE,0,0,ILLUMINA,Illumina HiSeq 2500,SRP094638,PRJNA356411,2,356411,SRS1839677,SAMN06113298,simple,9739,Tursiops truncatus,GSM2417837,,,,,,,no,,,,,GEO,SRA500995,,public,F51358D7232C57188FF0E99B8FE08003,508C26980B29655D8513A42FAF29AA91
SRR5080460,2016-12-08 21:20:37,2016-12-06 11:59:40,6503634,650363400,0,100,374,,https://sra-downloadb.be-md.ncbi.nlm.nih.gov/sos5/sra-pub-zq-14/SRR005/080/SRR5080460.sralite.1,SRX2398756,,RNA-Seq,cDNA,TRANSCRIPTOMIC,SINGLE,0,0,ILLUMINA,Illumina HiSeq 2500,SRP094638,PRJNA356411,2,356411,SRS1839675,SAMN06113297,simple,9739,Tursiops truncatus,GSM2417838,,,,,,,no,,,,,GEO,SRA500995,,public,596253EB825D217503F6039715812AC9,1FF7D5E8D6D325E74ABBD5AFEC2A0E79
SRR5080461,2016-12-08 21:20:37,2016-12-06 12:00:01,7267225,726722500,0,100,391,,https://sra-downloadb.be-md.ncbi.nlm.nih.gov/sos5/sra-pub-zq-14/SRR005/080/SRR5080461.sralite.1,SRX2398756,,RNA-Seq,cDNA,TRANSCRIPTOMIC,SINGLE,0,0,ILLUMINA,Illumina HiSeq 2500,SRP094638,PRJNA356411,2,356411,SRS1839675,SAMN06113297,simple,9739,Tursiops truncatus,GSM2417838,,,,,,,no,,,,,GEO,SRA500995,,public,B2F689FA2BD0E13DBD09C05AF0046FC4,E2FC3DC86EAA049BE648C7F3C95A2785
SRR5080462,2016-12-08 21:20:37,2016-12-06 11:58:17,6566699,656669900,0,100,385,,https://sra-downloadb.be-md.ncbi.nlm.nih.gov/sos5/sra-pub-zq-14/SRR005/080/SRR5080462.sralite.1,SRX2398756,,RNA-Seq,cDNA,TRANSCRIPTOMIC,SINGLE,0,0,ILLUMINA,Illumina HiSeq 2500,SRP094638,PRJNA356411,2,356411,SRS1839675,SAMN06113297,simple,9739,Tursiops truncatus,GSM2417838,,,,,,,no,,,,,GEO,SRA500995,,public,F9C1C8F07346394F0D74A884AA19718F,4931DF73B46397C26E3255F097BBA1E8
SRR5080463,2016-12-08 21:20:37,2016-12-06 11:59:15,7178217,717821700,0,100,387,,https://sra-downloadb.be-md.ncbi.nlm.nih.gov/sos5/sra-pub-zq-14/SRR005/080/SRR5080463.sralite.1,SRX2398756,,RNA-Seq,cDNA,TRANSCRIPTOMIC,SINGLE,0,0,ILLUMINA,Illumina HiSeq 2500,SRP094638,PRJNA356411,2,356411,SRS1839675,SAMN06113297,simple,9739,Tursiops truncatus,GSM2417838,,,,,,,no,,,,,GEO,SRA500995,,public,105CA555003E824EE040B3ADB89B486E,2924FB3955241B4DF0EE5F38CFD73435
SRR5080464,2016-12-08 21:20:37,2016-12-06 11:58:08,6276978,627697800,0,100,395,,https://sra-downloadb.be-md.ncbi.nlm.nih.gov/sos5/sra-pub-zq-14/SRR005/080/SRR5080464.sralite.1,SRX2398757,,RNA-Seq,cDNA,TRANSCRIPTOMIC,SINGLE,0,0,ILLUMINA,Illumina HiSeq 2500,SRP094638,PRJNA356411,2,356411,SRS1839676,SAMN06113296,simple,9739,Tursiops truncatus,GSM2417839,,,,,,,no,,,,,GEO,SRA500995,,public,C7B622D03B5C861F7D17695FE1B8BC7C,FCE73858BF89EB90CC7DC453263FEF6B
SRR5080465,2016-12-08 21:20:37,2016-12-06 11:58:48,6221588,622158800,0,100,387,,https://sra-downloadb.be-md.ncbi.nlm.nih.gov/sos5/sra-pub-zq-14/SRR005/080/SRR5080465.sralite.1,SRX2398757,,RNA-Seq,cDNA,TRANSCRIPTOMIC,SINGLE,0,0,ILLUMINA,Illumina HiSeq 2500,SRP094638,PRJNA356411,2,356411,SRS1839676,SAMN06113296,simple,9739,Tursiops truncatus,GSM2417839,,,,,,,no,,,,,GEO,SRA500995,,public,D006D1F40D368A5E9CB214F63E033CCC,9842E26C86935D857B94CB201D59DE8B
SRR5080466,2016-12-08 21:20:37,2016-12-06 11:59:59,5275037,527503700,0,100,286,,https://sra-downloadb.be-md.ncbi.nlm.nih.gov/sos5/sra-pub-zq-14/SRR005/080/SRR5080466.sralite.1,SRX2398757,,RNA-Seq,cDNA,TRANSCRIPTOMIC,SINGLE,0,0,ILLUMINA,Illumina HiSeq 2500,SRP094638,PRJNA356411,2,356411,SRS1839676,SAMN06113296,simple,9739,Tursiops truncatus,GSM2417839,,,,,,,no,,,,,GEO,SRA500995,,public,84F829DFFA6FA8993C2DF01C1E4490D0,C499BBC676B69B2BEAAA77B42D512606
SRR5080467,2016-12-08 21:20:37,2016-12-06 11:58:04,5692465,569246500,0,100,303,,https://sra-downloadb.be-md.ncbi.nlm.nih.gov/sos5/sra-pub-zq-14/SRR005/080/SRR5080467.sralite.1,SRX2398757,,RNA-Seq,cDNA,TRANSCRIPTOMIC,SINGLE,0,0,ILLUMINA,Illumina HiSeq 2500,SRP094638,PRJNA356411,2,356411,SRS1839676,SAMN06113296,simple,9739,Tursiops truncatus,GSM2417839,,,,,,,no,,,,,GEO,SRA500995,,public,C86812BE26EEEA7C11C5CD644EC4740E,52355E3D08EEAEA660F34B287844CB6C
SRR5080468,2016-12-08 21:20:37,2016-12-06 11:58:02,5665769,566576900,0,100,328,,https://sra-downloadb.be-md.ncbi.nlm.nih.gov/sos5/sra-pub-zq-14/SRR005/080/SRR5080468.sralite.1,SRX2398758,,RNA-Seq,cDNA,TRANSCRIPTOMIC,SINGLE,0,0,ILLUMINA,Illumina HiSeq 2500,SRP094638,PRJNA356411,2,356411,SRS1839678,SAMN06113295,simple,9739,Tursiops truncatus,GSM2417840,,,,,,,no,,,,,GEO,SRA500995,,public,2602158D3B609C877C72141B13FB692D,BE2430743485E7C624777A89C72FC761
SRR5080469,2016-12-08 21:20:37,2016-12-06 11:58:24,6345801,634580100,0,100,345,,https://sra-downloadb.be-md.ncbi.nlm.nih.gov/sos5/sra-pub-zq-14/SRR005/080/SRR5080469.sralite.1,SRX2398758,,RNA-Seq,cDNA,TRANSCRIPTOMIC,SINGLE,0,0,ILLUMINA,Illumina HiSeq 2500,SRP094638,PRJNA356411,2,356411,SRS1839678,SAMN06113295,simple,9739,Tursiops truncatus,GSM2417840,,,,,,,no,,,,,GEO,SRA500995,,public,B19DCFA73DA2BC6F9D869E5AE40F58DD,605B6385D1B5FB9A9D47658D7FA0ECBE
SRR5080470,2016-12-08 21:20:37,2016-12-06 11:58:06,5609906,560990600,0,100,332,,https://sra-downloadb.be-md.ncbi.nlm.nih.gov/sos5/sra-pub-zq-14/SRR005/080/SRR5080470.sralite.1,SRX2398758,,RNA-Seq,cDNA,TRANSCRIPTOMIC,SINGLE,0,0,ILLUMINA,Illumina HiSeq 2500,SRP094638,PRJNA356411,2,356411,SRS1839678,SAMN06113295,simple,9739,Tursiops truncatus,GSM2417840,,,,,,,no,,,,,GEO,SRA500995,,public,F5432527C9E44724567EC33D6F0B68B1,C88850C974EBABA7BEF7B2B67CEDEAF8
SRR5080471,2016-12-08 21:20:37,2016-12-06 11:58:39,6282741,628274100,0,100,342,,https://sra-downloadb.be-md.ncbi.nlm.nih.gov/sos5/sra-pub-zq-14/SRR005/080/SRR5080471.sralite.1,SRX2398758,,RNA-Seq,cDNA,TRANSCRIPTOMIC,SINGLE,0,0,ILLUMINA,Illumina HiSeq 2500,SRP094638,PRJNA356411,2,356411,SRS1839678,SAMN06113295,simple,9739,Tursiops truncatus,GSM2417840,,,,,,,no,,,,,GEO,SRA500995,,public,72CC129CD9F96A26ED5523EAB5C982A3,CE6CA850A62BCF7778FE8EF24658799A
SRR5080472,2016-12-08 21:20:37,2016-12-06 11:59:15,7061524,706152400,0,100,408,,https://sra-downloadb.be-md.ncbi.nlm.nih.gov/sos5/sra-pub-zq-14/SRR005/080/SRR5080472.sralite.1,SRX2398759,,RNA-Seq,cDNA,TRANSCRIPTOMIC,SINGLE,0,0,ILLUMINA,Illumina HiSeq 2500,SRP094638,PRJNA356411,2,356411,SRS1839679,SAMN06113294,simple,9739,Tursiops truncatus,GSM2417841,,,,,,,no,,,,,GEO,SRA500995,,public,B1F0C7856EAB73E397F8AA9A1499B0F6,A481A55445654A76BF03AC580C3EF32C
SRR5080473,2016-12-08 21:20:37,2016-12-06 11:59:48,7948507,794850700,0,100,430,,https://sra-downloadb.be-md.ncbi.nlm.nih.gov/sos5/sra-pub-zq-14/SRR005/080/SRR5080473.sralite.1,SRX2398759,,RNA-Seq,cDNA,TRANSCRIPTOMIC,SINGLE,0,0,ILLUMINA,Illumina HiSeq 2500,SRP094638,PRJNA356411,2,356411,SRS1839679,SAMN06113294,simple,9739,Tursiops truncatus,GSM2417841,,,,,,,no,,,,,GEO,SRA500995,,public,09BBE620D4C2EA77F162491660A87916,3A23B0602F80FED75FB8D834AE508B8A
SRR5080474,2016-12-08 21:20:37,2016-12-06 11:59:25,7207110,720711000,0,100,424,,https://sra-downloadb.be-md.ncbi.nlm.nih.gov/sos5/sra-pub-zq-14/SRR005/080/SRR5080474.sralite.1,SRX2398759,,RNA-Seq,cDNA,TRANSCRIPTOMIC,SINGLE,0,0,ILLUMINA,Illumina HiSeq 2500,SRP094638,PRJNA356411,2,356411,SRS1839679,SAMN06113294,simple,9739,Tursiops truncatus,GSM2417841,,,,,,,no,,,,,GEO,SRA500995,,public,752D95CCFA5FF899314731CE6CE147C4,FF76F9E37E3F1F0ECF141AA29C51BF46
SRR5080475,2016-12-08 21:20:37,2016-12-06 11:59:54,7852044,785204400,0,100,425,,https://sra-downloadb.be-md.ncbi.nlm.nih.gov/sos5/sra-pub-zq-14/SRR005/080/SRR5080475.sralite.1,SRX2398759,,RNA-Seq,cDNA,TRANSCRIPTOMIC,SINGLE,0,0,ILLUMINA,Illumina HiSeq 2500,SRP094638,PRJNA356411,2,356411,SRS1839679,SAMN06113294,simple,9739,Tursiops truncatus,GSM2417841,,,,,,,no,,,,,GEO,SRA500995,,public,BD0F90B8C834CAF28D9F7F1C340C330F,C966B8AF023D01C273F05260C7F62121
SRR5080484,2016-12-08 21:20:37,2016-12-06 12:01:11,8670955,867095500,0,100,489,,https://sra-downloadb.be-md.ncbi.nlm.nih.gov/sos5/sra-pub-zq-14/SRR005/080/SRR5080484.sralite.1,SRX2398762,,RNA-Seq,cDNA,TRANSCRIPTOMIC,SINGLE,0,0,ILLUMINA,Illumina HiSeq 2500,SRP094638,PRJNA356411,2,356411,SRS1839680,SAMN06113291,simple,9739,Tursiops truncatus,GSM2417844,,,,,,,no,,,,,GEO,SRA500995,,public,01B1AA8C79EEAB6686EBA6EBC5CF8B5D,6A1610A0CAB3CB0105C9F1A8854184C7
SRR5080485,2016-12-08 21:20:37,2016-12-06 12:00:28,8465059,846505900,0,100,472,,https://sra-downloadb.be-md.ncbi.nlm.nih.gov/sos5/sra-pub-zq-14/SRR005/080/SRR5080485.sralite.1,SRX2398762,,RNA-Seq,cDNA,TRANSCRIPTOMIC,SINGLE,0,0,ILLUMINA,Illumina HiSeq 2500,SRP094638,PRJNA356411,2,356411,SRS1839680,SAMN06113291,simple,9739,Tursiops truncatus,GSM2417844,,,,,,,no,,,,,GEO,SRA500995,,public,F550CB12A68894758ACEF568FF9DA0BA,5596D6D6443B2D4E00C0130FAB5EA7C7
SRR5080486,2016-12-08 21:20:37,2016-12-06 11:59:06,7457124,745712400,0,100,428,,https://sra-downloadb.be-md.ncbi.nlm.nih.gov/sos5/sra-pub-zq-14/SRR005/080/SRR5080486.sralite.1,SRX2398762,,RNA-Seq,cDNA,TRANSCRIPTOMIC,SINGLE,0,0,ILLUMINA,Illumina HiSeq 2500,SRP094638,PRJNA356411,2,356411,SRS1839680,SAMN06113291,simple,9739,Tursiops truncatus,GSM2417844,,,,,,,no,,,,,GEO,SRA500995,,public,2726DE9CAF475AAB07023C4834D9A58C,2DF7602CD89182F009365A148024BB0F
SRR5080487,2016-12-08 21:20:37,2016-12-06 11:59:37,7366776,736677600,0,100,436,,https://sra-downloadb.be-md.ncbi.nlm.nih.gov/sos5/sra-pub-zq-14/SRR005/080/SRR5080487.sralite.1,SRX2398762,,RNA-Seq,cDNA,TRANSCRIPTOMIC,SINGLE,0,0,ILLUMINA,Illumina HiSeq 2500,SRP094638,PRJNA356411,2,356411,SRS1839680,SAMN06113291,simple,9739,Tursiops truncatus,GSM2417844,,,,,,,no,,,,,GEO,SRA500995,,public,B20A0E6520CF8E651F932721BB39314A,1BAE7A7FB5D05ADC8B8D68374836522D
SRR5080480,2016-12-08 21:20:37,2016-12-06 11:59:39,7997575,799757500,0,100,500,,https://sra-downloadb.be-md.ncbi.nlm.nih.gov/sos5/sra-pub-zq-14/SRR005/080/SRR5080480.sralite.1,SRX2398761,,RNA-Seq,cDNA,TRANSCRIPTOMIC,SINGLE,0,0,ILLUMINA,Illumina HiSeq 2500,SRP094638,PRJNA356411,2,356411,SRS1839681,SAMN06113292,simple,9739,Tursiops truncatus,GSM2417843,,,,,,,no,,,,,GEO,SRA500995,,public,F89555A3613BCFAFE5BCD39E03506AE7,224C9EBDF749F8E143765385AC5256EC
SRR5080481,2016-12-08 21:20:37,2016-12-06 11:59:15,7904661,790466100,0,100,490,,https://sra-downloadb.be-md.ncbi.nlm.nih.gov/sos5/sra-pub-zq-14/SRR005/080/SRR5080481.sralite.1,SRX2398761,,RNA-Seq,cDNA,TRANSCRIPTOMIC,SINGLE,0,0,ILLUMINA,Illumina HiSeq 2500,SRP094638,PRJNA356411,2,356411,SRS1839681,SAMN06113292,simple,9739,Tursiops truncatus,GSM2417843,,,,,,,no,,,,,GEO,SRA500995,,public,1E72B737DEB6A1FC3FE582BE7DFF255E,2349E2B224358839681617BC85266FF7
SRR5080482,2016-12-08 21:20:37,2016-12-06 11:58:57,6757779,675777900,0,100,364,,https://sra-downloadb.be-md.ncbi.nlm.nih.gov/sos5/sra-pub-zq-14/SRR005/080/SRR5080482.sralite.1,SRX2398761,,RNA-Seq,cDNA,TRANSCRIPTOMIC,SINGLE,0,0,ILLUMINA,Illumina HiSeq 2500,SRP094638,PRJNA356411,2,356411,SRS1839681,SAMN06113292,simple,9739,Tursiops truncatus,GSM2417843,,,,,,,no,,,,,GEO,SRA500995,,public,3AE6C9268618C0B750D470665403F18D,33BE6365E8DE04853D2C7BF4DB0E6904
SRR5080483,2016-12-08 21:20:37,2016-12-06 12:00:22,7195988,719598800,0,100,380,,https://sra-downloadb.be-md.ncbi.nlm.nih.gov/sos5/sra-pub-zq-14/SRR005/080/SRR5080483.sralite.1,SRX2398761,,RNA-Seq,cDNA,TRANSCRIPTOMIC,SINGLE,0,0,ILLUMINA,Illumina HiSeq 2500,SRP094638,PRJNA356411,2,356411,SRS1839681,SAMN06113292,simple,9739,Tursiops truncatus,GSM2417843,,,,,,,no,,,,,GEO,SRA500995,,public,6D9327891BE33CD69E29966938E72E2D,F58BD7BE46D3D0FF08A05328DC5CD287
SRR5080476,2016-12-08 21:20:37,2016-12-06 11:59:25,9197596,919759600,0,100,578,,https://sra-downloadb.be-md.ncbi.nlm.nih.gov/sos5/sra-pub-zq-14/SRR005/080/SRR5080476.sralite.1,SRX2398760,,RNA-Seq,cDNA,TRANSCRIPTOMIC,SINGLE,0,0,ILLUMINA,Illumina HiSeq 2500,SRP094638,PRJNA356411,2,356411,SRS1839682,SAMN06113293,simple,9739,Tursiops truncatus,GSM2417842,,,,,,,no,,,,,GEO,SRA500995,,public,35DDE320E12C3FECE45857F0EB251849,63F01B030D5D5F8331A0BF3ECA7CA872
SRR5080477,2016-12-08 21:20:37,2016-12-06 11:59:50,9102789,910278900,0,100,577,,https://sra-downloadb.be-md.ncbi.nlm.nih.gov/sos5/sra-pub-zq-14/SRR005/080/SRR5080477.sralite.1,SRX2398760,,RNA-Seq,cDNA,TRANSCRIPTOMIC,SINGLE,0,0,ILLUMINA,Illumina HiSeq 2500,SRP094638,PRJNA356411,2,356411,SRS1839682,SAMN06113293,simple,9739,Tursiops truncatus,GSM2417842,,,,,,,no,,,,,GEO,SRA500995,,public,FAC1228A3C08E8268424EDDC62DC1692,594753485CD875CE24F57170660F6291
SRR5080478,2016-12-08 21:20:37,2016-12-06 12:00:00,7461435,746143500,0,100,397,,https://sra-downloadb.be-md.ncbi.nlm.nih.gov/sos5/sra-pub-zq-14/SRR005/080/SRR5080478.sralite.1,SRX2398760,,RNA-Seq,cDNA,TRANSCRIPTOMIC,SINGLE,0,0,ILLUMINA,Illumina HiSeq 2500,SRP094638,PRJNA356411,2,356411,SRS1839682,SAMN06113293,simple,9739,Tursiops truncatus,GSM2417842,,,,,,,no,,,,,GEO,SRA500995,,public,C18725970F3CDBD37BF3F38873ABFCDD,ABEF7C14F6201E9E7B8B3C6C486843CB
SRR5080479,2016-12-08 21:20:37,2016-12-06 11:59:52,8303192,830319200,0,100,439,,https://sra-downloadb.be-md.ncbi.nlm.nih.gov/sos5/sra-pub-zq-14/SRR005/080/SRR5080479.sralite.1,SRX2398760,,RNA-Seq,cDNA,TRANSCRIPTOMIC,SINGLE,0,0,ILLUMINA,Illumina HiSeq 2500,SRP094638,PRJNA356411,2,356411,SRS1839682,SAMN06113293,simple,9739,Tursiops truncatus,GSM2417842,,,,,,,no,,,,,GEO,SRA500995,,public,16840E4B6823DC7FB8229054D57874F5,C7D830E6879E956E1391A119BCEAEE93
SRR5080492,2016-12-08 21:20:37,2016-12-06 12:02:35,9477500,947750000,0,100,598,,https://sra-downloadb.be-md.ncbi.nlm.nih.gov/sos5/sra-pub-zq-14/SRR005/080/SRR5080492.sralite.1,SRX2398764,,RNA-Seq,cDNA,TRANSCRIPTOMIC,SINGLE,0,0,ILLUMINA,Illumina HiSeq 2500,SRP094638,PRJNA356411,2,356411,SRS1839683,SAMN06113289,simple,9739,Tursiops truncatus,GSM2417846,,,,,,,no,,,,,GEO,SRA500995,,public,11C5098B63AFC5B113872F2C88E37673,96E4909D8DCDF5D00831E9600C071720
SRR5080493,2016-12-08 21:20:37,2016-12-06 12:00:40,9394665,939466500,0,100,598,,https://sra-downloadb.be-md.ncbi.nlm.nih.gov/sos5/sra-pub-zq-14/SRR005/080/SRR5080493.sralite.1,SRX2398764,,RNA-Seq,cDNA,TRANSCRIPTOMIC,SINGLE,0,0,ILLUMINA,Illumina HiSeq 2500,SRP094638,PRJNA356411,2,356411,SRS1839683,SAMN06113289,simple,9739,Tursiops truncatus,GSM2417846,,,,,,,no,,,,,GEO,SRA500995,,public,F1EBEEF8CB6B955CB56D1045EDF9F268,23D685A333935EADAE9D224D9899640F
SRR5080494,2016-12-08 21:20:37,2016-12-06 11:59:32,7647217,764721700,0,100,408,,https://sra-downloadb.be-md.ncbi.nlm.nih.gov/sos5/sra-pub-zq-14/SRR005/080/SRR5080494.sralite.1,SRX2398764,,RNA-Seq,cDNA,TRANSCRIPTOMIC,SINGLE,0,0,ILLUMINA,Illumina HiSeq 2500,SRP094638,PRJNA356411,2,356411,SRS1839683,SAMN06113289,simple,9739,Tursiops truncatus,GSM2417846,,,,,,,no,,,,,GEO,SRA500995,,public,22C0C39FDDE7BF22D3494B69FDEB7438,9C4C14D1DEB91B948E92FEC2BED3F307
SRR5080495,2016-12-08 21:20:37,2016-12-06 12:00:35,8574488,857448800,0,100,455,,https://sra-downloadb.be-md.ncbi.nlm.nih.gov/sos5/sra-pub-zq-14/SRR005/080/SRR5080495.sralite.1,SRX2398764,,RNA-Seq,cDNA,TRANSCRIPTOMIC,SINGLE,0,0,ILLUMINA,Illumina HiSeq 2500,SRP094638,PRJNA356411,2,356411,SRS1839683,SAMN06113289,simple,9739,Tursiops truncatus,GSM2417846,,,,,,,no,,,,,GEO,SRA500995,,public,DAC6196C2AB3AABF225E71EE89C6D91E,E17B6BF9DF7A4CE5C381BD76643B0381
SRR5080488,2016-12-08 21:20:37,2016-12-06 12:00:42,8546199,854619900,0,100,542,,https://sra-downloadb.be-md.ncbi.nlm.nih.gov/sos5/sra-pub-zq-14/SRR005/080/SRR5080488.sralite.1,SRX2398763,,RNA-Seq,cDNA,TRANSCRIPTOMIC,SINGLE,0,0,ILLUMINA,Illumina HiSeq 2500,SRP094638,PRJNA356411,2,356411,SRS1839684,SAMN06113290,simple,9739,Tursiops truncatus,GSM2417845,,,,,,,no,,,,,GEO,SRA500995,,public,FC6495C41A23F2B8BF04E75F1EDD5D3A,FCB1E29C77F62C910A8F509D26E8DF89
SRR5080489,2016-12-08 21:20:37,2016-12-06 12:00:46,8468222,846822200,0,100,542,,https://sra-downloadb.be-md.ncbi.nlm.nih.gov/sos5/sra-pub-zq-14/SRR005/080/SRR5080489.sralite.1,SRX2398763,,RNA-Seq,cDNA,TRANSCRIPTOMIC,SINGLE,0,0,ILLUMINA,Illumina HiSeq 2500,SRP094638,PRJNA356411,2,356411,SRS1839684,SAMN06113290,simple,9739,Tursiops truncatus,GSM2417845,,,,,,,no,,,,,GEO,SRA500995,,public,BF410868EAE924633D4C0198E0FF7BF5,581F4E244EE185F7CBEFC68D472A1E60
SRR5080490,2016-12-08 21:20:37,2016-12-06 12:00:11,6981390,698139000,0,100,376,,https://sra-downloadb.be-md.ncbi.nlm.nih.gov/sos5/sra-pub-zq-14/SRR005/080/SRR5080490.sralite.1,SRX2398763,,RNA-Seq,cDNA,TRANSCRIPTOMIC,SINGLE,0,0,ILLUMINA,Illumina HiSeq 2500,SRP094638,PRJNA356411,2,356411,SRS1839684,SAMN06113290,simple,9739,Tursiops truncatus,GSM2417845,,,,,,,no,,,,,GEO,SRA500995,,public,E829B262A3734D8EFB9093CC5570B469,E09F427FE48249FCB195A162B0D03AFE
SRR5080491,2016-12-08 21:20:37,2016-12-06 12:00:02,7941854,794185400,0,100,424,,https://sra-downloadb.be-md.ncbi.nlm.nih.gov/sos5/sra-pub-zq-14/SRR005/080/SRR5080491.sralite.1,SRX2398763,,RNA-Seq,cDNA,TRANSCRIPTOMIC,SINGLE,0,0,ILLUMINA,Illumina HiSeq 2500,SRP094638,PRJNA356411,2,356411,SRS1839684,SAMN06113290,simple,9739,Tursiops truncatus,GSM2417845,,,,,,,no,,,,,GEO,SRA500995,,public,,
SRR5080496,2016-12-08 21:20:37,2016-12-06 12:00:31,7531754,753175400,0,100,468,,https://sra-downloadb.be-md.ncbi.nlm.nih.gov/sos5/sra-pub-zq-14/SRR005/080/SRR5080496.sralite.1,SRX2398765,,RNA-Seq,cDNA,TRANSCRIPTOMIC,SINGLE,0,0,ILLUMINA,Illumina HiSeq 2500,SRP094638,PRJNA356411,2,356411,SRS1839686,SAMN06113288,simple,9739,Tursiops truncatus,GSM2417847,,,,,,,no,,,,,GEO,SRA500995,,public,B63D40B345F181D31B2A6F39FAE91EB8,73070C9A4C9EA44A382FA1600DA49A3E
SRR5080497,2016-12-08 21:20:37,2016-12-06 12:02:07,7435784,743578400,0,100,458,,https://sra-downloadb.be-md.ncbi.nlm.nih.gov/sos5/sra-pub-zq-14/SRR005/080/SRR5080497.sralite.1,SRX2398765,,RNA-Seq,cDNA,TRANSCRIPTOMIC,SINGLE,0,0,ILLUMINA,Illumina HiSeq 2500,SRP094638,PRJNA356411,2,356411,SRS1839686,SAMN06113288,simple,9739,Tursiops truncatus,GSM2417847,,,,,,,no,,,,,GEO,SRA500995,,public,BFB7E82EEC88E7A1E6EB434C190506E5,76C15E679C14618F266C909FB9588571
SRR5080498,2016-12-08 21:20:37,2016-12-06 11:59:16,6423167,642316700,0,100,342,,https://sra-downloadb.be-md.ncbi.nlm.nih.gov/sos5/sra-pub-zq-14/SRR005/080/SRR5080498.sralite.1,SRX2398765,,RNA-Seq,cDNA,TRANSCRIPTOMIC,SINGLE,0,0,ILLUMINA,Illumina HiSeq 2500,SRP094638,PRJNA356411,2,356411,SRS1839686,SAMN06113288,simple,9739,Tursiops truncatus,GSM2417847,,,,,,,no,,,,,GEO,SRA500995,,public,33F6C2E6A1119D0305BAEF40101F55D8,38FB95ADE9C678E17C2F1B62DC1CF568
SRR5080499,2016-12-08 21:20:37,2016-12-06 12:00:13,6682858,668285800,0,100,350,,https://sra-downloadb.be-md.ncbi.nlm.nih.gov/sos5/sra-pub-zq-14/SRR005/080/SRR5080499.sralite.1,SRX2398765,,RNA-Seq,cDNA,TRANSCRIPTOMIC,SINGLE,0,0,ILLUMINA,Illumina HiSeq 2500,SRP094638,PRJNA356411,2,356411,SRS1839686,SAMN06113288,simple,9739,Tursiops truncatus,GSM2417847,,,,,,,no,,,,,GEO,SRA500995,,public,D1E15D862EBC06D33DFD29F1E11F539A,673C4CF688F6ECA2AD23DF5D744A5B54
SRR5080500,2016-12-08 21:20:37,2016-12-06 11:58:57,5966036,596603600,0,100,375,,https://sra-downloadb.be-md.ncbi.nlm.nih.gov/sos5/sra-pub-zq-14/SRR005/080/SRR5080500.sralite.1,SRX2398766,,RNA-Seq,cDNA,TRANSCRIPTOMIC,SINGLE,0,0,ILLUMINA,Illumina HiSeq 2500,SRP094638,PRJNA356411,2,356411,SRS1839685,SAMN06113287,simple,9739,Tursiops truncatus,GSM2417848,,,,,,,no,,,,,GEO,SRA500995,,public,5713F93EC5E012470FBDDB8E3D3F7025,CF1C835D087223D759B7FD5A82715DA4
SRR5080501,2016-12-08 21:20:37,2016-12-06 11:59:11,5921643,592164300,0,100,376,,https://sra-downloadb.be-md.ncbi.nlm.nih.gov/sos5/sra-pub-zq-14/SRR005/080/SRR5080501.sralite.1,SRX2398766,,RNA-Seq,cDNA,TRANSCRIPTOMIC,SINGLE,0,0,ILLUMINA,Illumina HiSeq 2500,SRP094638,PRJNA356411,2,356411,SRS1839685,SAMN06113287,simple,9739,Tursiops truncatus,GSM2417848,,,,,,,no,,,,,GEO,SRA500995,,public,406D0E93C56FB47D1A98E328E0AE4DA4,FAB7756A73466B1CFD87159D5E0A43EF
SRR5080502,2016-12-08 21:20:37,2016-12-06 11:59:18,4892165,489216500,0,100,260,,https://sra-downloadb.be-md.ncbi.nlm.nih.gov/sos5/sra-pub-zq-14/SRR005/080/SRR5080502.sralite.1,SRX2398766,,RNA-Seq,cDNA,TRANSCRIPTOMIC,SINGLE,0,0,ILLUMINA,Illumina HiSeq 2500,SRP094638,PRJNA356411,2,356411,SRS1839685,SAMN06113287,simple,9739,Tursiops truncatus,GSM2417848,,,,,,,no,,,,,GEO,SRA500995,,public,E516704397ED1FB7639E34E6DC4AAA50,74C159EC739C2569C78F6F8417F54F5B
SRR5080503,2016-12-08 21:20:37,2016-12-06 11:59:47,5415237,541523700,0,100,286,,https://sra-downloadb.be-md.ncbi.nlm.nih.gov/sos5/sra-pub-zq-14/SRR005/080/SRR5080503.sralite.1,SRX2398766,,RNA-Seq,cDNA,TRANSCRIPTOMIC,SINGLE,0,0,ILLUMINA,Illumina HiSeq 2500,SRP094638,PRJNA356411,2,356411,SRS1839685,SAMN06113287,simple,9739,Tursiops truncatus,GSM2417848,,,,,,,no,,,,,GEO,SRA500995,,public,F01320C180E84531B9866C07301EBAD3,8E75A77E3323DC1748EBABE5AC2715CA
SRR5080504,2016-12-08 21:20:37,2016-12-06 12:02:08,7395763,739576300,0,100,415,,https://sra-downloadb.be-md.ncbi.nlm.nih.gov/sos5/sra-pub-zq-14/SRR005/080/SRR5080504.sralite.1,SRX2398767,,RNA-Seq,cDNA,TRANSCRIPTOMIC,SINGLE,0,0,ILLUMINA,Illumina HiSeq 2500,SRP094638,PRJNA356411,2,356411,SRS1839687,SAMN06113286,simple,9739,Tursiops truncatus,GSM2417849,,,,,,,no,,,,,GEO,SRA500995,,public,C625376F9A86D4D343ED229BFF6733AC,4AE1AE6950B753288088A93842A9FCE4
SRR5080505,2016-12-08 21:20:37,2016-12-06 12:00:34,7214535,721453500,0,100,400,,https://sra-downloadb.be-md.ncbi.nlm.nih.gov/sos5/sra-pub-zq-14/SRR005/080/SRR5080505.sralite.1,SRX2398767,,RNA-Seq,cDNA,TRANSCRIPTOMIC,SINGLE,0,0,ILLUMINA,Illumina HiSeq 2500,SRP094638,PRJNA356411,2,356411,SRS1839687,SAMN06113286,simple,9739,Tursiops truncatus,GSM2417849,,,,,,,no,,,,,GEO,SRA500995,,public,A31B30DF307DC593D7B9BC8B20F55C17,0A77F66C1561010A49A63BBE508F6DD4
SRR5080506,2016-12-08 21:20:37,2016-12-06 12:00:20,6453455,645345500,0,100,368,,https://sra-downloadb.be-md.ncbi.nlm.nih.gov/sos5/sra-pub-zq-14/SRR005/080/SRR5080506.sralite.1,SRX2398767,,RNA-Seq,cDNA,TRANSCRIPTOMIC,SINGLE,0,0,ILLUMINA,Illumina HiSeq 2500,SRP094638,PRJNA356411,2,356411,SRS1839687,SAMN06113286,simple,9739,Tursiops truncatus,GSM2417849,,,,,,,no,,,,,GEO,SRA500995,,public,EF409DBEF790BFCAC39766A3A5CDBF20,555EC0C11487CD29D33299AE02AE569F
SRR5080507,2016-12-08 21:20:37,2016-12-06 12:00:13,6301040,630104000,0,100,371,,https://sra-downloadb.be-md.ncbi.nlm.nih.gov/sos5/sra-pub-zq-14/SRR005/080/SRR5080507.sralite.1,SRX2398767,,RNA-Seq,cDNA,TRANSCRIPTOMIC,SINGLE,0,0,ILLUMINA,Illumina HiSeq 2500,SRP094638,PRJNA356411,2,356411,SRS1839687,SAMN06113286,simple,9739,Tursiops truncatus,GSM2417849,,,,,,,no,,,,,GEO,SRA500995,,public,86F34B2FB51787FC82573F6A256DE989,868A83941EAFE487F2EFCE109450DA70
SRR5080508,2016-12-08 21:20:37,2016-12-06 12:00:39,7965211,796521100,0,100,448,,https://sra-downloadb.be-md.ncbi.nlm.nih.gov/sos5/sra-pub-zq-14/SRR005/080/SRR5080508.sralite.1,SRX2398768,,RNA-Seq,cDNA,TRANSCRIPTOMIC,SINGLE,0,0,ILLUMINA,Illumina HiSeq 2500,SRP094638,PRJNA356411,2,356411,SRS1839688,SAMN06113285,simple,9739,Tursiops truncatus,GSM2417850,,,,,,,no,,,,,GEO,SRA500995,,public,C64BFFBAF148211C73316BD5F5CD8649,537C413E192375EEDB9E23684A6D8474
SRR5080509,2016-12-08 21:20:37,2016-12-06 12:00:47,7759415,775941500,0,100,431,,https://sra-downloadb.be-md.ncbi.nlm.nih.gov/sos5/sra-pub-zq-14/SRR005/080/SRR5080509.sralite.1,SRX2398768,,RNA-Seq,cDNA,TRANSCRIPTOMIC,SINGLE,0,0,ILLUMINA,Illumina HiSeq 2500,SRP094638,PRJNA356411,2,356411,SRS1839688,SAMN06113285,simple,9739,Tursiops truncatus,GSM2417850,,,,,,,no,,,,,GEO,SRA500995,,public,A78DAB57F0072AC14858018B9BC86780,C7B3167A89F247363D2896C8B89D722A
SRR5080510,2016-12-08 21:20:37,2016-12-06 12:00:44,7039112,703911200,0,100,402,,https://sra-downloadb.be-md.ncbi.nlm.nih.gov/sos5/sra-pub-zq-14/SRR005/080/SRR5080510.sralite.1,SRX2398768,,RNA-Seq,cDNA,TRANSCRIPTOMIC,SINGLE,0,0,ILLUMINA,Illumina HiSeq 2500,SRP094638,PRJNA356411,2,356411,SRS1839688,SAMN06113285,simple,9739,Tursiops truncatus,GSM2417850,,,,,,,no,,,,,GEO,SRA500995,,public,0D22D176B908E59D8B79EF5C32A2382E,AEB30DBDD8BC2CF10C5F92D414CEFEB9
SRR5080511,2016-12-08 21:20:37,2016-12-06 12:00:51,6935195,693519500,0,100,410,,https://sra-downloadb.be-md.ncbi.nlm.nih.gov/sos5/sra-pub-zq-14/SRR005/080/SRR5080511.sralite.1,SRX2398768,,RNA-Seq,cDNA,TRANSCRIPTOMIC,SINGLE,0,0,ILLUMINA,Illumina HiSeq 2500,SRP094638,PRJNA356411,2,356411,SRS1839688,SAMN06113285,simple,9739,Tursiops truncatus,GSM2417850,,,,,,,no,,,,,GEO,SRA500995,,public,C90DA64D5C02FAB7F7D4884F9ABC9832,DAD79A4934B354D2C823C56BB02FD4B4
SRR5080512,2016-12-08 21:20:37,2016-12-06 12:00:54,6985394,698539400,0,100,402,,https://sra-downloadb.be-md.ncbi.nlm.nih.gov/sos5/sra-pub-zq-14/SRR005/080/SRR5080512.sralite.1,SRX2398769,,RNA-Seq,cDNA,TRANSCRIPTOMIC,SINGLE,0,0,ILLUMINA,Illumina HiSeq 2500,SRP094638,PRJNA356411,2,356411,SRS1839689,SAMN06113284,simple,9739,Tursiops truncatus,GSM2417851,,,,,,,no,,,,,GEO,SRA500995,,public,9E1BFBD8D6A8288C5B669B9B7BD38048,83BF5AA60DBAB8551F6CCD2E032B755E
SRR5080513,2016-12-08 21:20:37,2016-12-06 12:01:42,7803715,780371500,0,100,420,,https://sra-downloadb.be-md.ncbi.nlm.nih.gov/sos5/sra-pub-zq-14/SRR005/080/SRR5080513.sralite.1,SRX2398769,,RNA-Seq,cDNA,TRANSCRIPTOMIC,SINGLE,0,0,ILLUMINA,Illumina HiSeq 2500,SRP094638,PRJNA356411,2,356411,SRS1839689,SAMN06113284,simple,9739,Tursiops truncatus,GSM2417851,,,,,,,no,,,,,GEO,SRA500995,,public,9B8C2EA9735615691F625D2A4CF4C37E,76C17C695EB4694E19EE1E2BA97AB0BB
SRR5080514,2016-12-08 21:20:37,2016-12-06 12:00:34,6993348,699334800,0,100,410,,https://sra-downloadb.be-md.ncbi.nlm.nih.gov/sos5/sra-pub-zq-14/SRR005/080/SRR5080514.sralite.1,SRX2398769,,RNA-Seq,cDNA,TRANSCRIPTOMIC,SINGLE,0,0,ILLUMINA,Illumina HiSeq 2500,SRP094638,PRJNA356411,2,356411,SRS1839689,SAMN06113284,simple,9739,Tursiops truncatus,GSM2417851,,,,,,,no,,,,,GEO,SRA500995,,public,81AE6FD962F445DEFBC7E0382B93C889,D565ED182E3DAC3B0A6BF2DBB9D25337
SRR5080515,2016-12-08 21:20:37,2016-12-06 12:02:22,7722843,772284300,0,100,416,,https://sra-downloadb.be-md.ncbi.nlm.nih.gov/sos5/sra-pub-zq-14/SRR005/080/SRR5080515.sralite.1,SRX2398769,,RNA-Seq,cDNA,TRANSCRIPTOMIC,SINGLE,0,0,ILLUMINA,Illumina HiSeq 2500,SRP094638,PRJNA356411,2,356411,SRS1839689,SAMN06113284,simple,9739,Tursiops truncatus,GSM2417851,,,,,,,no,,,,,GEO,SRA500995,,public,59EFB73A9D4E34BD6EAF6567D97851DA,6A4E2AFB73A451861A6810E562FC9623
SRR5080516,2016-12-08 21:20:37,2016-12-06 12:01:05,6642299,664229900,0,100,414,,https://sra-downloadb.be-md.ncbi.nlm.nih.gov/sos5/sra-pub-zq-14/SRR005/080/SRR5080516.sralite.1,SRX2398770,,RNA-Seq,cDNA,TRANSCRIPTOMIC,SINGLE,0,0,ILLUMINA,Illumina HiSeq 2500,SRP094638,PRJNA356411,2,356411,SRS1839690,SAMN06113283,simple,9739,Tursiops truncatus,GSM2417852,,,,,,,no,,,,,GEO,SRA500995,,public,B12DC5CD56C707CA021A21E5492D6FF8,4213CCAE94A411727048D1B7C59EEF1C
SRR5080517,2016-12-08 21:20:37,2016-12-06 12:01:35,6553669,655366900,0,100,404,,https://sra-downloadb.be-md.ncbi.nlm.nih.gov/sos5/sra-pub-zq-14/SRR005/080/SRR5080517.sralite.1,SRX2398770,,RNA-Seq,cDNA,TRANSCRIPTOMIC,SINGLE,0,0,ILLUMINA,Illumina HiSeq 2500,SRP094638,PRJNA356411,2,356411,SRS1839690,SAMN06113283,simple,9739,Tursiops truncatus,GSM2417852,,,,,,,no,,,,,GEO,SRA500995,,public,0DA6A8A8959657404E5607FEE4839644,5345858E0CEF9AA2A8FEDA06B9E00D5A
SRR5080518,2016-12-08 21:20:37,2016-12-06 12:01:15,5729406,572940600,0,100,306,,https://sra-downloadb.be-md.ncbi.nlm.nih.gov/sos5/sra-pub-zq-14/SRR005/080/SRR5080518.sralite.1,SRX2398770,,RNA-Seq,cDNA,TRANSCRIPTOMIC,SINGLE,0,0,ILLUMINA,Illumina HiSeq 2500,SRP094638,PRJNA356411,2,356411,SRS1839690,SAMN06113283,simple,9739,Tursiops truncatus,GSM2417852,,,,,,,no,,,,,GEO,SRA500995,,public,78AB6A6301A4C077443CD91CBE4F6E3E,66121D723A8A33A6F27904881B8FF332
SRR5080519,2016-12-08 21:20:37,2016-12-06 12:00:59,5968563,596856300,0,100,313,,https://sra-downloadb.be-md.ncbi.nlm.nih.gov/sos5/sra-pub-zq-14/SRR005/080/SRR5080519.sralite.1,SRX2398770,,RNA-Seq,cDNA,TRANSCRIPTOMIC,SINGLE,0,0,ILLUMINA,Illumina HiSeq 2500,SRP094638,PRJNA356411,2,356411,SRS1839690,SAMN06113283,simple,9739,Tursiops truncatus,GSM2417852,,,,,,,no,,,,,GEO,SRA500995,,public,B06FEF6E5F3CF9CEBFE17B41D648D0E4,D6E9E29EAA55A3450CD57BD437294EA6
SRR5080520,2016-12-08 21:20:37,2016-12-06 12:02:17,7250317,725031700,0,100,416,,https://sra-downloadb.be-md.ncbi.nlm.nih.gov/sos5/sra-pub-zq-14/SRR005/080/SRR5080520.sralite.1,SRX2398771,,RNA-Seq,cDNA,TRANSCRIPTOMIC,SINGLE,0,0,ILLUMINA,Illumina HiSeq 2500,SRP094638,PRJNA356411,2,356411,SRS1839691,SAMN06113282,simple,9739,Tursiops truncatus,GSM2417853,,,,,,,no,,,,,GEO,SRA500995,,public,BB3176F3C78321D1DB2B25D58EB79804,6C6C19089E43AC99278359782EB6EAAF
SRR5080521,2016-12-08 21:20:37,2016-12-06 12:02:22,8145605,814560500,0,100,439,,https://sra-downloadb.be-md.ncbi.nlm.nih.gov/sos5/sra-pub-zq-14/SRR005/080/SRR5080521.sralite.1,SRX2398771,,RNA-Seq,cDNA,TRANSCRIPTOMIC,SINGLE,0,0,ILLUMINA,Illumina HiSeq 2500,SRP094638,PRJNA356411,2,356411,SRS1839691,SAMN06113282,simple,9739,Tursiops truncatus,GSM2417853,,,,,,,no,,,,,GEO,SRA500995,,public,0E29DA5B890B9545551869D52BD2BB5C,61AD272BBA4773824199089CA6543156
SRR5080522,2016-12-08 21:20:37,2016-12-06 12:02:09,7272928,727292800,0,100,426,,https://sra-downloadb.be-md.ncbi.nlm.nih.gov/sos5/sra-pub-zq-14/SRR005/080/SRR5080522.sralite.1,SRX2398771,,RNA-Seq,cDNA,TRANSCRIPTOMIC,SINGLE,0,0,ILLUMINA,Illumina HiSeq 2500,SRP094638,PRJNA356411,2,356411,SRS1839691,SAMN06113282,simple,9739,Tursiops truncatus,GSM2417853,,,,,,,no,,,,,GEO,SRA500995,,public,4CD76769AC6E7E6CE448C1C6EF2E6082,9863269834AF3349EC772FCB7CCE46D2
SRR5080523,2016-12-08 21:20:37,2016-12-06 12:02:13,8045239,804523900,0,100,434,,https://sra-downloadb.be-md.ncbi.nlm.nih.gov/sos5/sra-pub-zq-14/SRR005/080/SRR5080523.sralite.1,SRX2398771,,RNA-Seq,cDNA,TRANSCRIPTOMIC,SINGLE,0,0,ILLUMINA,Illumina HiSeq 2500,SRP094638,PRJNA356411,2,356411,SRS1839691,SAMN06113282,simple,9739,Tursiops truncatus,GSM2417853,,,,,,,no,,,,,GEO,SRA500995,,public,CA4DC1DA2470A7CA750B8A7A683497E5,88296519E5ABF3D331BB5245AE671D92
SRR5080524,2016-12-08 21:20:37,2016-12-06 12:02:45,7969744,796974400,0,100,498,,https://sra-downloadb.be-md.ncbi.nlm.nih.gov/sos5/sra-pub-zq-14/SRR005/080/SRR5080524.sralite.1,SRX2398772,,RNA-Seq,cDNA,TRANSCRIPTOMIC,SINGLE,0,0,ILLUMINA,Illumina HiSeq 2500,SRP094638,PRJNA356411,2,356411,SRS1839692,SAMN06113281,simple,9739,Tursiops truncatus,GSM2417854,,,,,,,no,,,,,GEO,SRA500995,,public,F6B8C2B293B82652A6A4622E56B204D0,BF39C939A680B924C06783898A32E775
SRR5080525,2016-12-08 21:20:37,2016-12-06 12:02:20,7857077,785707700,0,100,486,,https://sra-downloadb.be-md.ncbi.nlm.nih.gov/sos5/sra-pub-zq-14/SRR005/080/SRR5080525.sralite.1,SRX2398772,,RNA-Seq,cDNA,TRANSCRIPTOMIC,SINGLE,0,0,ILLUMINA,Illumina HiSeq 2500,SRP094638,PRJNA356411,2,356411,SRS1839692,SAMN06113281,simple,9739,Tursiops truncatus,GSM2417854,,,,,,,no,,,,,GEO,SRA500995,,public,914C8E918536F56A72426CD0B073458C,C5B4BF660CC4376C4191350D8777C32C
SRR5080526,2016-12-08 21:20:37,2016-12-06 12:01:57,6790407,679040700,0,100,364,,https://sra-downloadb.be-md.ncbi.nlm.nih.gov/sos5/sra-pub-zq-14/SRR005/080/SRR5080526.sralite.1,SRX2398772,,RNA-Seq,cDNA,TRANSCRIPTOMIC,SINGLE,0,0,ILLUMINA,Illumina HiSeq 2500,SRP094638,PRJNA356411,2,356411,SRS1839692,SAMN06113281,simple,9739,Tursiops truncatus,GSM2417854,,,,,,,no,,,,,GEO,SRA500995,,public,6C80D68A5DEF263D8A9490CA4F2D54FD,8D82184450F5CBF10A7ACAE487D185AE
SRR5080527,2016-12-08 21:20:37,2016-12-06 12:02:30,7239706,723970600,0,100,382,,https://sra-downloadb.be-md.ncbi.nlm.nih.gov/sos5/sra-pub-zq-14/SRR005/080/SRR5080527.sralite.1,SRX2398772,,RNA-Seq,cDNA,TRANSCRIPTOMIC,SINGLE,0,0,ILLUMINA,Illumina HiSeq 2500,SRP094638,PRJNA356411,2,356411,SRS1839692,SAMN06113281,simple,9739,Tursiops truncatus,GSM2417854,,,,,,,no,,,,,GEO,SRA500995,,public,B05C1674629B579A9960E8CD3239A63C,28C7548F8687799E861770BA4180021A
SRR5080528,2016-12-08 21:20:37,2016-12-06 12:02:55,8016026,801602600,0,100,502,,https://sra-downloadb.be-md.ncbi.nlm.nih.gov/sos5/sra-pub-zq-14/SRR005/080/SRR5080528.sralite.1,SRX2398773,,RNA-Seq,cDNA,TRANSCRIPTOMIC,SINGLE,0,0,ILLUMINA,Illumina HiSeq 2500,SRP094638,PRJNA356411,2,356411,SRS1839693,SAMN06113280,simple,9739,Tursiops truncatus,GSM2417855,,,,,,,no,,,,,GEO,SRA500995,,public,944CE6488D4494F4A98A1520B79F2E4C,E1107B0958BD925E213E5D1E3C0268DE
SRR5080529,2016-12-08 21:20:37,2016-12-06 12:02:44,7954112,795411200,0,100,503,,https://sra-downloadb.be-md.ncbi.nlm.nih.gov/sos5/sra-pub-zq-14/SRR005/080/SRR5080529.sralite.1,SRX2398773,,RNA-Seq,cDNA,TRANSCRIPTOMIC,SINGLE,0,0,ILLUMINA,Illumina HiSeq 2500,SRP094638,PRJNA356411,2,356411,SRS1839693,SAMN06113280,simple,9739,Tursiops truncatus,GSM2417855,,,,,,,no,,,,,GEO,SRA500995,,public,33D165C7AB7EF830D30EE89E8223B6F2,352D1ACD67328F79D829A798236FBC3F
SRR5080530,2016-12-08 21:20:37,2016-12-06 12:02:08,6393311,639331100,0,100,340,,https://sra-downloadb.be-md.ncbi.nlm.nih.gov/sos5/sra-pub-zq-14/SRR005/080/SRR5080530.sralite.1,SRX2398773,,RNA-Seq,cDNA,TRANSCRIPTOMIC,SINGLE,0,0,ILLUMINA,Illumina HiSeq 2500,SRP094638,PRJNA356411,2,356411,SRS1839693,SAMN06113280,simple,9739,Tursiops truncatus,GSM2417855,,,,,,,no,,,,,GEO,SRA500995,,public,B8441D533A238C5175EB95A43463C486,1C5A05FA3C742A0E92F21E6D8CE3B8CB
SRR5080531,2016-12-08 21:20:37,2016-12-06 12:02:34,7136506,713650600,0,100,378,,https://sra-downloadb.be-md.ncbi.nlm.nih.gov/sos5/sra-pub-zq-14/SRR005/080/SRR5080531.sralite.1,SRX2398773,,RNA-Seq,cDNA,TRANSCRIPTOMIC,SINGLE,0,0,ILLUMINA,Illumina HiSeq 2500,SRP094638,PRJNA356411,2,356411,SRS1839693,SAMN06113280,simple,9739,Tursiops truncatus,GSM2417855,,,,,,,no,,,,,GEO,SRA500995,,public,FBF49BD058DF530EAF2FC1D255890523,B17186BBCC8056F6D031F89C999A1C13
SRR5080532,2016-12-08 21:20:37,2016-12-06 12:03:52,7967143,796714300,0,100,450,,https://sra-downloadb.be-md.ncbi.nlm.nih.gov/sos5/sra-pub-zq-14/SRR005/080/SRR5080532.sralite.1,SRX2398774,,RNA-Seq,cDNA,TRANSCRIPTOMIC,SINGLE,0,0,ILLUMINA,Illumina HiSeq 2500,SRP094638,PRJNA356411,2,356411,SRS1839696,SAMN06113279,simple,9739,Tursiops truncatus,GSM2417856,,,,,,,no,,,,,GEO,SRA500995,,public,EDDBA3C8FAB136061421E115C3DEF848,C3C0FC02B59043A35980FB0D0349D33B
SRR5080533,2016-12-08 21:20:37,2016-12-06 12:02:10,7759619,775961900,0,100,433,,https://sra-downloadb.be-md.ncbi.nlm.nih.gov/sos5/sra-pub-zq-14/SRR005/080/SRR5080533.sralite.1,SRX2398774,,RNA-Seq,cDNA,TRANSCRIPTOMIC,SINGLE,0,0,ILLUMINA,Illumina HiSeq 2500,SRP094638,PRJNA356411,2,356411,SRS1839696,SAMN06113279,simple,9739,Tursiops truncatus,GSM2417856,,,,,,,no,,,,,GEO,SRA500995,,public,46E655C7F4C56417D94FE9FDA19C6849,45D606DE058745A24EA03C781F14E430
SRR5080534,2016-12-08 21:20:37,2016-12-06 12:02:01,6750856,675085600,0,100,386,,https://sra-downloadb.be-md.ncbi.nlm.nih.gov/sos5/sra-pub-zq-14/SRR005/080/SRR5080534.sralite.1,SRX2398774,,RNA-Seq,cDNA,TRANSCRIPTOMIC,SINGLE,0,0,ILLUMINA,Illumina HiSeq 2500,SRP094638,PRJNA356411,2,356411,SRS1839696,SAMN06113279,simple,9739,Tursiops truncatus,GSM2417856,,,,,,,no,,,,,GEO,SRA500995,,public,4A4746174C04394A76397A49D599A34A,3F84FC4FB8F5CE4259D79BDB78D145B5
SRR5080535,2016-12-08 21:20:37,2016-12-06 12:01:55,6663195,666319500,0,100,392,,https://sra-downloadb.be-md.ncbi.nlm.nih.gov/sos5/sra-pub-zq-14/SRR005/080/SRR5080535.sralite.1,SRX2398774,,RNA-Seq,cDNA,TRANSCRIPTOMIC,SINGLE,0,0,ILLUMINA,Illumina HiSeq 2500,SRP094638,PRJNA356411,2,356411,SRS1839696,SAMN06113279,simple,9739,Tursiops truncatus,GSM2417856,,,,,,,no,,,,,GEO,SRA500995,,public,56ECF4C3970384E208CCC4A84E4E5AF5,7E931DFE306A8E761E715FC6715995DF
SRR5080536,2016-12-08 21:20:37,2016-12-06 12:02:08,6405536,640553600,0,100,402,,https://sra-downloadb.be-md.ncbi.nlm.nih.gov/sos5/sra-pub-zq-14/SRR005/080/SRR5080536.sralite.1,SRX2398775,,RNA-Seq,cDNA,TRANSCRIPTOMIC,SINGLE,0,0,ILLUMINA,Illumina HiSeq 2500,SRP094638,PRJNA356411,2,356411,SRS1839694,SAMN06113278,simple,9739,Tursiops truncatus,GSM2417857,,,,,,,no,,,,,GEO,SRA500995,,public,3007D7FA64BC73A37D68B28B263A3698,C95C4F74574E93F6E37BF7F28EB29B3D
SRR5080537,2016-12-08 21:20:37,2016-12-06 12:02:12,6348810,634881000,0,100,402,,https://sra-downloadb.be-md.ncbi.nlm.nih.gov/sos5/sra-pub-zq-14/SRR005/080/SRR5080537.sralite.1,SRX2398775,,RNA-Seq,cDNA,TRANSCRIPTOMIC,SINGLE,0,0,ILLUMINA,Illumina HiSeq 2500,SRP094638,PRJNA356411,2,356411,SRS1839694,SAMN06113278,simple,9739,Tursiops truncatus,GSM2417857,,,,,,,no,,,,,GEO,SRA500995,,public,7F4A8E80853F61D95DBFACBE88CC6BF2,7E5932D9833E92FBD21EDC2B1417C003
SRR5080538,2016-12-08 21:20:37,2016-12-06 12:01:46,5114615,511461500,0,100,272,,https://sra-downloadb.be-md.ncbi.nlm.nih.gov/sos5/sra-pub-zq-14/SRR005/080/SRR5080538.sralite.1,SRX2398775,,RNA-Seq,cDNA,TRANSCRIPTOMIC,SINGLE,0,0,ILLUMINA,Illumina HiSeq 2500,SRP094638,PRJNA356411,2,356411,SRS1839694,SAMN06113278,simple,9739,Tursiops truncatus,GSM2417857,,,,,,,no,,,,,GEO,SRA500995,,public,833DCFF4DDB074F8CCD1EED8CEB503AB,675D6A8138CE4D21929D6733266325A7
SRR5080539,2016-12-08 21:20:37,2016-12-06 12:01:41,5769628,576962800,0,100,307,,https://sra-downloadb.be-md.ncbi.nlm.nih.gov/sos5/sra-pub-zq-14/SRR005/080/SRR5080539.sralite.1,SRX2398775,,RNA-Seq,cDNA,TRANSCRIPTOMIC,SINGLE,0,0,ILLUMINA,Illumina HiSeq 2500,SRP094638,PRJNA356411,2,356411,SRS1839694,SAMN06113278,simple,9739,Tursiops truncatus,GSM2417857,,,,,,,no,,,,,GEO,SRA500995,,public,E9C0160C699AE188E2871744E8B9A46B,FE017757930DD769287D0C3639A59238
SRR5080540,2016-12-08 21:20:37,2016-12-06 12:01:45,5799663,579966300,0,100,335,,https://sra-downloadb.be-md.ncbi.nlm.nih.gov/sos5/sra-pub-zq-14/SRR005/080/SRR5080540.sralite.1,SRX2398776,,RNA-Seq,cDNA,TRANSCRIPTOMIC,SINGLE,0,0,ILLUMINA,Illumina HiSeq 2500,SRP094638,PRJNA356411,2,356411,SRS1839695,SAMN06113277,simple,9739,Tursiops truncatus,GSM2417858,,,,,,,no,,,,,GEO,SRA500995,,public,53A6DB9FAC166E1E1ADF7F29AFF20772,1BEF14EB2F6866FEE90D8DBAE2D21D24
SRR5080541,2016-12-08 21:20:37,2016-12-06 12:02:50,6282152,628215200,0,100,339,,https://sra-downloadb.be-md.ncbi.nlm.nih.gov/sos5/sra-pub-zq-14/SRR005/080/SRR5080541.sralite.1,SRX2398776,,RNA-Seq,cDNA,TRANSCRIPTOMIC,SINGLE,0,0,ILLUMINA,Illumina HiSeq 2500,SRP094638,PRJNA356411,2,356411,SRS1839695,SAMN06113277,simple,9739,Tursiops truncatus,GSM2417858,,,,,,,no,,,,,GEO,SRA500995,,public,1622A57912DCE7F6CFF76D7F90CF03C8,A36B5D190D6D31571E321D41DCF62CDA
SRR5080542,2016-12-08 21:20:37,2016-12-06 12:01:47,5745419,574541900,0,100,339,,https://sra-downloadb.be-md.ncbi.nlm.nih.gov/sos5/sra-pub-zq-14/SRR005/080/SRR5080542.sralite.1,SRX2398776,,RNA-Seq,cDNA,TRANSCRIPTOMIC,SINGLE,0,0,ILLUMINA,Illumina HiSeq 2500,SRP094638,PRJNA356411,2,356411,SRS1839695,SAMN06113277,simple,9739,Tursiops truncatus,GSM2417858,,,,,,,no,,,,,GEO,SRA500995,,public,10438C3E3CB0F598551E1337D7284C3A,ED65DEB3EE071B6820A11EA8763153F9
SRR5080543,2016-12-08 21:20:37,2016-12-06 12:03:01,6213829,621382900,0,100,336,,https://sra-downloadb.be-md.ncbi.nlm.nih.gov/sos5/sra-pub-zq-14/SRR005/080/SRR5080543.sralite.1,SRX2398776,,RNA-Seq,cDNA,TRANSCRIPTOMIC,SINGLE,0,0,ILLUMINA,Illumina HiSeq 2500,SRP094638,PRJNA356411,2,356411,SRS1839695,SAMN06113277,simple,9739,Tursiops truncatus,GSM2417858,,,,,,,no,,,,,GEO,SRA500995,,public,1943EE5601880AA52EE091F20153DA0D,01F0A8410E151243250C290A4C186748
SRR5080544,2016-12-08 21:20:37,2016-12-06 12:01:24,4698911,469891100,0,100,271,,https://sra-downloadb.be-md.ncbi.nlm.nih.gov/sos5/sra-pub-zq-14/SRR005/080/SRR5080544.sralite.1,SRX2398777,,RNA-Seq,cDNA,TRANSCRIPTOMIC,SINGLE,0,0,ILLUMINA,Illumina HiSeq 2500,SRP094638,PRJNA356411,2,356411,SRS1839697,SAMN06113250,simple,9739,Tursiops truncatus,GSM2417859,,,,,,,no,,,,,GEO,SRA500995,,public,DA50A0CB0812EFB4692A74765E1E11AE,32DF50C0A2DBB90A2EC18475C40BA606
SRR5080545,2016-12-08 21:20:37,2016-12-06 12:01:43,5184023,518402300,0,100,280,,https://sra-downloadb.be-md.ncbi.nlm.nih.gov/sos5/sra-pub-zq-14/SRR005/080/SRR5080545.sralite.1,SRX2398777,,RNA-Seq,cDNA,TRANSCRIPTOMIC,SINGLE,0,0,ILLUMINA,Illumina HiSeq 2500,SRP094638,PRJNA356411,2,356411,SRS1839697,SAMN06113250,simple,9739,Tursiops truncatus,GSM2417859,,,,,,,no,,,,,GEO,SRA500995,,public,90A793A0A3399BA3B792CD27AB584C08,454FE476F9B8AFBEC3F26F4D38E9617A
SRR5080546,2016-12-08 21:20:37,2016-12-06 12:01:38,4703896,470389600,0,100,276,,https://sra-downloadb.be-md.ncbi.nlm.nih.gov/sos5/sra-pub-zq-14/SRR005/080/SRR5080546.sralite.1,SRX2398777,,RNA-Seq,cDNA,TRANSCRIPTOMIC,SINGLE,0,0,ILLUMINA,Illumina HiSeq 2500,SRP094638,PRJNA356411,2,356411,SRS1839697,SAMN06113250,simple,9739,Tursiops truncatus,GSM2417859,,,,,,,no,,,,,GEO,SRA500995,,public,B5B5A2CE96C049DC2E2187993DE177BD,3DE9CCFE9A958C2AC5B9F738990BEEE3
SRR5080547,2016-12-08 21:20:37,2016-12-06 12:01:37,5127719,512771900,0,100,277,,https://sra-downloadb.be-md.ncbi.nlm.nih.gov/sos5/sra-pub-zq-14/SRR005/080/SRR5080547.sralite.1,SRX2398777,,RNA-Seq,cDNA,TRANSCRIPTOMIC,SINGLE,0,0,ILLUMINA,Illumina HiSeq 2500,SRP094638,PRJNA356411,2,356411,SRS1839697,SAMN06113250,simple,9739,Tursiops truncatus,GSM2417859,,,,,,,no,,,,,GEO,SRA500995,,public,45569021AAAB73C53C477883BDF6F091,4CB784DE1CAEC0B70A7296E09F6ED9D2
SRR5080548,2016-12-08 21:20:37,2016-12-06 12:02:02,6516865,651686500,0,100,375,,https://sra-downloadb.be-md.ncbi.nlm.nih.gov/sos5/sra-pub-zq-14/SRR005/080/SRR5080548.sralite.1,SRX2398778,,RNA-Seq,cDNA,TRANSCRIPTOMIC,SINGLE,0,0,ILLUMINA,Illumina HiSeq 2500,SRP094638,PRJNA356411,2,356411,SRS1839698,SAMN06113340,simple,9739,Tursiops truncatus,GSM2417860,,,,,,,no,,,,,GEO,SRA500995,,public,90347422669727D6110E46BEB4F5B52D,29ABE2F06CB33CCD652C85FFA755B184
SRR5080549,2016-12-08 21:20:37,2016-12-06 12:03:20,7311275,731127500,0,100,394,,https://sra-downloadb.be-md.ncbi.nlm.nih.gov/sos5/sra-pub-zq-14/SRR005/080/SRR5080549.sralite.1,SRX2398778,,RNA-Seq,cDNA,TRANSCRIPTOMIC,SINGLE,0,0,ILLUMINA,Illumina HiSeq 2500,SRP094638,PRJNA356411,2,356411,SRS1839698,SAMN06113340,simple,9739,Tursiops truncatus,GSM2417860,,,,,,,no,,,,,GEO,SRA500995,,public,049C6297E9FB433FB4B5645043E239DB,D2D70D6F8789083847D5D06EA45D2DB4
SRR5080550,2016-12-08 21:20:37,2016-12-06 12:03:12,6539280,653928000,0,100,383,,https://sra-downloadb.be-md.ncbi.nlm.nih.gov/sos5/sra-pub-zq-14/SRR005/080/SRR5080550.sralite.1,SRX2398778,,RNA-Seq,cDNA,TRANSCRIPTOMIC,SINGLE,0,0,ILLUMINA,Illumina HiSeq 2500,SRP094638,PRJNA356411,2,356411,SRS1839698,SAMN06113340,simple,9739,Tursiops truncatus,GSM2417860,,,,,,,no,,,,,GEO,SRA500995,,public,BBA44CE89064E18A4FA92DF255FA474E,986C4DA20AED028753EE8252B30815DC
SRR5080551,2016-12-08 21:20:37,2016-12-06 12:02:46,7227832,722783200,0,100,390,,https://sra-downloadb.be-md.ncbi.nlm.nih.gov/sos5/sra-pub-zq-14/SRR005/080/SRR5080551.sralite.1,SRX2398778,,RNA-Seq,cDNA,TRANSCRIPTOMIC,SINGLE,0,0,ILLUMINA,Illumina HiSeq 2500,SRP094638,PRJNA356411,2,356411,SRS1839698,SAMN06113340,simple,9739,Tursiops truncatus,GSM2417860,,,,,,,no,,,,,GEO,SRA500995,,public,510BB79F2CF719CF6240E6D3C471794B,62A90D1BBE78ADAF6ECE9AB5E83F699C
SRR5080552,2016-12-08 21:20:37,2016-12-06 12:04:00,9139260,913926000,0,100,573,,https://sra-downloadb.be-md.ncbi.nlm.nih.gov/sos5/sra-pub-zq-14/SRR005/080/SRR5080552.sralite.1,SRX2398779,,RNA-Seq,cDNA,TRANSCRIPTOMIC,SINGLE,0,0,ILLUMINA,Illumina HiSeq 2500,SRP094638,PRJNA356411,2,356411,SRS1839699,SAMN06113339,simple,9739,Tursiops truncatus,GSM2417861,,,,,,,no,,,,,GEO,SRA500995,,public,CE0F5D11C79C86890AB10A1463C32CE5,45AFA95B4281BF4D638D8FB5A585E7B7
SRR5080553,2016-12-08 21:20:37,2016-12-06 12:04:00,9067653,906765300,0,100,573,,https://sra-downloadb.be-md.ncbi.nlm.nih.gov/sos5/sra-pub-zq-14/SRR005/080/SRR5080553.sralite.1,SRX2398779,,RNA-Seq,cDNA,TRANSCRIPTOMIC,SINGLE,0,0,ILLUMINA,Illumina HiSeq 2500,SRP094638,PRJNA356411,2,356411,SRS1839699,SAMN06113339,simple,9739,Tursiops truncatus,GSM2417861,,,,,,,no,,,,,GEO,SRA500995,,public,D355E551752EA9387FC787410933332D,F7869037746126C51540CBD9B19D741A
SRR5080554,2016-12-08 21:20:37,2016-12-06 12:02:24,7394537,739453700,0,100,391,,https://sra-downloadb.be-md.ncbi.nlm.nih.gov/sos5/sra-pub-zq-14/SRR005/080/SRR5080554.sralite.1,SRX2398779,,RNA-Seq,cDNA,TRANSCRIPTOMIC,SINGLE,0,0,ILLUMINA,Illumina HiSeq 2500,SRP094638,PRJNA356411,2,356411,SRS1839699,SAMN06113339,simple,9739,Tursiops truncatus,GSM2417861,,,,,,,no,,,,,GEO,SRA500995,,public,1DC77BDCA3997145C7C142F78F327E6B,D0F59E3C0DB5590E077CB2ADD447BBD8
SRR5080555,2016-12-08 21:20:37,2016-12-06 12:04:04,8221526,822152600,0,100,434,,https://sra-downloadb.be-md.ncbi.nlm.nih.gov/sos5/sra-pub-zq-14/SRR005/080/SRR5080555.sralite.1,SRX2398779,,RNA-Seq,cDNA,TRANSCRIPTOMIC,SINGLE,0,0,ILLUMINA,Illumina HiSeq 2500,SRP094638,PRJNA356411,2,356411,SRS1839699,SAMN06113339,simple,9739,Tursiops truncatus,GSM2417861,,,,,,,no,,,,,GEO,SRA500995,,public,44F4A51150260AAB125D32E2D719939F,EF814F79B033BD14513A110DAEF54AA6
SRR5080556,2016-12-08 21:20:37,2016-12-06 12:03:49,6541265,654126500,0,100,368,,https://sra-downloadb.be-md.ncbi.nlm.nih.gov/sos5/sra-pub-zq-14/SRR005/080/SRR5080556.sralite.1,SRX2398780,,RNA-Seq,cDNA,TRANSCRIPTOMIC,SINGLE,0,0,ILLUMINA,Illumina HiSeq 2500,SRP094638,PRJNA356411,2,356411,SRS1839704,SAMN06113338,simple,9739,Tursiops truncatus,GSM2417862,,,,,,,no,,,,,GEO,SRA500995,,public,DBDF1BCFECF4412685397C5DCF487603,9C00F971C24DE61AD353890C5EFA242B
SRR5080557,2016-12-08 21:20:37,2016-12-06 12:03:10,6381201,638120100,0,100,354,,https://sra-downloadb.be-md.ncbi.nlm.nih.gov/sos5/sra-pub-zq-14/SRR005/080/SRR5080557.sralite.1,SRX2398780,,RNA-Seq,cDNA,TRANSCRIPTOMIC,SINGLE,0,0,ILLUMINA,Illumina HiSeq 2500,SRP094638,PRJNA356411,2,356411,SRS1839704,SAMN06113338,simple,9739,Tursiops truncatus,GSM2417862,,,,,,,no,,,,,GEO,SRA500995,,public,E4AD22CC86C86321AB58C2DBA26B2101,2F7AA436B30CB4C46AF5463F135149C5
SRR5080558,2016-12-08 21:20:37,2016-12-06 12:03:09,5594317,559431700,0,100,319,,https://sra-downloadb.be-md.ncbi.nlm.nih.gov/sos5/sra-pub-zq-14/SRR005/080/SRR5080558.sralite.1,SRX2398780,,RNA-Seq,cDNA,TRANSCRIPTOMIC,SINGLE,0,0,ILLUMINA,Illumina HiSeq 2500,SRP094638,PRJNA356411,2,356411,SRS1839704,SAMN06113338,simple,9739,Tursiops truncatus,GSM2417862,,,,,,,no,,,,,GEO,SRA500995,,public,9BE740EA7BD8F100FBD6F102362DDEF5,86531DB844B491463BB21788EC5F7607
SRR5080559,2016-12-08 21:20:37,2016-12-06 12:03:02,5507210,550721000,0,100,324,,https://sra-downloadb.be-md.ncbi.nlm.nih.gov/sos5/sra-pub-zq-14/SRR005/080/SRR5080559.sralite.1,SRX2398780,,RNA-Seq,cDNA,TRANSCRIPTOMIC,SINGLE,0,0,ILLUMINA,Illumina HiSeq 2500,SRP094638,PRJNA356411,2,356411,SRS1839704,SAMN06113338,simple,9739,Tursiops truncatus,GSM2417862,,,,,,,no,,,,,GEO,SRA500995,,public,0585CE0E5084685F60E25DC6623E022B,FB6F346F235E1B54FA633A0C2F2D3615
SRR5080560,2016-12-08 21:20:37,2016-12-06 12:03:59,8059337,805933700,0,100,501,,https://sra-downloadb.be-md.ncbi.nlm.nih.gov/sos5/sra-pub-zq-14/SRR005/080/SRR5080560.sralite.1,SRX2398781,,RNA-Seq,cDNA,TRANSCRIPTOMIC,SINGLE,0,0,ILLUMINA,Illumina HiSeq 2500,SRP094638,PRJNA356411,2,356411,SRS1839700,SAMN06113337,simple,9739,Tursiops truncatus,GSM2417863,,,,,,,no,,,,,GEO,SRA500995,,public,551D14C292F33900A3BB083B5E38E968,6EF857527CDDE2A42D7D1A942D34F961
SRR5080561,2016-12-08 21:20:37,2016-12-06 12:03:49,7977523,797752300,0,100,491,,https://sra-downloadb.be-md.ncbi.nlm.nih.gov/sos5/sra-pub-zq-14/SRR005/080/SRR5080561.sralite.1,SRX2398781,,RNA-Seq,cDNA,TRANSCRIPTOMIC,SINGLE,0,0,ILLUMINA,Illumina HiSeq 2500,SRP094638,PRJNA356411,2,356411,SRS1839700,SAMN06113337,simple,9739,Tursiops truncatus,GSM2417863,,,,,,,no,,,,,GEO,SRA500995,,public,46527EF33F3BD8883C08AC5BE4C25B2A,07EA186451334AEEAE7072546ED71FB6
SRR5080562,2016-12-08 21:20:37,2016-12-06 12:03:23,6978594,697859400,0,100,371,,https://sra-downloadb.be-md.ncbi.nlm.nih.gov/sos5/sra-pub-zq-14/SRR005/080/SRR5080562.sralite.1,SRX2398781,,RNA-Seq,cDNA,TRANSCRIPTOMIC,SINGLE,0,0,ILLUMINA,Illumina HiSeq 2500,SRP094638,PRJNA356411,2,356411,SRS1839700,SAMN06113337,simple,9739,Tursiops truncatus,GSM2417863,,,,,,,no,,,,,GEO,SRA500995,,public,FD09B1B69C6BF09E2158A63E22025D28,74C9143815F69416B4449E6618DA8AE4
SRR5080563,2016-12-08 21:20:37,2016-12-06 12:03:54,7257724,725772400,0,100,380,,https://sra-downloadb.be-md.ncbi.nlm.nih.gov/sos5/sra-pub-zq-14/SRR005/080/SRR5080563.sralite.1,SRX2398781,,RNA-Seq,cDNA,TRANSCRIPTOMIC,SINGLE,0,0,ILLUMINA,Illumina HiSeq 2500,SRP094638,PRJNA356411,2,356411,SRS1839700,SAMN06113337,simple,9739,Tursiops truncatus,GSM2417863,,,,,,,no,,,,,GEO,SRA500995,,public,D9DB8A7EF7E7BA468A007F90C8327796,E560E7F70E23A99820FEA1E7C773FDF6
SRR5080564,2016-12-08 21:20:37,2016-12-06 12:04:08,7976334,797633400,0,100,448,,https://sra-downloadb.be-md.ncbi.nlm.nih.gov/sos5/sra-pub-zq-14/SRR005/080/SRR5080564.sralite.1,SRX2398782,,RNA-Seq,cDNA,TRANSCRIPTOMIC,SINGLE,0,0,ILLUMINA,Illumina HiSeq 2500,SRP094638,PRJNA356411,2,356411,SRS1839701,SAMN06113336,simple,9739,Tursiops truncatus,GSM2417864,,,,,,,no,,,,,GEO,SRA500995,,public,9BA25A577328E66D82F42A333B70396C,0084A1691F0B29E1B7B39BDA7CB39958
SRR5080565,2016-12-08 21:20:37,2016-12-06 12:03:41,7793333,779333300,0,100,432,,https://sra-downloadb.be-md.ncbi.nlm.nih.gov/sos5/sra-pub-zq-14/SRR005/080/SRR5080565.sralite.1,SRX2398782,,RNA-Seq,cDNA,TRANSCRIPTOMIC,SINGLE,0,0,ILLUMINA,Illumina HiSeq 2500,SRP094638,PRJNA356411,2,356411,SRS1839701,SAMN06113336,simple,9739,Tursiops truncatus,GSM2417864,,,,,,,no,,,,,GEO,SRA500995,,public,668A1D8DC21F2F5707315A82CE8F955C,CA853B22092200233E81A164569D2201
SRR5080566,2016-12-08 21:20:37,2016-12-06 12:03:47,6977787,697778700,0,100,398,,https://sra-downloadb.be-md.ncbi.nlm.nih.gov/sos5/sra-pub-zq-14/SRR005/080/SRR5080566.sralite.1,SRX2398782,,RNA-Seq,cDNA,TRANSCRIPTOMIC,SINGLE,0,0,ILLUMINA,Illumina HiSeq 2500,SRP094638,PRJNA356411,2,356411,SRS1839701,SAMN06113336,simple,9739,Tursiops truncatus,GSM2417864,,,,,,,no,,,,,GEO,SRA500995,,public,5237F48A8E88350BBABB447CA06E5501,9F741BF5E643E6FFE75BA1AA4AC82484
SRR5080567,2016-12-08 21:20:37,2016-12-06 12:03:48,6821210,682121000,0,100,402,,https://sra-downloadb.be-md.ncbi.nlm.nih.gov/sos5/sra-pub-zq-14/SRR005/080/SRR5080567.sralite.1,SRX2398782,,RNA-Seq,cDNA,TRANSCRIPTOMIC,SINGLE,0,0,ILLUMINA,Illumina HiSeq 2500,SRP094638,PRJNA356411,2,356411,SRS1839701,SAMN06113336,simple,9739,Tursiops truncatus,GSM2417864,,,,,,,no,,,,,GEO,SRA500995,,public,BC438B7711E3EFA0D414D4C7240D28A1,0B0D5471689BEDFD02B467374741FA08
SRR5080568,2016-12-08 21:20:37,2016-12-06 12:04:01,7532691,753269100,0,100,474,,https://sra-downloadb.be-md.ncbi.nlm.nih.gov/sos5/sra-pub-zq-14/SRR005/080/SRR5080568.sralite.1,SRX2398783,,RNA-Seq,cDNA,TRANSCRIPTOMIC,SINGLE,0,0,ILLUMINA,Illumina HiSeq 2500,SRP094638,PRJNA356411,2,356411,SRS1839702,SAMN06113335,simple,9739,Tursiops truncatus,GSM2417865,,,,,,,no,,,,,GEO,SRA500995,,public,D83344D194032BD537BFEBE9ECD7BD5D,EA70D7F795F7D22ACAC8EDFB3883EEEB
SRR5080569,2016-12-08 21:20:37,2016-12-06 12:04:12,7477619,747761900,0,100,475,,https://sra-downloadb.be-md.ncbi.nlm.nih.gov/sos5/sra-pub-zq-14/SRR005/080/SRR5080569.sralite.1,SRX2398783,,RNA-Seq,cDNA,TRANSCRIPTOMIC,SINGLE,0,0,ILLUMINA,Illumina HiSeq 2500,SRP094638,PRJNA356411,2,356411,SRS1839702,SAMN06113335,simple,9739,Tursiops truncatus,GSM2417865,,,,,,,no,,,,,GEO,SRA500995,,public,D58153FA4AC16DC7AF564EA5B1EDBA77,ABE11E246C30AD2C823DD491024A9CD3
SRR5080570,2016-12-08 21:20:37,2016-12-06 12:03:25,6067318,606731800,0,100,323,,https://sra-downloadb.be-md.ncbi.nlm.nih.gov/sos5/sra-pub-zq-14/SRR005/080/SRR5080570.sralite.1,SRX2398783,,RNA-Seq,cDNA,TRANSCRIPTOMIC,SINGLE,0,0,ILLUMINA,Illumina HiSeq 2500,SRP094638,PRJNA356411,2,356411,SRS1839702,SAMN06113335,simple,9739,Tursiops truncatus,GSM2417865,,,,,,,no,,,,,GEO,SRA500995,,public,972C4BBA8E82BA5DCA021B81BF3EA7C3,AFB5D743E8C9B7654A42190B8FBF186B
SRR5080571,2016-12-08 21:20:37,2016-12-06 12:03:42,6757617,675761700,0,100,358,,https://sra-downloadb.be-md.ncbi.nlm.nih.gov/sos5/sra-pub-zq-14/SRR005/080/SRR5080571.sralite.1,SRX2398783,,RNA-Seq,cDNA,TRANSCRIPTOMIC,SINGLE,0,0,ILLUMINA,Illumina HiSeq 2500,SRP094638,PRJNA356411,2,356411,SRS1839702,SAMN06113335,simple,9739,Tursiops truncatus,GSM2417865,,,,,,,no,,,,,GEO,SRA500995,,public,A42A01CD760B9E7380E26A8C45B83489,4AA7B730B8DE67E7C9D1D0AF1F9DAFD1
SRR5080572,2016-12-08 21:20:37,2016-12-06 12:03:20,5220522,522052200,0,100,328,,https://sra-downloadb.be-md.ncbi.nlm.nih.gov/sos5/sra-pub-zq-14/SRR005/080/SRR5080572.sralite.1,SRX2398784,,RNA-Seq,cDNA,TRANSCRIPTOMIC,SINGLE,0,0,ILLUMINA,Illumina HiSeq 2500,SRP094638,PRJNA356411,2,356411,SRS1839703,SAMN06113334,simple,9739,Tursiops truncatus,GSM2417866,,,,,,,no,,,,,GEO,SRA500995,,public,F5D83E111027AC6C674C3C95964F82D3,0C4A63149E9ECF72057650CBDA080DA5
SRR5080573,2016-12-08 21:20:37,2016-12-06 12:03:25,5175267,517526700,0,100,328,,https://sra-downloadb.be-md.ncbi.nlm.nih.gov/sos5/sra-pub-zq-14/SRR005/080/SRR5080573.sralite.1,SRX2398784,,RNA-Seq,cDNA,TRANSCRIPTOMIC,SINGLE,0,0,ILLUMINA,Illumina HiSeq 2500,SRP094638,PRJNA356411,2,356411,SRS1839703,SAMN06113334,simple,9739,Tursiops truncatus,GSM2417866,,,,,,,no,,,,,GEO,SRA500995,,public,194E9B1CD93BEC84E15B36EE5021F8DB,162EFED64349AF47F66CAF91B1552A62
SRR5080574,2016-12-08 21:20:37,2016-12-06 12:03:11,4194331,419433100,0,100,223,,https://sra-downloadb.be-md.ncbi.nlm.nih.gov/sos5/sra-pub-zq-14/SRR005/080/SRR5080574.sralite.1,SRX2398784,,RNA-Seq,cDNA,TRANSCRIPTOMIC,SINGLE,0,0,ILLUMINA,Illumina HiSeq 2500,SRP094638,PRJNA356411,2,356411,SRS1839703,SAMN06113334,simple,9739,Tursiops truncatus,GSM2417866,,,,,,,no,,,,,GEO,SRA500995,,public,EF82F1E166EE380B8C693F42B3489980,9B79CD7EC50430A63BFF2A812E1B48F8
SRR5080575,2016-12-08 21:20:37,2016-12-06 12:03:07,4679532,467953200,0,100,248,,https://sra-downloadb.be-md.ncbi.nlm.nih.gov/sos5/sra-pub-zq-14/SRR005/080/SRR5080575.sralite.1,SRX2398784,,RNA-Seq,cDNA,TRANSCRIPTOMIC,SINGLE,0,0,ILLUMINA,Illumina HiSeq 2500,SRP094638,PRJNA356411,2,356411,SRS1839703,SAMN06113334,simple,9739,Tursiops truncatus,GSM2417866,,,,,,,no,,,,,GEO,SRA500995,,public,E7C25705F1DE91D2F7C2C44E15718AAD,8A4D51DBD0F8B54706532884485A9E83
SRR5080576,2016-12-08 21:20:37,2016-12-06 12:04:09,8493164,849316400,0,100,477,,https://sra-downloadb.be-md.ncbi.nlm.nih.gov/sos5/sra-pub-zq-14/SRR005/080/SRR5080576.sralite.1,SRX2398785,,RNA-Seq,cDNA,TRANSCRIPTOMIC,SINGLE,0,0,ILLUMINA,Illumina HiSeq 2500,SRP094638,PRJNA356411,2,356411,SRS1839706,SAMN06113333,simple,9739,Tursiops truncatus,GSM2417867,,,,,,,no,,,,,GEO,SRA500995,,public,CB4542BD7A7D80BFFC19C2BCC442B68D,0E2C328A735E3B809DBC635AF7556168
SRR5080577,2016-12-08 21:20:37,2016-12-06 12:04:07,8284235,828423500,0,100,459,,https://sra-downloadb.be-md.ncbi.nlm.nih.gov/sos5/sra-pub-zq-14/SRR005/080/SRR5080577.sralite.1,SRX2398785,,RNA-Seq,cDNA,TRANSCRIPTOMIC,SINGLE,0,0,ILLUMINA,Illumina HiSeq 2500,SRP094638,PRJNA356411,2,356411,SRS1839706,SAMN06113333,simple,9739,Tursiops truncatus,GSM2417867,,,,,,,no,,,,,GEO,SRA500995,,public,E829F977F4E9AE4918586F8C67AAF8A3,98F225828C3267576A27D2C71886B653
SRR5080578,2016-12-08 21:20:37,2016-12-06 12:03:49,7216613,721661300,0,100,411,,https://sra-downloadb.be-md.ncbi.nlm.nih.gov/sos5/sra-pub-zq-14/SRR005/080/SRR5080578.sralite.1,SRX2398785,,RNA-Seq,cDNA,TRANSCRIPTOMIC,SINGLE,0,0,ILLUMINA,Illumina HiSeq 2500,SRP094638,PRJNA356411,2,356411,SRS1839706,SAMN06113333,simple,9739,Tursiops truncatus,GSM2417867,,,,,,,no,,,,,GEO,SRA500995,,public,1B4FAD637B97E9D2FAFDEE9584924B55,E4850A454D69596D5E7B702D55ED0D51
SRR5080579,2016-12-08 21:20:37,2016-12-06 12:05:50,7156263,715626300,0,100,420,,https://sra-downloadb.be-md.ncbi.nlm.nih.gov/sos5/sra-pub-zq-14/SRR005/080/SRR5080579.sralite.1,SRX2398785,,RNA-Seq,cDNA,TRANSCRIPTOMIC,SINGLE,0,0,ILLUMINA,Illumina HiSeq 2500,SRP094638,PRJNA356411,2,356411,SRS1839706,SAMN06113333,simple,9739,Tursiops truncatus,GSM2417867,,,,,,,no,,,,,GEO,SRA500995,,public,B44AEE1C504021D6AE524037958C3087,636AE517AE7C761B055370599DB69EE1
SRR5080580,2016-12-08 21:20:37,2016-12-06 12:10:24,29821349,3727668625,0,125,1582,,https://sra-downloadb.be-md.ncbi.nlm.nih.gov/sos5/sra-pub-zq-14/SRR005/080/SRR5080580.sralite.1,SRX2398786,,RNA-Seq,cDNA,TRANSCRIPTOMIC,SINGLE,0,0,ILLUMINA,Illumina HiSeq 2500,SRP094638,PRJNA356411,2,356411,SRS1839707,SAMN06113332,simple,9739,Tursiops truncatus,GSM2417868,,,,,,,no,,,,,GEO,SRA500995,,public,B1CE8D6E978619FF64CDFD7F21B214AE,D6E85070F9EC9D40AF3667F30C24A901
SRR5080581,2016-12-08 21:20:37,2016-12-06 12:10:52,28920270,3615033750,0,125,1551,,https://sra-downloadb.be-md.ncbi.nlm.nih.gov/sos5/sra-pub-zq-14/SRR005/080/SRR5080581.sralite.1,SRX2398787,,RNA-Seq,cDNA,TRANSCRIPTOMIC,SINGLE,0,0,ILLUMINA,Illumina HiSeq 2500,SRP094638,PRJNA356411,2,356411,SRS1839705,SAMN06113331,simple,9739,Tursiops truncatus,GSM2417869,,,,,,,no,,,,,GEO,SRA500995,,public,702D1BD11FD6DBD3DCC97ACDBBEFC44E,FB27098B055E95264FBC5243FC478190
SRR5080582,2016-12-08 21:20:37,2016-12-06 12:11:45,37712124,4714015500,0,125,2011,,https://sra-downloadb.be-md.ncbi.nlm.nih.gov/sos5/sra-pub-zq-14/SRR005/080/SRR5080582.sralite.1,SRX2398788,,RNA-Seq,cDNA,TRANSCRIPTOMIC,SINGLE,0,0,ILLUMINA,Illumina HiSeq 2500,SRP094638,PRJNA356411,2,356411,SRS1839708,SAMN06113330,simple,9739,Tursiops truncatus,GSM2417870,,,,,,,no,,,,,GEO,SRA500995,,public,ECF39877188145B791E05C252E9A89C0,7A2A5E58BEF893CCAC1F35A267F1B490
SRR5080583,2016-12-08 21:20:37,2016-12-06 12:07:40,24318347,3039793375,0,125,1265,,https://sra-downloadb.be-md.ncbi.nlm.nih.gov/sos5/sra-pub-zq-14/SRR005/080/SRR5080583.sralite.1,SRX2398789,,RNA-Seq,cDNA,TRANSCRIPTOMIC,SINGLE,0,0,ILLUMINA,Illumina HiSeq 2500,SRP094638,PRJNA356411,2,356411,SRS1839710,SAMN06113329,simple,9739,Tursiops truncatus,GSM2417871,,,,,,,no,,,,,GEO,SRA500995,,public,9600522100D3DE0ABF665A83214FAEF0,4BB799CC1D686531BF487B6057D328CD
SRR5080584,2016-12-08 21:20:37,2016-12-06 12:10:13,30317770,3789721250,0,125,1607,,https://sra-downloadb.be-md.ncbi.nlm.nih.gov/sos5/sra-pub-zq-14/SRR005/080/SRR5080584.sralite.1,SRX2398790,,RNA-Seq,cDNA,TRANSCRIPTOMIC,SINGLE,0,0,ILLUMINA,Illumina HiSeq 2500,SRP094638,PRJNA356411,2,356411,SRS1839709,SAMN06113328,simple,9739,Tursiops truncatus,GSM2417872,,,,,,,no,,,,,GEO,SRA500995,,public,9ED3FB0FB9EA95B68016815EFA910CAD,59F4B585317BEF5E21544C2F1985A9F5
SRR5080585,2016-12-08 21:20:37,2016-12-06 12:08:20,25995612,3249451500,0,125,1341,,https://sra-downloadb.be-md.ncbi.nlm.nih.gov/sos5/sra-pub-zq-14/SRR005/080/SRR5080585.sralite.1,SRX2398791,,RNA-Seq,cDNA,TRANSCRIPTOMIC,SINGLE,0,0,ILLUMINA,Illumina HiSeq 2500,SRP094638,PRJNA356411,2,356411,SRS1839711,SAMN06113327,simple,9739,Tursiops truncatus,GSM2417873,,,,,,,no,,,,,GEO,SRA500995,,public,FA62A5126EA58482D97700595942E891,E780DC1C46861D777B53DF9CB00B269D
SRR5080586,2016-12-08 21:20:37,2016-12-06 12:10:04,31952665,3994083125,0,125,1636,,https://sra-downloadb.be-md.ncbi.nlm.nih.gov/sos5/sra-pub-zq-14/SRR005/080/SRR5080586.sralite.1,SRX2398792,,RNA-Seq,cDNA,TRANSCRIPTOMIC,SINGLE,0,0,ILLUMINA,Illumina HiSeq 2500,SRP094638,PRJNA356411,2,356411,SRS1839712,SAMN06113326,simple,9739,Tursiops truncatus,GSM2417874,,,,,,,no,,,,,GEO,SRA500995,,public,62D013EF295E2AA74B5880B9DFECAF73,85EB7021191ECF7B582A63BA8CAA2255
SRR5080587,2016-12-08 21:20:37,2016-12-06 12:10:58,29652084,3706510500,0,125,1542,,https://sra-downloadb.be-md.ncbi.nlm.nih.gov/sos5/sra-pub-zq-14/SRR005/080/SRR5080587.sralite.1,SRX2398793,,RNA-Seq,cDNA,TRANSCRIPTOMIC,SINGLE,0,0,ILLUMINA,Illumina HiSeq 2500,SRP094638,PRJNA356411,2,356411,SRS1839713,SAMN06113325,simple,9739,Tursiops truncatus,GSM2417875,,,,,,,no,,,,,GEO,SRA500995,,public,226B76E10CFC76ACF5946AE8A39D4E5E,DC6B1276DF4EA7FBB1F734DEBACEED22
SRR5080588,2016-12-08 21:20:37,2016-12-06 12:07:26,23449750,2931218750,0,125,1209,,https://sra-downloadb.be-md.ncbi.nlm.nih.gov/sos5/sra-pub-zq-14/SRR005/080/SRR5080588.sralite.1,SRX2398794,,RNA-Seq,cDNA,TRANSCRIPTOMIC,SINGLE,0,0,ILLUMINA,Illumina HiSeq 2500,SRP094638,PRJNA356411,2,356411,SRS1839714,SAMN06113324,simple,9739,Tursiops truncatus,GSM2417876,,,,,,,no,,,,,GEO,SRA500995,,public,78CDBDEB28EF33BC62A83BAF5BD59DB7,672DE8C54D7DF522CDDD241E778B4D12
SRR5080589,2016-12-08 21:20:37,2016-12-06 12:08:53,27364071,3420508875,0,125,1400,,https://sra-downloadb.be-md.ncbi.nlm.nih.gov/sos5/sra-pub-zq-14/SRR005/080/SRR5080589.sralite.1,SRX2398795,,RNA-Seq,cDNA,TRANSCRIPTOMIC,SINGLE,0,0,ILLUMINA,Illumina HiSeq 2500,SRP094638,PRJNA356411,2,356411,SRS1839715,SAMN06113323,simple,9739,Tursiops truncatus,GSM2417877,,,,,,,no,,,,,GEO,SRA500995,,public,BD11149F159DA2F015143704244413DB,73B21AB77283E98CD9C71AAED97A52AE
SRR5080590,2016-12-08 21:20:37,2016-12-06 12:09:10,28380736,3547592000,0,125,1540,,https://sra-downloadb.be-md.ncbi.nlm.nih.gov/sos5/sra-pub-zq-14/SRR005/080/SRR5080590.sralite.1,SRX2398796,,RNA-Seq,cDNA,TRANSCRIPTOMIC,SINGLE,0,0,ILLUMINA,Illumina HiSeq 2500,SRP094638,PRJNA356411,2,356411,SRS1839716,SAMN06113322,simple,9739,Tursiops truncatus,GSM2417878,,,,,,,no,,,,,GEO,SRA500995,,public,F586A06DD9C09A253E94A1CCF01268DB,91FD133C8E937E83A69233E72D0AFFE5
SRR5080591,2016-12-08 21:20:37,2016-12-06 12:19:01,37431516,4678939500,0,125,2019,,https://sra-downloadb.be-md.ncbi.nlm.nih.gov/sos5/sra-pub-zq-14/SRR005/080/SRR5080591.sralite.1,SRX2398797,,RNA-Seq,cDNA,TRANSCRIPTOMIC,SINGLE,0,0,ILLUMINA,Illumina HiSeq 2500,SRP094638,PRJNA356411,2,356411,SRS1839717,SAMN06113321,simple,9739,Tursiops truncatus,GSM2417879,,,,,,,no,,,,,GEO,SRA500995,,public,DF5D50B68B59D601201B3273719C2078,120AEC3FAD89802B7E3C2AFCE8EA79B3
SRR5080592,2016-12-08 21:20:37,2016-12-06 12:09:34,27069945,3383743125,0,125,1461,,https://sra-downloadb.be-md.ncbi.nlm.nih.gov/sos5/sra-pub-zq-14/SRR005/080/SRR5080592.sralite.1,SRX2398798,,RNA-Seq,cDNA,TRANSCRIPTOMIC,SINGLE,0,0,ILLUMINA,Illumina HiSeq 2500,SRP094638,PRJNA356411,2,356411,SRS1839718,SAMN06113320,simple,9739,Tursiops truncatus,GSM2417880,,,,,,,no,,,,,GEO,SRA500995,,public,80EAD1AAD00C6599C13DFFC6E505278A,DD94D8304257340D7EDF93C36C9B41A7
SRR5080593,2016-12-08 21:20:37,2016-12-06 12:28:34,30755470,3844433750,0,125,1576,,https://sra-downloadb.be-md.ncbi.nlm.nih.gov/sos5/sra-pub-zq-14/SRR005/080/SRR5080593.sralite.1,SRX2398799,,RNA-Seq,cDNA,TRANSCRIPTOMIC,SINGLE,0,0,ILLUMINA,Illumina HiSeq 2500,SRP094638,PRJNA356411,2,356411,SRS1839719,SAMN06113319,simple,9739,Tursiops truncatus,GSM2417881,,,,,,,no,,,,,GEO,SRA500995,,public,9F6E4956DCBAFC9DDA10FA8C04CC91A9,818205300FB81132F7A933AD31ECC260
SRR5080594,2016-12-08 21:20:37,2016-12-06 12:09:00,27918044,3489755500,0,125,1465,,https://sra-downloadb.be-md.ncbi.nlm.nih.gov/sos5/sra-pub-zq-14/SRR005/080/SRR5080594.sralite.1,SRX2398800,,RNA-Seq,cDNA,TRANSCRIPTOMIC,SINGLE,0,0,ILLUMINA,Illumina HiSeq 2500,SRP094638,PRJNA356411,2,356411,SRS1839720,SAMN06113318,simple,9739,Tursiops truncatus,GSM2417882,,,,,,,no,,,,,GEO,SRA500995,,public,5387E20C9FC0600DCB0E9456895A8792,B1DACC20F1602BC58FE2E5928B921ADE
SRR5080595,2016-12-08 21:20:37,2016-12-06 12:10:42,31921436,3990179500,0,125,1723,,https://sra-downloadb.be-md.ncbi.nlm.nih.gov/sos5/sra-pub-zq-14/SRR005/080/SRR5080595.sralite.1,SRX2398801,,RNA-Seq,cDNA,TRANSCRIPTOMIC,SINGLE,0,0,ILLUMINA,Illumina HiSeq 2500,SRP094638,PRJNA356411,2,356411,SRS1839722,SAMN06113317,simple,9739,Tursiops truncatus,GSM2417883,,,,,,,no,,,,,GEO,SRA500995,,public,C42951BBF74AC3301F5D9EF47CB8CA30,657C7589C01A034D79675EBB738136D8
SRR5080596,2016-12-08 21:20:37,2016-12-06 12:10:00,30177330,3772166250,0,125,1630,,https://sra-downloadb.be-md.ncbi.nlm.nih.gov/sos5/sra-pub-zq-14/SRR005/080/SRR5080596.sralite.1,SRX2398802,,RNA-Seq,cDNA,TRANSCRIPTOMIC,SINGLE,0,0,ILLUMINA,Illumina HiSeq 2500,SRP094638,PRJNA356411,2,356411,SRS1839721,SAMN06113316,simple,9739,Tursiops truncatus,GSM2417884,,,,,,,no,,,,,GEO,SRA500995,,public,B384914D5686F96287FA9FC83A02B5A2,920F206F2137D0D6A4DF48D8340317D9
SRR5080597,2016-12-08 21:20:37,2016-12-06 12:17:59,64691891,8086486375,0,125,3446,,https://sra-downloadb.be-md.ncbi.nlm.nih.gov/sos5/sra-pub-zq-14/SRR005/080/SRR5080597.sralite.1,SRX2398803,,RNA-Seq,cDNA,TRANSCRIPTOMIC,SINGLE,0,0,ILLUMINA,Illumina HiSeq 2500,SRP094638,PRJNA356411,2,356411,SRS1839723,SAMN06113315,simple,9739,Tursiops truncatus,GSM2417885,,,,,,,no,,,,,GEO,SRA500995,,public,BBFFBE41BF2FEB83FC430571A5A0D2D6,D70ACCFC4CC0726C6308D9D947538577
SRR5080598,2016-12-08 21:20:37,2016-12-06 12:13:59,28518970,3564871250,0,125,1488,,https://sra-downloadb.be-md.ncbi.nlm.nih.gov/sos5/sra-pub-zq-14/SRR005/080/SRR5080598.sralite.1,SRX2398804,,RNA-Seq,cDNA,TRANSCRIPTOMIC,SINGLE,0,0,ILLUMINA,Illumina HiSeq 2500,SRP094638,PRJNA356411,2,356411,SRS1839724,SAMN06113314,simple,9739,Tursiops truncatus,GSM2417886,,,,,,,no,,,,,GEO,SRA500995,,public,431CF42364970BC3928B602A38E00683,78DA30DCF480A6FF915261711EC09410
SRR5080601,2016-12-08 21:20:37,2016-12-06 12:08:49,25349333,3168666625,0,125,1322,,https://sra-downloadb.be-md.ncbi.nlm.nih.gov/sos5/sra-pub-zq-14/SRR005/080/SRR5080601.sralite.1,SRX2398807,,RNA-Seq,cDNA,TRANSCRIPTOMIC,SINGLE,0,0,ILLUMINA,Illumina HiSeq 2500,SRP094638,PRJNA356411,2,356411,SRS1839725,SAMN06113373,simple,9739,Tursiops truncatus,GSM2417889,,,,,,,no,,,,,GEO,SRA500995,,public,67205D2B066FE5A69954DFA9B57D085D,58CD9BDF6EDB15596BA18E6963205C6C
SRR5080599,2016-12-08 21:20:37,2016-12-06 12:08:04,24162588,3020323500,0,125,1295,,https://sra-downloadb.be-md.ncbi.nlm.nih.gov/sos5/sra-pub-zq-14/SRR005/080/SRR5080599.sralite.1,SRX2398805,,RNA-Seq,cDNA,TRANSCRIPTOMIC,SINGLE,0,0,ILLUMINA,Illumina HiSeq 2500,SRP094638,PRJNA356411,2,356411,SRS1839726,SAMN06113313,simple,9739,Tursiops truncatus,GSM2417887,,,,,,,no,,,,,GEO,SRA500995,,public,C2243932274389051FA8961F9EAA5DD8,8592D31319C88608766CD63ABE4F0B11
SRR5080600,2016-12-08 21:20:37,2016-12-06 12:09:21,27642061,3455257625,0,125,1485,,https://sra-downloadb.be-md.ncbi.nlm.nih.gov/sos5/sra-pub-zq-14/SRR005/080/SRR5080600.sralite.1,SRX2398806,,RNA-Seq,cDNA,TRANSCRIPTOMIC,SINGLE,0,0,ILLUMINA,Illumina HiSeq 2500,SRP094638,PRJNA356411,2,356411,SRS1839727,SAMN06113312,simple,9739,Tursiops truncatus,GSM2417888,,,,,,,no,,,,,GEO,SRA500995,,public,DF61A2783D6DEF0D8D53940631EDDF4D,4CD3CB9354BF697EF7FA08D4C864F902
SRR5080602,2016-12-08 21:20:37,2016-12-06 12:07:14,22956805,2869600625,0,125,1199,,https://sra-downloadb.be-md.ncbi.nlm.nih.gov/sos5/sra-pub-zq-14/SRR005/080/SRR5080602.sralite.1,SRX2398808,,RNA-Seq,cDNA,TRANSCRIPTOMIC,SINGLE,0,0,ILLUMINA,Illumina HiSeq 2500,SRP094638,PRJNA356411,2,356411,SRS1839728,SAMN06113372,simple,9739,Tursiops truncatus,GSM2417890,,,,,,,no,,,,,GEO,SRA500995,,public,31F00C46EC3BCAB8B9D8ABB5772E47E4,42CE80AC94538CCD410FCDCD25973D39
SRR5080603,2016-12-08 21:20:37,2016-12-06 12:10:43,30117418,3764677250,0,125,1547,,https://sra-downloadb.be-md.ncbi.nlm.nih.gov/sos5/sra-pub-zq-14/SRR005/080/SRR5080603.sralite.1,SRX2398809,,RNA-Seq,cDNA,TRANSCRIPTOMIC,SINGLE,0,0,ILLUMINA,Illumina HiSeq 2500,SRP094638,PRJNA356411,2,356411,SRS1839729,SAMN06113371,simple,9739,Tursiops truncatus,GSM2417891,,,,,,,no,,,,,GEO,SRA500995,,public,B825C401F57C3DDDAD24E692891893FC,D2D93AFC2852A8DB3E075F4EAEE378F5
SRR5080604,2016-12-08 21:20:37,2016-12-06 12:12:36,26397222,3299652750,0,125,1360,,https://sra-downloadb.be-md.ncbi.nlm.nih.gov/sos5/sra-pub-zq-14/SRR005/080/SRR5080604.sralite.1,SRX2398810,,RNA-Seq,cDNA,TRANSCRIPTOMIC,SINGLE,0,0,ILLUMINA,Illumina HiSeq 2500,SRP094638,PRJNA356411,2,356411,SRS1839730,SAMN06113370,simple,9739,Tursiops truncatus,GSM2417892,,,,,,,no,,,,,GEO,SRA500995,,public,CE4AA8D971E930A929F361BCFCDF7646,2DE0F8DB43FCD62F0D43E3DBFEE47F7B
SRR5080605,2016-12-08 21:20:37,2016-12-06 12:09:10,26994550,3374318750,0,125,1477,,https://sra-downloadb.be-md.ncbi.nlm.nih.gov/sos5/sra-pub-zq-14/SRR005/080/SRR5080605.sralite.1,SRX2398811,,RNA-Seq,cDNA,TRANSCRIPTOMIC,SINGLE,0,0,ILLUMINA,Illumina HiSeq 2500,SRP094638,PRJNA356411,2,356411,SRS1839731,SAMN06113369,simple,9739,Tursiops truncatus,GSM2417893,,,,,,,no,,,,,GEO,SRA500995,,public,BE7CA7E0894DE17B3712474CA1C54506,FC8CB105BEA2030484086F6C42E8C208
SRR5080606,2016-12-08 21:20:37,2016-12-06 12:10:08,28518891,3564861375,0,125,1513,,https://sra-downloadb.be-md.ncbi.nlm.nih.gov/sos5/sra-pub-zq-14/SRR005/080/SRR5080606.sralite.1,SRX2398812,,RNA-Seq,cDNA,TRANSCRIPTOMIC,SINGLE,0,0,ILLUMINA,Illumina HiSeq 2500,SRP094638,PRJNA356411,2,356411,SRS1839733,SAMN06113368,simple,9739,Tursiops truncatus,GSM2417894,,,,,,,no,,,,,GEO,SRA500995,,public,1F15B4BDA08B99488B76CF56AF66D2A4,561E22D595E406D8DDEA32D7CE9A9A0B
SRR5080607,2016-12-08 21:20:37,2016-12-06 12:13:29,21016701,2627087625,0,125,1076,,https://sra-downloadb.be-md.ncbi.nlm.nih.gov/sos5/sra-pub-zq-14/SRR005/080/SRR5080607.sralite.1,SRX2398813,,RNA-Seq,cDNA,TRANSCRIPTOMIC,SINGLE,0,0,ILLUMINA,Illumina HiSeq 2500,SRP094638,PRJNA356411,2,356411,SRS1839732,SAMN06113367,simple,9739,Tursiops truncatus,GSM2417895,,,,,,,no,,,,,GEO,SRA500995,,public,A64D1A728469912C76D9365CE5FE19FA,6CC8539197A1A989F0C3B19F3C067B67
SRR5080608,2016-12-08 21:20:37,2016-12-06 12:12:39,32395009,4049376125,0,125,1748,,https://sra-downloadb.be-md.ncbi.nlm.nih.gov/sos5/sra-pub-zq-14/SRR005/080/SRR5080608.sralite.1,SRX2398814,,RNA-Seq,cDNA,TRANSCRIPTOMIC,SINGLE,0,0,ILLUMINA,Illumina HiSeq 2500,SRP094638,PRJNA356411,2,356411,SRS1839735,SAMN06113366,simple,9739,Tursiops truncatus,GSM2417896,,,,,,,no,,,,,GEO,SRA500995,,public,5EFB6B1DD68F18D9583C200F4D8DEE7E,EA2966A1476F6F26416CB04118CE0CA0
SRR5080609,2016-12-08 21:20:37,2016-12-06 12:14:54,27239283,3404910375,0,125,1457,,https://sra-downloadb.be-md.ncbi.nlm.nih.gov/sos5/sra-pub-zq-14/SRR005/080/SRR5080609.sralite.1,SRX2398815,,RNA-Seq,cDNA,TRANSCRIPTOMIC,SINGLE,0,0,ILLUMINA,Illumina HiSeq 2500,SRP094638,PRJNA356411,2,356411,SRS1839734,SAMN06113365,simple,9739,Tursiops truncatus,GSM2417897,,,,,,,no,,,,,GEO,SRA500995,,public,2B255AA8391EBDC8E72552C99BD7AE1A,5578DF70593A0505D17CC95D51240EB9
SRR5080610,2016-12-08 21:20:37,2016-12-06 12:12:41,31527180,3940897500,0,125,1676,,https://sra-downloadb.be-md.ncbi.nlm.nih.gov/sos5/sra-pub-zq-14/SRR005/080/SRR5080610.sralite.1,SRX2398816,,RNA-Seq,cDNA,TRANSCRIPTOMIC,SINGLE,0,0,ILLUMINA,Illumina HiSeq 2500,SRP094638,PRJNA356411,2,356411,SRS1839736,SAMN06113364,simple,9739,Tursiops truncatus,GSM2417898,,,,,,,no,,,,,GEO,SRA500995,,public,577A76574B7D0E410F2458716D4506BB,1912FF28504EB467E706B6DDAF00B92C
SRR5080612,2016-12-08 21:20:37,2016-12-06 12:11:25,34665668,4333208500,0,125,1807,,https://sra-downloadb.be-md.ncbi.nlm.nih.gov/sos5/sra-pub-zq-14/SRR005/080/SRR5080612.sralite.1,SRX2398818,,RNA-Seq,cDNA,TRANSCRIPTOMIC,SINGLE,0,0,ILLUMINA,Illumina HiSeq 2500,SRP094638,PRJNA356411,2,356411,SRS1839737,SAMN06113362,simple,9739,Tursiops truncatus,GSM2417900,,,,,,,no,,,,,GEO,SRA500995,,public,FC5927B1D77E74740AE845F89EB98ED4,0472BA7EDB41F340BE57961D41123F2E
SRR5080613,2016-12-08 21:20:37,2016-12-06 12:14:57,34051229,4256403625,0,125,1833,,https://sra-downloadb.be-md.ncbi.nlm.nih.gov/sos5/sra-pub-zq-14/SRR005/080/SRR5080613.sralite.1,SRX2398819,,RNA-Seq,cDNA,TRANSCRIPTOMIC,SINGLE,0,0,ILLUMINA,Illumina HiSeq 2500,SRP094638,PRJNA356411,2,356411,SRS1839738,SAMN06113361,simple,9739,Tursiops truncatus,GSM2417901,,,,,,,no,,,,,GEO,SRA500995,,public,D923F64A6177DA6E7E00EF5E2824354F,E5626101667B524F3BD387EA9CCB03F7
SRR5080611,2016-12-08 21:20:37,2016-12-06 12:08:10,24731559,3091444875,0,125,1352,,https://sra-downloadb.be-md.ncbi.nlm.nih.gov/sos5/sra-pub-zq-14/SRR005/080/SRR5080611.sralite.1,SRX2398817,,RNA-Seq,cDNA,TRANSCRIPTOMIC,SINGLE,0,0,ILLUMINA,Illumina HiSeq 2500,SRP094638,PRJNA356411,2,356411,SRS1839739,SAMN06113363,simple,9739,Tursiops truncatus,GSM2417899,,,,,,,no,,,,,GEO,SRA500995,,public,F59F92B069DAD7833572793D73211874,C9B097484B01F010376DC1FE73BB25C2
SRR5080614,2016-12-08 21:20:37,2016-12-06 12:08:18,21499097,2687387125,0,125,1109,,https://sra-downloadb.be-md.ncbi.nlm.nih.gov/sos5/sra-pub-zq-14/SRR005/080/SRR5080614.sralite.1,SRX2398820,,RNA-Seq,cDNA,TRANSCRIPTOMIC,SINGLE,0,0,ILLUMINA,Illumina HiSeq 2500,SRP094638,PRJNA356411,2,356411,SRS1839740,SAMN06113360,simple,9739,Tursiops truncatus,GSM2417902,,,,,,,no,,,,,GEO,SRA500995,,public,DC6FC71C23518CD0CE369CDC98410C89,CD1D6CA4D71272AC554DDCF5A519F6CB
SRR5080615,2016-12-08 21:20:37,2016-12-06 12:09:42,29115539,3639442375,0,125,1497,,https://sra-downloadb.be-md.ncbi.nlm.nih.gov/sos5/sra-pub-zq-14/SRR005/080/SRR5080615.sralite.1,SRX2398821,,RNA-Seq,cDNA,TRANSCRIPTOMIC,SINGLE,0,0,ILLUMINA,Illumina HiSeq 2500,SRP094638,PRJNA356411,2,356411,SRS1839741,SAMN06113359,simple,9739,Tursiops truncatus,GSM2417903,,,,,,,no,,,,,GEO,SRA500995,,public,D15B5B5F9F59CB902F029AE3316C09C4,8C831F7F064CFDF176309187EA9FFBE3
SRR5080616,2016-12-08 21:20:37,2016-12-06 12:11:09,26633922,3329240250,0,125,1386,,https://sra-downloadb.be-md.ncbi.nlm.nih.gov/sos5/sra-pub-zq-14/SRR005/080/SRR5080616.sralite.1,SRX2398822,,RNA-Seq,cDNA,TRANSCRIPTOMIC,SINGLE,0,0,ILLUMINA,Illumina HiSeq 2500,SRP094638,PRJNA356411,2,356411,SRS1839745,SAMN06113358,simple,9739,Tursiops truncatus,GSM2417904,,,,,,,no,,,,,GEO,SRA500995,,public,CE41B1F6B6C3E4CE5B885C60E7EACBBC,52F95F779044C78912B8D1B9AD05F106
SRR5080617,2016-12-08 21:20:37,2016-12-06 12:09:18,25523658,3190457250,0,125,1373,,https://sra-downloadb.be-md.ncbi.nlm.nih.gov/sos5/sra-pub-zq-14/SRR005/080/SRR5080617.sralite.1,SRX2398823,,RNA-Seq,cDNA,TRANSCRIPTOMIC,SINGLE,0,0,ILLUMINA,Illumina HiSeq 2500,SRP094638,PRJNA356411,2,356411,SRS1839743,SAMN06113357,simple,9739,Tursiops truncatus,GSM2417905,,,,,,,no,,,,,GEO,SRA500995,,public,26A3BE9342CA3E66F3C6F6D4AFEFB6B5,A32F5DE102172838745626C0A2DDEC62
SRR5080618,2016-12-08 21:20:37,2016-12-06 12:13:57,25899139,3237392375,0,125,1331,,https://sra-downloadb.be-md.ncbi.nlm.nih.gov/sos5/sra-pub-zq-14/SRR005/080/SRR5080618.sralite.1,SRX2398824,,RNA-Seq,cDNA,TRANSCRIPTOMIC,SINGLE,0,0,ILLUMINA,Illumina HiSeq 2500,SRP094638,PRJNA356411,2,356411,SRS1839742,SAMN06113356,simple,9739,Tursiops truncatus,GSM2417906,,,,,,,no,,,,,GEO,SRA500995,,public,76EC6568AB55B166450C9FD098DC516B,6C954DFC2EA17AF0C2ADFF252810FEF1
SRR5080619,2016-12-08 21:20:37,2016-12-06 12:10:50,28796519,3599564875,0,125,1550,,https://sra-downloadb.be-md.ncbi.nlm.nih.gov/sos5/sra-pub-zq-14/SRR005/080/SRR5080619.sralite.1,SRX2398825,,RNA-Seq,cDNA,TRANSCRIPTOMIC,SINGLE,0,0,ILLUMINA,Illumina HiSeq 2500,SRP094638,PRJNA356411,2,356411,SRS1839744,SAMN06113355,simple,9739,Tursiops truncatus,GSM2417907,,,,,,,no,,,,,GEO,SRA500995,,public,42019F4C9C5FE44CDD8FADEBF5860344,4E5CD5911D033DFA821DBBAAE9E626C1
SRR5080620,2016-12-08 21:20:37,2016-12-06 12:10:42,29509077,3688634625,0,125,1578,,https://sra-downloadb.be-md.ncbi.nlm.nih.gov/sos5/sra-pub-zq-14/SRR005/080/SRR5080620.sralite.1,SRX2398826,,RNA-Seq,cDNA,TRANSCRIPTOMIC,SINGLE,0,0,ILLUMINA,Illumina HiSeq 2500,SRP094638,PRJNA356411,2,356411,SRS1839746,SAMN06113354,simple,9739,Tursiops truncatus,GSM2417908,,,,,,,no,,,,,GEO,SRA500995,,public,4B745317D28E1946428C53A6A3A9961C,D8220285BBD3F155CACC260A0A4333E6
SRR5080621,2016-12-08 21:20:37,2016-12-06 12:10:55,28915781,3614472625,0,125,1562,,https://sra-downloadb.be-md.ncbi.nlm.nih.gov/sos5/sra-pub-zq-14/SRR005/080/SRR5080621.sralite.1,SRX2398827,,RNA-Seq,cDNA,TRANSCRIPTOMIC,SINGLE,0,0,ILLUMINA,Illumina HiSeq 2500,SRP094638,PRJNA356411,2,356411,SRS1839748,SAMN06113353,simple,9739,Tursiops truncatus,GSM2417909,,,,,,,no,,,,,GEO,SRA500995,,public,2CC0D725161A3FE250B02E72F22B32BD,82FCA48CA60CFF026FB88F3B3FC9BD1E
SRR5080622,2016-12-08 21:20:37,2016-12-06 12:12:15,33342833,4167854125,0,125,1789,,https://sra-downloadb.be-md.ncbi.nlm.nih.gov/sos5/sra-pub-zq-14/SRR005/080/SRR5080622.sralite.1,SRX2398828,,RNA-Seq,cDNA,TRANSCRIPTOMIC,SINGLE,0,0,ILLUMINA,Illumina HiSeq 2500,SRP094638,PRJNA356411,2,356411,SRS1839747,SAMN06113352,simple,9739,Tursiops truncatus,GSM2417910,,,,,,,no,,,,,GEO,SRA500995,,public,6DFD68E2CEDCB507EA2F03738202F768,BBE003AAB77530632F590926B4B959E5
SRR5080623,2016-12-08 21:20:37,2016-12-06 12:08:29,22295038,2786879750,0,125,1199,,https://sra-downloadb.be-md.ncbi.nlm.nih.gov/sos5/sra-pub-zq-14/SRR005/080/SRR5080623.sralite.1,SRX2398829,,RNA-Seq,cDNA,TRANSCRIPTOMIC,SINGLE,0,0,ILLUMINA,Illumina HiSeq 2500,SRP094638,PRJNA356411,2,356411,SRS1839749,SAMN06113351,simple,9739,Tursiops truncatus,GSM2417911,,,,,,,no,,,,,GEO,SRA500995,,public,3AEAB7212540718F146EE22EFC66401D,475EBE44A5FEA3708D8642CF1B8D7C76
SRR5080624,2016-12-08 21:20:37,2016-12-06 12:06:45,16657943,2082242875,0,125,867,,https://sra-downloadb.be-md.ncbi.nlm.nih.gov/sos5/sra-pub-zq-14/SRR005/080/SRR5080624.sralite.1,SRX2398830,,RNA-Seq,cDNA,TRANSCRIPTOMIC,SINGLE,0,0,ILLUMINA,Illumina HiSeq 2500,SRP094638,PRJNA356411,2,356411,SRS1839750,SAMN06113350,simple,9739,Tursiops truncatus,GSM2417912,,,,,,,no,,,,,GEO,SRA500995,,public,04F48AB6906C86BC7D08789C2A626289,77C56F17F783FFB553DB019D3F105CEA
SRR5080625,2016-12-08 21:20:37,2016-12-06 12:10:33,29186417,3648302125,0,125,1579,,https://sra-downloadb.be-md.ncbi.nlm.nih.gov/sos5/sra-pub-zq-14/SRR005/080/SRR5080625.sralite.1,SRX2398831,,RNA-Seq,cDNA,TRANSCRIPTOMIC,SINGLE,0,0,ILLUMINA,Illumina HiSeq 2500,SRP094638,PRJNA356411,2,356411,SRS1839751,SAMN06113349,simple,9739,Tursiops truncatus,GSM2417913,,,,,,,no,,,,,GEO,SRA500995,,public,4D8521219F6F85B2626952ECC5FD1FA4,16D07E782C0A73FE737B8919F358F49F
SRR5080626,2016-12-08 21:20:37,2016-12-06 12:11:09,26348872,3293609000,0,125,1417,,https://sra-downloadb.be-md.ncbi.nlm.nih.gov/sos5/sra-pub-zq-14/SRR005/080/SRR5080626.sralite.1,SRX2398832,,RNA-Seq,cDNA,TRANSCRIPTOMIC,SINGLE,0,0,ILLUMINA,Illumina HiSeq 2500,SRP094638,PRJNA356411,2,356411,SRS1839752,SAMN06113348,simple,9739,Tursiops truncatus,GSM2417914,,,,,,,no,,,,,GEO,SRA500995,,public,C470CE163D4C7FDBFC42FBDE946BDFF9,6D8FB2F7D1326A1A11582D817999395E
SRR5080627,2016-12-08 21:20:37,2016-12-06 12:13:12,23237485,2904685625,0,125,1257,,https://sra-downloadb.be-md.ncbi.nlm.nih.gov/sos5/sra-pub-zq-14/SRR005/080/SRR5080627.sralite.1,SRX2398833,,RNA-Seq,cDNA,TRANSCRIPTOMIC,SINGLE,0,0,ILLUMINA,Illumina HiSeq 2500,SRP094638,PRJNA356411,2,356411,SRS1839753,SAMN06113347,simple,9739,Tursiops truncatus,GSM2417915,,,,,,,no,,,,,GEO,SRA500995,,public,ECE818E694F5B4F7B0496AEA8D679398,363262AC5FDC59C14841AB583DE6383B
SRR5080628,2016-12-08 21:20:37,2016-12-06 12:09:39,28213724,3526715500,0,125,1448,,https://sra-downloadb.be-md.ncbi.nlm.nih.gov/sos5/sra-pub-zq-14/SRR005/080/SRR5080628.sralite.1,SRX2398834,,RNA-Seq,cDNA,TRANSCRIPTOMIC,SINGLE,0,0,ILLUMINA,Illumina HiSeq 2500,SRP094638,PRJNA356411,2,356411,SRS1839756,SAMN06113346,simple,9739,Tursiops truncatus,GSM2417916,,,,,,,no,,,,,GEO,SRA500995,,public,E9DD6CE5E12B63D2A82FCF3CDEB397ED,6BD4D102A244996C0DCEBE583177E47D
SRR5080629,2016-12-08 21:20:37,2016-12-06 12:09:08,23517796,2939724500,0,125,1264,,https://sra-downloadb.be-md.ncbi.nlm.nih.gov/sos5/sra-pub-zq-14/SRR005/080/SRR5080629.sralite.1,SRX2398835,,RNA-Seq,cDNA,TRANSCRIPTOMIC,SINGLE,0,0,ILLUMINA,Illumina HiSeq 2500,SRP094638,PRJNA356411,2,356411,SRS1839754,SAMN06113345,simple,9739,Tursiops truncatus,GSM2417917,,,,,,,no,,,,,GEO,SRA500995,,public,7CB1D17422E00A67AD06183BE6F41754,107883C57A6D2F6782F43054EBE385B3
SRR5080630,2016-12-08 21:20:37,2016-12-06 12:11:03,30257894,3782236750,0,125,1552,,https://sra-downloadb.be-md.ncbi.nlm.nih.gov/sos5/sra-pub-zq-14/SRR005/080/SRR5080630.sralite.1,SRX2398836,,RNA-Seq,cDNA,TRANSCRIPTOMIC,SINGLE,0,0,ILLUMINA,Illumina HiSeq 2500,SRP094638,PRJNA356411,2,356411,SRS1839755,SAMN06113344,simple,9739,Tursiops truncatus,GSM2417918,,,,,,,no,,,,,GEO,SRA500995,,public,5D5BAC7464F83A7FF70730AC5E40499E,2589604BDAB2044715E715E6641C4DBF
SRR5515164,2017-05-10 16:50:14,2017-05-08 08:17:55,49976067,6247008375,0,125,2844,,https://sra-downloadb.be-md.ncbi.nlm.nih.gov/sos5/sra-pub-zq-14/SRR005/515/SRR5515164.sralite.1,SRX2788543,,RNA-Seq,cDNA,TRANSCRIPTOMIC,SINGLE,0,0,ILLUMINA,Illumina HiSeq 2500,SRP106610,PRJNA385773,2,385773,SRS2170099,SAMN06909588,simple,9739,Tursiops truncatus,GSM2602137,,,,,,,no,,,,,GEO,SRA560460,,public,918A0CCBF03B904B86895844C4CCF174,A17FD0175F2639586D120ACE1EAFCA7A
SRR5515165,2017-05-10 16:50:14,2017-05-08 08:20:18,54542256,6817782000,0,125,3115,,https://sra-downloadb.be-md.ncbi.nlm.nih.gov/sos5/sra-pub-zq-14/SRR005/515/SRR5515165.sralite.1,SRX2788544,,RNA-Seq,cDNA,TRANSCRIPTOMIC,SINGLE,0,0,ILLUMINA,Illumina HiSeq 2500,SRP106610,PRJNA385773,2,385773,SRS2170111,SAMN06909592,simple,9739,Tursiops truncatus,GSM2602138,,,,,,,no,,,,,GEO,SRA560460,,public,19D5EA7660111E8B7B2B3F8CDD26B94A,5CC429410DCA6F0963FA94E721D2955F
SRR5515166,2017-05-10 16:50:14,2017-05-08 08:19:35,52712137,6589017125,0,125,3021,,https://sra-downloadb.be-md.ncbi.nlm.nih.gov/sos5/sra-pub-zq-14/SRR005/515/SRR5515166.sralite.1,SRX2788545,,RNA-Seq,cDNA,TRANSCRIPTOMIC,SINGLE,0,0,ILLUMINA,Illumina HiSeq 2500,SRP106610,PRJNA385773,2,385773,SRS2170107,SAMN06909591,simple,9739,Tursiops truncatus,GSM2602139,,,,,,,no,,,,,GEO,SRA560460,,public,FE6C3415EE925EE4496981C2821D0A40,B4D4736495280514D0332CFF0442C608
SRR5515167,2017-05-10 16:50:14,2017-05-08 08:17:52,47553836,5944229500,0,125,2712,,https://sra-downloadb.be-md.ncbi.nlm.nih.gov/sos5/sra-pub-zq-14/SRR005/515/SRR5515167.sralite.1,SRX2788546,,RNA-Seq,cDNA,TRANSCRIPTOMIC,SINGLE,0,0,ILLUMINA,Illumina HiSeq 2500,SRP106610,PRJNA385773,2,385773,SRS2170093,SAMN06909590,simple,9739,Tursiops truncatus,GSM2602140,,,,,,,no,,,,,GEO,SRA560460,,public,44995F15E704777BD0666BF51DEA3D23,FACD5183EC71FE77D24F16783F778BDB
SRR5515168,2017-05-10 16:50:14,2017-05-08 08:20:32,56648576,7081072000,0,125,3254,,https://sra-downloadb.be-md.ncbi.nlm.nih.gov/sos5/sra-pub-zq-14/SRR005/515/SRR5515168.sralite.1,SRX2788547,,RNA-Seq,cDNA,TRANSCRIPTOMIC,SINGLE,0,0,ILLUMINA,Illumina HiSeq 2500,SRP106610,PRJNA385773,2,385773,SRS2170110,SAMN06909589,simple,9739,Tursiops truncatus,GSM2602141,,,,,,,no,,,,,GEO,SRA560460,,public,2E937EE768BB8BA7A61AE0BDC8E655CD,C87C9809EAD6B305AFEF14859F79F7D9
SRR5519395,2017-05-09 10:53:23,2017-05-09 10:49:45,29290523,3661315375,0,125,1539,,https://sra-downloadb.be-md.ncbi.nlm.nih.gov/sos5/sra-pub-zq-14/SRR005/519/SRR5519395.sralite.1,SRX2792716,SAB_TYP150722-01_AA,RNA-Seq,cDNA,TRANSCRIPTOMIC,SINGLE,0,0,ILLUMINA,Illumina HiSeq 2500,SRP106690,PRJNA385781,,385781,SRS2174074,SAMN06909707,simple,9739,Tursiops truncatus,SAB_TYP150722-01_AA,,,,,male,,no,,,,,NOAA,SRA560663,,public,868E27A5E8A46C1395C20B5834A82032,6DDC57A16A16FD3F31413C71B22FE0AB
SRR5519396,2017-05-09 10:53:23,2017-05-09 10:50:04,29895657,3766852782,0,126,1517,,https://sra-downloadb.be-md.ncbi.nlm.nih.gov/sos5/sra-pub-zq-14/SRR005/519/SRR5519396.sralite.1,SRX2792717,SAB_TYP150722-02_AB,RNA-Seq,cDNA,TRANSCRIPTOMIC,SINGLE,0,0,ILLUMINA,Illumina HiSeq 2500,SRP106690,PRJNA385781,,385781,SRS2174075,SAMN06909708,simple,9739,Tursiops truncatus,SAB_TYP150722-02_AB,,,,,male,,no,,,,,NOAA,SRA560663,,public,CE273499DD237277022B815AEB94A1B4,0478C5CE9895BD51C8DD44E016549AE5
SRR5519397,2017-05-09 10:53:23,2017-05-09 10:49:23,24977517,3147167142,0,126,1242,,https://sra-downloadb.be-md.ncbi.nlm.nih.gov/sos5/sra-pub-zq-14/SRR005/519/SRR5519397.sralite.1,SRX2792718,SAB_TYP151019-03_BK,RNA-Seq,cDNA,TRANSCRIPTOMIC,SINGLE,0,0,ILLUMINA,Illumina HiSeq 2500,SRP106690,PRJNA385781,,385781,SRS2174078,SAMN06909717,simple,9739,Tursiops truncatus,SAB_TYP151019-03_BK,,,,,male,,no,,,,,NOAA,SRA560663,,public,746ABF6EF8DF94FA70AE60D4B4145D59,7088BDCD2F9685D01AFD446B461B9B7F
SRR5519398,2017-05-09 10:51:15,2017-05-09 10:49:14,23013842,2899744092,0,126,1128,,https://sra-downloadb.be-md.ncbi.nlm.nih.gov/sos5/sra-pub-zq-14/SRR005/519/SRR5519398.sralite.1,SRX2792719,SAB_TYP151020-01_BL,RNA-Seq,cDNA,TRANSCRIPTOMIC,SINGLE,0,0,ILLUMINA,Illumina HiSeq 2500,SRP106690,PRJNA385781,,385781,SRS2174076,SAMN06909718,simple,9739,Tursiops truncatus,SAB_TYP151020-01_BL,,,,,male,,no,,,,,NOAA,SRA560663,,public,912E51D3746B7DD0E12D12888CF4DBA3,534A3DA0727EE5E73E7C3FC86CFF85D3
SRR5519399,2017-05-09 10:53:23,2017-05-09 10:49:09,26936172,3393957672,0,126,1313,,https://sra-downloadb.be-md.ncbi.nlm.nih.gov/sos5/sra-pub-zq-14/SRR005/519/SRR5519399.sralite.1,SRX2792720,SAB_TYP151022-01_BT,RNA-Seq,cDNA,TRANSCRIPTOMIC,SINGLE,0,0,ILLUMINA,Illumina HiSeq 2500,SRP106690,PRJNA385781,,385781,SRS2174077,SAMN06909719,simple,9739,Tursiops truncatus,SAB_TYP151022-01_BT,,,,,male,,no,,,,,NOAA,SRA560663,,public,CB8BCEAD5584A334968F3FB28378F5DE,D0406727D6CEA5BA8314AB19B80CA7B6
SRR5519400,2017-05-09 10:53:23,2017-05-09 10:49:57,24566699,3095404074,0,126,1203,,https://sra-downloadb.be-md.ncbi.nlm.nih.gov/sos5/sra-pub-zq-14/SRR005/519/SRR5519400.sralite.1,SRX2792721,SAB_TYP151023-02_BW,RNA-Seq,cDNA,TRANSCRIPTOMIC,SINGLE,0,0,ILLUMINA,Illumina HiSeq 2500,SRP106690,PRJNA385781,,385781,SRS2174079,SAMN06909720,simple,9739,Tursiops truncatus,SAB_TYP151023-02_BW,,,,,male,,no,,,,,NOAA,SRA560663,,public,45303C9B406C66C521CD0048E7803666,002D74E865E043BA1FB0D17EC19D459D
SRR5519401,2017-05-09 11:20:15,2017-05-09 11:13:25,36917557,4651612182,0,126,1895,,https://sra-downloadb.be-md.ncbi.nlm.nih.gov/sos5/sra-pub-zq-14/SRR005/519/SRR5519401.sralite.1,SRX2792722,SAB_TYP150722-05_AE,RNA-Seq,cDNA,TRANSCRIPTOMIC,SINGLE,0,0,ILLUMINA,Illumina HiSeq 2500,SRP106690,PRJNA385781,,385781,SRS2174080,SAMN06909709,simple,9739,Tursiops truncatus,SAB_TYP150722-05_AE,,,,,male,,no,,,,,NOAA,SRA560663,,public,4E061273095E383DA3E64B346FF2473A,FDA976C59A1668FC474A82429F61FD4B
SRR5519402,2017-05-09 10:53:24,2017-05-09 10:49:39,29749604,3748450104,0,126,1530,,https://sra-downloadb.be-md.ncbi.nlm.nih.gov/sos5/sra-pub-zq-14/SRR005/519/SRR5519402.sralite.1,SRX2792723,SAB_TYP150725-02_AN,RNA-Seq,cDNA,TRANSCRIPTOMIC,SINGLE,0,0,ILLUMINA,Illumina HiSeq 2500,SRP106690,PRJNA385781,,385781,SRS2174081,SAMN06909710,simple,9739,Tursiops truncatus,SAB_TYP150725-02_AN,,,,,male,,no,,,,,NOAA,SRA560663,,public,14649C0A9CE5450888F38D70030BDA78,D68C981400CFEB5C4AF4C1094256AD90
SRR5519403,2017-05-09 10:53:24,2017-05-09 10:50:36,27877112,3512516112,0,126,1431,,https://sra-downloadb.be-md.ncbi.nlm.nih.gov/sos5/sra-pub-zq-14/SRR005/519/SRR5519403.sralite.1,SRX2792724,SAB_TYP150727-03_AT,RNA-Seq,cDNA,TRANSCRIPTOMIC,SINGLE,0,0,ILLUMINA,Illumina HiSeq 2500,SRP106690,PRJNA385781,,385781,SRS2174082,SAMN06909711,simple,9739,Tursiops truncatus,SAB_TYP150727-03_AT,,,,,male,,no,,,,,NOAA,SRA560663,,public,3B9E73EEFBE35CC842A33A8EE1BC4624,81926C65A53E211BAA03BFBE98A4FEE1
SRR5519404,2017-05-09 10:55:17,2017-05-09 10:49:22,27444941,3458062566,0,126,1405,,https://sra-downloadb.be-md.ncbi.nlm.nih.gov/sos5/sra-pub-zq-14/SRR005/519/SRR5519404.sralite.1,SRX2792725,SAB_TYP150727-05_AV,RNA-Seq,cDNA,TRANSCRIPTOMIC,SINGLE,0,0,ILLUMINA,Illumina HiSeq 2500,SRP106690,PRJNA385781,,385781,SRS2174083,SAMN06909712,simple,9739,Tursiops truncatus,SAB_TYP150727-05_AV,,,,,male,,no,,,,,NOAA,SRA560663,,public,1A92BB903D2CCF5217B9414C5BB952E1,A6271207F42A53E62CE1A5C3A48405D2
SRR5519405,2017-05-09 10:53:24,2017-05-09 10:49:18,22996783,2897594658,0,126,1172,,https://sra-downloadb.be-md.ncbi.nlm.nih.gov/sos5/sra-pub-zq-14/SRR005/519/SRR5519405.sralite.1,SRX2792726,SAB_TYP150728-01_AW,RNA-Seq,cDNA,TRANSCRIPTOMIC,SINGLE,0,0,ILLUMINA,Illumina HiSeq 2500,SRP106690,PRJNA385781,,385781,SRS2174085,SAMN06909713,simple,9739,Tursiops truncatus,SAB_TYP150728-01_AW,,,,,male,,no,,,,,NOAA,SRA560663,,public,18E3B0CE89D853C69F51425358C135E9,EE257AF06C24DB94D00836932798F529
SRR5519406,2017-05-09 10:55:17,2017-05-09 10:51:59,29741002,3747366252,0,126,1519,,https://sra-downloadb.be-md.ncbi.nlm.nih.gov/sos5/sra-pub-zq-14/SRR005/519/SRR5519406.sralite.1,SRX2792727,SAB_TYP150729-05_BE,RNA-Seq,cDNA,TRANSCRIPTOMIC,SINGLE,0,0,ILLUMINA,Illumina HiSeq 2500,SRP106690,PRJNA385781,,385781,SRS2174086,SAMN06909714,simple,9739,Tursiops truncatus,SAB_TYP150729-05_BE,,,,,male,,no,,,,,NOAA,SRA560663,,public,ED04327167258C52CE32E49B3B6F8994,9753EE910D2A58E45E88387FF1CBF2A4
SRR5519407,2017-05-09 10:55:17,2017-05-09 10:51:15,26649238,3357803988,0,126,1356,,https://sra-downloadb.be-md.ncbi.nlm.nih.gov/sos5/sra-pub-zq-14/SRR005/519/SRR5519407.sralite.1,SRX2792728,SAB_TYP150729-06_BF,RNA-Seq,cDNA,TRANSCRIPTOMIC,SINGLE,0,0,ILLUMINA,Illumina HiSeq 2500,SRP106690,PRJNA385781,,385781,SRS2174084,SAMN06909715,simple,9739,Tursiops truncatus,SAB_TYP150729-06_BF,,,,,male,,no,,,,,NOAA,SRA560663,,public,7BC5D6362F7587FD14BA9572D52A3560,C759EECB53F7023AC5A659C5B1A66F51
SRR5520201,2017-05-09 16:08:14,2017-05-09 15:54:48,50260596,6282574500,0,125,2947,,https://sra-downloadb.be-md.ncbi.nlm.nih.gov/sos5/sra-pub-zq-14/SRR005/520/SRR5520201.sralite.1,SRX2793537,GA091415-AA-Z28-blood,RNA-Seq,cDNA,TRANSCRIPTOMIC,SINGLE,0,0,ILLUMINA,Illumina HiSeq 2500,SRP106690,PRJNA385781,,385781,SRS2174760,SAMN06920723,simple,9739,Tursiops truncatus,GA091415-AA-Z28-blood,,,,,male,,no,,,,,NOAA,SRA560800,,public,533752C4F0DCF3AE9D395255EE7702C5,446ECF40BF744A11A6F855350E90BF64
SRR5520198,2017-05-09 15:48:13,2017-05-09 15:41:30,24334733,3066176358,0,126,1192,,https://sra-downloadb.be-md.ncbi.nlm.nih.gov/sos5/sra-pub-zq-14/SRR005/520/SRR5520198.sralite.1,SRX2793534,GA091415-AA_Z28_skin,RNA-Seq,cDNA,TRANSCRIPTOMIC,SINGLE,0,0,ILLUMINA,Illumina HiSeq 2500,SRP106690,PRJNA385781,,385781,SRS2174757,SAMN06920712,simple,9739,Tursiops truncatus,GA091415-AA_Z28_skin,,,,,male,,no,,,,,NOAA,SRA560800,,public,F8F2D62CAD1A1D7B1F31A296BB8FBAA4,AFDB025AE699D9EDBE8EB2A854069599
SRR5520199,2017-05-09 15:48:13,2017-05-09 15:41:30,23221628,2925925128,0,126,1140,,https://sra-downloadb.be-md.ncbi.nlm.nih.gov/sos5/sra-pub-zq-14/SRR005/520/SRR5520199.sralite.1,SRX2793535,GA091615-AD_Z30_skin,RNA-Seq,cDNA,TRANSCRIPTOMIC,SINGLE,0,0,ILLUMINA,Illumina HiSeq 2500,SRP106690,PRJNA385781,,385781,SRS2174758,SAMN06920713,simple,9739,Tursiops truncatus,GA091615-AD_Z30_skin,,,,,male,,no,,,,,NOAA,SRA560800,,public,13061FDBD35072AD8C92BD76F6E1A469,C4E91A8D7838276645C056018C3EECDB
SRR5520200,2017-05-09 15:50:14,2017-05-09 15:43:01,28093305,3539756430,0,126,1408,,https://sra-downloadb.be-md.ncbi.nlm.nih.gov/sos5/sra-pub-zq-14/SRR005/520/SRR5520200.sralite.1,SRX2793536,GA092515-AR_Z54_skin,RNA-Seq,cDNA,TRANSCRIPTOMIC,SINGLE,0,0,ILLUMINA,Illumina HiSeq 2500,SRP106690,PRJNA385781,,385781,SRS2174759,SAMN06920722,simple,9739,Tursiops truncatus,GA092515-AR_Z54_skin,,,,,male,,no,,,,,NOAA,SRA560800,,public,54EEF69817CB78107DA411706473982D,C552CE64622AD44E61F3058EEE175B5A
SRR5519408,2017-05-09 10:53:24,2017-05-09 10:50:40,30313933,3819555558,0,126,1488,,https://sra-downloadb.be-md.ncbi.nlm.nih.gov/sos5/sra-pub-zq-14/SRR005/519/SRR5519408.sralite.1,SRX2792729,SAB_TYP150729-08_BH,RNA-Seq,cDNA,TRANSCRIPTOMIC,SINGLE,0,0,ILLUMINA,Illumina HiSeq 2500,SRP106690,PRJNA385781,,385781,SRS2174087,SAMN06909716,simple,9739,Tursiops truncatus,SAB_TYP150729-08_BH,,,,,male,,no,,,,,NOAA,SRA560663,,public,C9A006A5112006777F6DF0B6FAA05C48,06E75D34279257522B4B992DE7560718
SRR5520202,2017-05-09 16:04:21,2017-05-09 15:49:17,55784515,6973064375,0,125,3263,,https://sra-downloadb.be-md.ncbi.nlm.nih.gov/sos5/sra-pub-zq-14/SRR005/520/SRR5520202.sralite.1,SRX2793538,GA091615-AD-Z30-blood,RNA-Seq,cDNA,TRANSCRIPTOMIC,SINGLE,0,0,ILLUMINA,Illumina HiSeq 2500,SRP106690,PRJNA385781,,385781,SRS2174761,SAMN06920724,simple,9739,Tursiops truncatus,GA091615-AD-Z30-blood,,,,,male,,no,,,,,NOAA,SRA560800,,public,6863ED634585A651558187A0708FA4DE,59345A1E47E634B83DA0CF5C1DE931BC
SRR5520203,2017-05-09 16:02:12,2017-05-09 15:46:57,57384033,7173004125,0,125,3365,,https://sra-downloadb.be-md.ncbi.nlm.nih.gov/sos5/sra-pub-zq-14/SRR005/520/SRR5520203.sralite.1,SRX2793539,GA091715-AE-Z32-blood,RNA-Seq,cDNA,TRANSCRIPTOMIC,SINGLE,0,0,ILLUMINA,Illumina HiSeq 2500,SRP106690,PRJNA385781,,385781,SRS2174762,SAMN06920725,simple,9739,Tursiops truncatus,GA091715-AE-Z32-blood,,,,,male,,no,,,,,NOAA,SRA560800,,public,181FAE2F0BACAF010C36ECB8C95D859A,F3092EDFD34F409F2F482CE20807D544
SRR5520204,2017-05-09 16:02:12,2017-05-09 15:46:37,53915249,6739406125,0,125,3154,,https://sra-downloadb.be-md.ncbi.nlm.nih.gov/sos5/sra-pub-zq-14/SRR005/520/SRR5520204.sralite.1,SRX2793540,GA091715-AF-Z34-blood,RNA-Seq,cDNA,TRANSCRIPTOMIC,SINGLE,0,0,ILLUMINA,Illumina HiSeq 2500,SRP106690,PRJNA385781,,385781,SRS2174763,SAMN06920726,simple,9739,Tursiops truncatus,GA091715-AF-Z34-blood,,,,,male,,no,,,,,NOAA,SRA560800,,public,12617315E80E5359FEDC64A357DFF0FC,848C8198955B41867473ADD1ACBF4F4C
SRR5520205,2017-05-09 16:07:14,2017-05-09 15:51:15,59886972,7485871500,0,125,3491,,https://sra-downloadb.be-md.ncbi.nlm.nih.gov/sos5/sra-pub-zq-14/SRR005/520/SRR5520205.sralite.1,SRX2793541,GA091915-AG-Z36-blood,RNA-Seq,cDNA,TRANSCRIPTOMIC,SINGLE,0,0,ILLUMINA,Illumina HiSeq 2500,SRP106690,PRJNA385781,,385781,SRS2174764,SAMN06920727,simple,9739,Tursiops truncatus,GA091915-AG-Z36-blood,,,,,male,,no,,,,,NOAA,SRA560800,,public,466C0638A8770E7FD96936AA9F9ADA59,757C1804A67D7A4688D5DC0273BEE211
SRR5520206,2017-05-09 16:10:13,2017-05-09 15:49:31,57370913,7171364125,0,125,3397,,https://sra-downloadb.be-md.ncbi.nlm.nih.gov/sos5/sra-pub-zq-14/SRR005/520/SRR5520206.sralite.1,SRX2793542,GA091915-AH-Z38-blood,RNA-Seq,cDNA,TRANSCRIPTOMIC,SINGLE,0,0,ILLUMINA,Illumina HiSeq 2500,SRP106690,PRJNA385781,,385781,SRS2174765,SAMN06920728,simple,9739,Tursiops truncatus,GA091915-AH-Z38-blood,,,,,male,,no,,,,,NOAA,SRA560800,,public,BD9F7D33AB81A70C8261B34192C522E2,674CB52A6006F581C8A6F47D6B5D3AD0
SRR5520210,2017-05-09 15:49:13,2017-05-09 15:42:17,26697717,3363912342,0,126,1303,,https://sra-downloadb.be-md.ncbi.nlm.nih.gov/sos5/sra-pub-zq-14/SRR005/520/SRR5520210.sralite.1,SRX2793546,GA091915-AG_Z36_skin,RNA-Seq,cDNA,TRANSCRIPTOMIC,SINGLE,0,0,ILLUMINA,Illumina HiSeq 2500,SRP106690,PRJNA385781,,385781,SRS2174769,SAMN06920714,simple,9739,Tursiops truncatus,GA091915-AG_Z36_skin,,,,,male,,no,,,,,NOAA,SRA560800,,public,1C704E0FE558832B43591948DCF1AEE4,95B28760674C150B221518990F375AB9
SRR5520207,2017-05-09 16:06:13,2017-05-09 15:49:55,52275196,6534399500,0,125,3074,,https://sra-downloadb.be-md.ncbi.nlm.nih.gov/sos5/sra-pub-zq-14/SRR005/520/SRR5520207.sralite.1,SRX2793543,GA092115-AL-Z44-blood,RNA-Seq,cDNA,TRANSCRIPTOMIC,SINGLE,0,0,ILLUMINA,Illumina HiSeq 2500,SRP106690,PRJNA385781,,385781,SRS2174766,SAMN06920729,simple,9739,Tursiops truncatus,GA092115-AL-Z44-blood,,,,,male,,no,,,,,NOAA,SRA560800,,public,C837FD876FB831FC8B590846D4D4D21F,F17104BD11BA78CBDAC38AE7710BD36A
SRR5520208,2017-05-09 16:10:13,2017-05-09 15:55:36,54462335,6807791875,0,125,3194,,https://sra-downloadb.be-md.ncbi.nlm.nih.gov/sos5/sra-pub-zq-14/SRR005/520/SRR5520208.sralite.1,SRX2793544,GA092115-AM-Z46-blood,RNA-Seq,cDNA,TRANSCRIPTOMIC,SINGLE,0,0,ILLUMINA,Illumina HiSeq 2500,SRP106690,PRJNA385781,,385781,SRS2174767,SAMN06920730,simple,9739,Tursiops truncatus,GA092115-AM-Z46-blood,,,,,male,,no,,,,,NOAA,SRA560800,,public,D7850427BEAE81D485FE15ED8037B107,175601A8905ACF5F0C14A769D42CA214
SRR5520209,2017-05-09 16:08:14,2017-05-09 15:49:29,54995959,6874494875,0,125,3231,,https://sra-downloadb.be-md.ncbi.nlm.nih.gov/sos5/sra-pub-zq-14/SRR005/520/SRR5520209.sralite.1,SRX2793545,GA092215-AO-Z50-blood,RNA-Seq,cDNA,TRANSCRIPTOMIC,SINGLE,0,0,ILLUMINA,Illumina HiSeq 2500,SRP106690,PRJNA385781,,385781,SRS2174768,SAMN06920731,simple,9739,Tursiops truncatus,GA092215-AO-Z50-blood,,,,,male,,no,,,,,NOAA,SRA560800,,public,,
SRR5520211,2017-05-09 16:11:13,2017-05-09 16:02:41,50333073,6291634125,0,125,2938,,https://sra-downloadb.be-md.ncbi.nlm.nih.gov/sos5/sra-pub-zq-14/SRR005/520/SRR5520211.sralite.1,SRX2793547,GA092515-AR-Z54-blood,RNA-Seq,cDNA,TRANSCRIPTOMIC,SINGLE,0,0,ILLUMINA,Illumina HiSeq 2500,SRP106690,PRJNA385781,,385781,SRS2174770,SAMN06920732,simple,9739,Tursiops truncatus,GA092515-AR-Z54-blood,,,,,male,,no,,,,,NOAA,SRA560800,,public,6B03D9324025413B914A183D5FC77609,6D5B91A3E6F36716A82F1FFDD8C2B2CF
SRR5520212,2017-05-09 15:50:14,2017-05-09 15:43:16,27094192,3413868192,0,126,1360,,https://sra-downloadb.be-md.ncbi.nlm.nih.gov/sos5/sra-pub-zq-14/SRR005/520/SRR5520212.sralite.1,SRX2793548,GA091915-AH_Z38_skin,RNA-Seq,cDNA,TRANSCRIPTOMIC,SINGLE,0,0,ILLUMINA,Illumina HiSeq 2500,SRP106690,PRJNA385781,,385781,SRS2174771,SAMN06920715,simple,9739,Tursiops truncatus,GA091915-AH_Z38_skin,,,,,male,,no,,,,,NOAA,SRA560800,,public,6AE7CF7AB6E92415C8D1601286DEEAD5,92756F683343E7E7CB7F82CCD867D739
SRR5520213,2017-05-09 15:51:14,2017-05-09 15:43:45,28814709,3630653334,0,126,1461,,https://sra-downloadb.be-md.ncbi.nlm.nih.gov/sos5/sra-pub-zq-14/SRR005/520/SRR5520213.sralite.1,SRX2793549,GA092015-AJ_Z40_skin,RNA-Seq,cDNA,TRANSCRIPTOMIC,SINGLE,0,0,ILLUMINA,Illumina HiSeq 2500,SRP106690,PRJNA385781,,385781,SRS2174772,SAMN06920716,simple,9739,Tursiops truncatus,GA092015-AJ_Z40_skin,,,,,male,,no,,,,,NOAA,SRA560800,,public,A413A361AE73E4E0BE8DFBCA8E9D8DAA,E7F185E5C43EB408C4D5E21E42AE57B9
SRR5520214,2017-05-09 16:02:12,2017-05-09 15:54:59,26288468,3312346968,0,126,1325,,https://sra-downloadb.be-md.ncbi.nlm.nih.gov/sos5/sra-pub-zq-14/SRR005/520/SRR5520214.sralite.1,SRX2793550,GA092115-AL_Z44_skin,RNA-Seq,cDNA,TRANSCRIPTOMIC,SINGLE,0,0,ILLUMINA,Illumina HiSeq 2500,SRP106690,PRJNA385781,,385781,SRS2174773,SAMN06920717,simple,9739,Tursiops truncatus,GA092115-AL_Z44_skin,,,,,male,,no,,,,,NOAA,SRA560800,,public,BFE007535B90F05200DA52BCDF7087B2,5E7981AEEE8C4D0EFECA3E263F07DAB1
SRR5520215,2017-05-09 16:02:12,2017-05-09 15:47:04,29977816,3777204816,0,126,1507,,https://sra-downloadb.be-md.ncbi.nlm.nih.gov/sos5/sra-pub-zq-14/SRR005/520/SRR5520215.sralite.1,SRX2793551,GA092115-AM_Z46_skin,RNA-Seq,cDNA,TRANSCRIPTOMIC,SINGLE,0,0,ILLUMINA,Illumina HiSeq 2500,SRP106690,PRJNA385781,,385781,SRS2174774,SAMN06920718,simple,9739,Tursiops truncatus,GA092115-AM_Z46_skin,,,,,male,,no,,,,,NOAA,SRA560800,,public,A04EA49D13262D75B4DCB82686C10041,BFDBE15B42BF52CCBE5BFB8D1A27D4A1
SRR5520216,2017-05-09 15:54:18,2017-05-09 15:43:31,29407757,3705377382,0,126,1510,,https://sra-downloadb.be-md.ncbi.nlm.nih.gov/sos5/sra-pub-zq-14/SRR005/520/SRR5520216.sralite.1,SRX2793552,GA092215-AN_Z48_skin,RNA-Seq,cDNA,TRANSCRIPTOMIC,SINGLE,0,0,ILLUMINA,Illumina HiSeq 2500,SRP106690,PRJNA385781,,385781,SRS2174775,SAMN06920719,simple,9739,Tursiops truncatus,GA092215-AN_Z48_skin,,,,,male,,no,,,,,NOAA,SRA560800,,public,B39AC4B41C9CC28927D8B62701BCFAA7,47D336833C533192D2A69147D404B085
SRR5520217,2017-05-09 15:49:14,2017-05-09 15:42:35,24898404,3137198904,0,126,1260,,https://sra-downloadb.be-md.ncbi.nlm.nih.gov/sos5/sra-pub-zq-14/SRR005/520/SRR5520217.sralite.1,SRX2793553,GA092215-AO_Z50_skin,RNA-Seq,cDNA,TRANSCRIPTOMIC,SINGLE,0,0,ILLUMINA,Illumina HiSeq 2500,SRP106690,PRJNA385781,,385781,SRS2174776,SAMN06920720,simple,9739,Tursiops truncatus,GA092215-AO_Z50_skin,,,,,male,,no,,,,,NOAA,SRA560800,,public,47B25DDBF0278F206BF5B1E78D1070F9,CF92B28D31042D56FE6555529B8114C6
SRR5520218,2017-05-09 15:50:14,2017-05-09 15:43:17,28158313,3547947438,0,126,1423,,https://sra-downloadb.be-md.ncbi.nlm.nih.gov/sos5/sra-pub-zq-14/SRR005/520/SRR5520218.sralite.1,SRX2793554,GA092415-AQ_Z52_skin,RNA-Seq,cDNA,TRANSCRIPTOMIC,SINGLE,0,0,ILLUMINA,Illumina HiSeq 2500,SRP106690,PRJNA385781,,385781,SRS2174777,SAMN06920721,simple,9739,Tursiops truncatus,GA092415-AQ_Z52_skin,,,,,male,,no,,,,,NOAA,SRA560800,,public,5A8F09EA493F34A4AA5BDFFA99A401BE,70607633D1F289E129A1ED6946D56D61
SRR5574820,2017-05-18 08:53:15,2017-05-18 08:49:06,38936852,4906043352,0,126,2183,,https://sra-downloadb.be-md.ncbi.nlm.nih.gov/sos5/sra-pub-zq-14/SRR005/574/SRR5574820.sralite.1,SRX2833144,CTL-C,RNA-Seq,cDNA,TRANSCRIPTOMIC,SINGLE,0,0,ILLUMINA,Illumina HiSeq 2500,SRP107302,PRJNA387123,,387123,SRS2207891,SAMN07139299,simple,9739,Tursiops truncatus,CTL-C,,,,,not applicable,,no,,,,,NOAA,SRA562423,,public,24313B020C29FBC5FCFE32E477254964,BCF100580660D3BED7B55CB808E6429D
SRR5574819,2017-05-18 08:51:14,2017-05-18 08:47:02,30028223,3783556098,0,126,1680,,https://sra-downloadb.be-md.ncbi.nlm.nih.gov/sos5/sra-pub-zq-14/SRR005/574/SRR5574819.sralite.1,SRX2833145,10%WAF-24A,RNA-Seq,cDNA,TRANSCRIPTOMIC,SINGLE,0,0,ILLUMINA,Illumina HiSeq 2500,SRP107302,PRJNA387123,,387123,SRS2207892,SAMN07139300,simple,9739,Tursiops truncatus,10%WAF-24A,,,,,not applicable,,no,,,,,NOAA,SRA562423,,public,79027C00F8B08637709AF0189E020045,C4804949E994DAA059602A2B7636B32B
SRR5574818,2017-05-18 08:48:13,2017-05-18 08:45:35,28390558,3577210308,0,126,1578,,https://sra-downloadb.be-md.ncbi.nlm.nih.gov/sos5/sra-pub-zq-14/SRR005/574/SRR5574818.sralite.1,SRX2833146,95%WAF-24A,RNA-Seq,cDNA,TRANSCRIPTOMIC,SINGLE,0,0,ILLUMINA,Illumina HiSeq 2500,SRP107302,PRJNA387123,,387123,SRS2207893,SAMN07139303,simple,9739,Tursiops truncatus,95%WAF-24A,,,,,not applicable,,no,,,,,NOAA,SRA562423,,public,576889E85303B193F0CFE3FC0BD03825,7DDEE2C9949239717DA41F66ACB0CA0E
SRR5574816,2017-05-18 08:52:14,2017-05-18 08:47:47,35152746,4429245996,0,126,1962,,https://sra-downloadb.be-md.ncbi.nlm.nih.gov/sos5/sra-pub-zq-14/SRR005/574/SRR5574816.sralite.1,SRX2833148,10%WAF-24C,RNA-Seq,cDNA,TRANSCRIPTOMIC,SINGLE,0,0,ILLUMINA,Illumina HiSeq 2500,SRP107302,PRJNA387123,,387123,SRS2207894,SAMN07139302,simple,9739,Tursiops truncatus,10%WAF-24C,,,,,not applicable,,no,,,,,NOAA,SRA562423,,public,BB987864C9F7052A2B7EC3325360C3C4,E4A863DFEE89FC45ACCF079351B7A26D
SRR5574817,2017-05-18 08:51:14,2017-05-18 08:47:08,29165378,3674837628,0,126,1628,,https://sra-downloadb.be-md.ncbi.nlm.nih.gov/sos5/sra-pub-zq-14/SRR005/574/SRR5574817.sralite.1,SRX2833147,10%WAF-24B,RNA-Seq,cDNA,TRANSCRIPTOMIC,SINGLE,0,0,ILLUMINA,Illumina HiSeq 2500,SRP107302,PRJNA387123,,387123,SRS2207895,SAMN07139301,simple,9739,Tursiops truncatus,10%WAF-24B,,,,,not applicable,,no,,,,,NOAA,SRA562423,,public,D7DF57B22DE727763549AE6FEF7443A8,2CC7B84F089C25C320E4D9F61479F910
SRR5574815,2017-05-18 08:51:14,2017-05-18 08:48:28,33108313,4138539125,0,125,1714,,https://sra-downloadb.be-md.ncbi.nlm.nih.gov/sos5/sra-pub-zq-14/SRR005/574/SRR5574815.sralite.1,SRX2833149,95%WAF-72C,RNA-Seq,cDNA,TRANSCRIPTOMIC,SINGLE,0,0,ILLUMINA,Illumina HiSeq 2500,SRP107302,PRJNA387123,,387123,SRS2207896,SAMN07139311,simple,9739,Tursiops truncatus,95%WAF-72C,,,,,not applicable,,no,,,,,NOAA,SRA562423,,public,8A3CB093EEC379F36FF1C628B82AD5AF,A1E82805E6A54C55F4DD9B1E22A0014A
SRR5574814,2017-05-18 08:53:15,2017-05-18 08:48:04,36040226,4541068476,0,126,2002,,https://sra-downloadb.be-md.ncbi.nlm.nih.gov/sos5/sra-pub-zq-14/SRR005/574/SRR5574814.sralite.1,SRX2833150,95%WAF-24B,RNA-Seq,cDNA,TRANSCRIPTOMIC,SINGLE,0,0,ILLUMINA,Illumina HiSeq 2500,SRP107302,PRJNA387123,,387123,SRS2207897,SAMN07139304,simple,9739,Tursiops truncatus,95%WAF-24B,,,,,not applicable,,no,,,,,NOAA,SRA562423,,public,5B1508B3FA851278A659BE0E3A7896B1,FCFCB91C75CA79702B5729E4B1962209
SRR5574813,2017-05-18 08:51:14,2017-05-18 08:46:03,29340893,3667611625,0,125,1526,,https://sra-downloadb.be-md.ncbi.nlm.nih.gov/sos5/sra-pub-zq-14/SRR005/574/SRR5574813.sralite.1,SRX2833151,95%WAF-72A,RNA-Seq,cDNA,TRANSCRIPTOMIC,SINGLE,0,0,ILLUMINA,Illumina HiSeq 2500,SRP107302,PRJNA387123,,387123,SRS2207898,SAMN07139309,simple,9739,Tursiops truncatus,95%WAF-72A,,,,,not applicable,,no,,,,,NOAA,SRA562423,,public,E218AAC977134F7FFE3CD15B03E675C2,012BD2B2B6BB2DB7927BB335AC739214
SRR5574808,2017-05-18 08:48:13,2017-05-18 08:45:31,26512182,3314022750,0,125,1371,,https://sra-downloadb.be-md.ncbi.nlm.nih.gov/sos5/sra-pub-zq-14/SRR005/574/SRR5574808.sralite.1,SRX2833156,95%WAF-24C,RNA-Seq,cDNA,TRANSCRIPTOMIC,SINGLE,0,0,ILLUMINA,Illumina HiSeq 2500,SRP107302,PRJNA387123,,387123,SRS2207903,SAMN07139305,simple,9739,Tursiops truncatus,95%WAF-24C,,,,,not applicable,,no,,,,,NOAA,SRA562423,,public,1E97F334A5C84748F582744FA8FA5443,D222055CFB5B9AD389538C20CB1A6A1E
SRR5574811,2017-05-18 08:51:14,2017-05-18 08:46:21,34442657,4305332125,0,125,1796,,https://sra-downloadb.be-md.ncbi.nlm.nih.gov/sos5/sra-pub-zq-14/SRR005/574/SRR5574811.sralite.1,SRX2833153,95%WAF-48B,RNA-Seq,cDNA,TRANSCRIPTOMIC,SINGLE,0,0,ILLUMINA,Illumina HiSeq 2500,SRP107302,PRJNA387123,,387123,SRS2207900,SAMN07139307,simple,9739,Tursiops truncatus,95%WAF-48B,,,,,not applicable,,no,,,,,NOAA,SRA562423,,public,4E22F822541ADBAE06302121F5EC61DD,FA6AACAD72E985CF50D04AD2784653DF
SRR5574810,2017-05-18 08:53:15,2017-05-18 08:49:13,37521027,4690128375,0,125,1937,,https://sra-downloadb.be-md.ncbi.nlm.nih.gov/sos5/sra-pub-zq-14/SRR005/574/SRR5574810.sralite.1,SRX2833154,95%WAF-48C,RNA-Seq,cDNA,TRANSCRIPTOMIC,SINGLE,0,0,ILLUMINA,Illumina HiSeq 2500,SRP107302,PRJNA387123,,387123,SRS2207901,SAMN07139308,simple,9739,Tursiops truncatus,95%WAF-48C,,,,,not applicable,,no,,,,,NOAA,SRA562423,,public,74E06E75C84318249D5E421D23EFF7EA,DA78FA665E3DD87D79DB49519D0925D9
SRR5574812,2017-05-18 08:51:14,2017-05-18 08:46:29,32585562,4073195250,0,125,1694,,https://sra-downloadb.be-md.ncbi.nlm.nih.gov/sos5/sra-pub-zq-14/SRR005/574/SRR5574812.sralite.1,SRX2833152,95%WAF-72B,RNA-Seq,cDNA,TRANSCRIPTOMIC,SINGLE,0,0,ILLUMINA,Illumina HiSeq 2500,SRP107302,PRJNA387123,,387123,SRS2207899,SAMN07139310,simple,9739,Tursiops truncatus,95%WAF-72B,,,,,not applicable,,no,,,,,NOAA,SRA562423,,public,2CCD625AF308B2E4F87DBD4ECA9B79F2,EB3C9C12505A65A62C18B534BEE72AB9
SRR5574809,2017-05-18 08:48:13,2017-05-18 08:45:11,27402448,3452708448,0,126,1528,,https://sra-downloadb.be-md.ncbi.nlm.nih.gov/sos5/sra-pub-zq-14/SRR005/574/SRR5574809.sralite.1,SRX2833155,CTL-A,RNA-Seq,cDNA,TRANSCRIPTOMIC,SINGLE,0,0,ILLUMINA,Illumina HiSeq 2500,SRP107302,PRJNA387123,,387123,SRS2207902,SAMN07139297,simple,9739,Tursiops truncatus,CTL-A,,,,,not applicable,,no,,,,,NOAA,SRA562423,,public,22A0FAC028DA8CAE6CDB72E4CCFE53AB,D36C28581DC17B6AA0EA636DF852E569
SRR5574807,2017-05-18 08:51:14,2017-05-18 08:47:08,31327694,3915961750,0,125,1628,,https://sra-downloadb.be-md.ncbi.nlm.nih.gov/sos5/sra-pub-zq-14/SRR005/574/SRR5574807.sralite.1,SRX2833157,95%WAF-48A,RNA-Seq,cDNA,TRANSCRIPTOMIC,SINGLE,0,0,ILLUMINA,Illumina HiSeq 2500,SRP107302,PRJNA387123,,387123,SRS2207904,SAMN07139306,simple,9739,Tursiops truncatus,95%WAF-48A,,,,,not applicable,,no,,,,,NOAA,SRA562423,,public,1C1A1C2B71BAF54803C9B8135641A214,7BE1DF86E9878AA9BF19DFEF20AE32D1
SRR5574806,2017-05-18 08:53:15,2017-05-18 08:49:16,42614959,5369484834,0,126,2374,,https://sra-downloadb.be-md.ncbi.nlm.nih.gov/sos5/sra-pub-zq-14/SRR005/574/SRR5574806.sralite.1,SRX2833158,CTL-B,RNA-Seq,cDNA,TRANSCRIPTOMIC,SINGLE,0,0,ILLUMINA,Illumina HiSeq 2500,SRP107302,PRJNA387123,,387123,SRS2207910,SAMN07139298,simple,9739,Tursiops truncatus,CTL-B,,,,,not applicable,,no,,,,,NOAA,SRA562423,,public,6E1C258A6D32DF8B7A2029A357AE8836,072760E9D978C258F0458036E92A49B1
SRR10267215,2021-05-05 17:46:13,2019-10-11 12:13:44,67788880,20472241760,67788880,302,6018,,https://sra-downloadb.be-md.ncbi.nlm.nih.gov/sos4/sra-pub-zq-1/SRR010/10267/SRR10267215/SRR10267215.lite.1,SRX6980664,,RNA-Seq,cDNA,TRANSCRIPTOMIC,PAIRED,0,0,ILLUMINA,Illumina NovaSeq 6000,SRP225204,PRJNA577100,3,577100,SRS5505623,SAMN13019182,simple,9739,Tursiops truncatus,GSM4118911,,,,,,,no,,,,,GEO,SRA977807,,public,E1DFBE454EB680189C868FF0EF4451EE,442DB95820D78CFE9079703C55743616
SRR10267216,2021-05-05 17:46:13,2019-10-11 12:13:46,79421150,23985187300,79421150,302,7220,,https://sra-downloadb.be-md.ncbi.nlm.nih.gov/sos4/sra-pub-zq-1/SRR010/10267/SRR10267216/SRR10267216.lite.1,SRX6980665,,RNA-Seq,cDNA,TRANSCRIPTOMIC,PAIRED,0,0,ILLUMINA,Illumina NovaSeq 6000,SRP225204,PRJNA577100,3,577100,SRS5505624,SAMN13019181,simple,9739,Tursiops truncatus,GSM4118912,,,,,,,no,,,,,GEO,SRA977807,,public,8E81DFAFC3B058FF5901B4B1F1EA76B1,427BB9D50934D924965FA1A85B160283
SRR10267217,2021-05-05 17:46:13,2019-10-11 12:20:38,66487253,20079150406,66487253,302,5752,,https://sra-downloadb.be-md.ncbi.nlm.nih.gov/sos4/sra-pub-zq-1/SRR010/10267/SRR10267217/SRR10267217.lite.1,SRX6980666,,RNA-Seq,cDNA,TRANSCRIPTOMIC,PAIRED,0,0,ILLUMINA,Illumina NovaSeq 6000,SRP225204,PRJNA577100,3,577100,SRS5505625,SAMN13019180,simple,9739,Tursiops truncatus,GSM4118913,,,,,,,no,,,,,GEO,SRA977807,,public,255011863EC4CF457842B49CDD707483,1E3C10257F410EE731DDB7AE0FD9BF77
SRR10267218,2021-05-05 17:46:13,2019-10-11 12:06:35,66598531,20112756362,66598531,302,5919,,https://sra-downloadb.be-md.ncbi.nlm.nih.gov/sos4/sra-pub-zq-1/SRR010/10267/SRR10267218/SRR10267218.lite.1,SRX6980667,,RNA-Seq,cDNA,TRANSCRIPTOMIC,PAIRED,0,0,ILLUMINA,Illumina NovaSeq 6000,SRP225204,PRJNA577100,3,577100,SRS5505626,SAMN13019179,simple,9739,Tursiops truncatus,GSM4118914,,,,,,,no,,,,,GEO,SRA977807,,public,E66950231BC6E06FFC3142B58F8BC8F6,6D4902B7C399838F2B19A9A012D1D8F3
SRR10267219,2021-05-05 17:46:13,2019-10-11 12:19:20,73782392,22282282384,73782392,302,6424,,https://sra-downloadb.be-md.ncbi.nlm.nih.gov/sos4/sra-pub-zq-1/SRR010/10267/SRR10267219/SRR10267219.lite.1,SRX6980668,,RNA-Seq,cDNA,TRANSCRIPTOMIC,PAIRED,0,0,ILLUMINA,Illumina NovaSeq 6000,SRP225204,PRJNA577100,3,577100,SRS5505627,SAMN13019178,simple,9739,Tursiops truncatus,GSM4118915,,,,,,,no,,,,,GEO,SRA977807,,public,D4B43F08BAD49BA73095877C83E17A79,0D210A3CAE7560481DD0344B12A78118
SRR10267220,2021-05-05 17:46:13,2019-10-11 12:13:42,68182609,20591147918,68182609,302,6141,,https://sra-downloadb.be-md.ncbi.nlm.nih.gov/sos4/sra-pub-zq-1/SRR010/10267/SRR10267220/SRR10267220.lite.1,SRX6980669,,RNA-Seq,cDNA,TRANSCRIPTOMIC,PAIRED,0,0,ILLUMINA,Illumina NovaSeq 6000,SRP225204,PRJNA577100,3,577100,SRS5505628,SAMN13019177,simple,9739,Tursiops truncatus,GSM4118916,,,,,,,no,,,,,GEO,SRA977807,,public,C6715639CEBE6E4A0429FC8E300FB7BA,4E00F9316F63F21B33DAC2AD632E990C
SRR10267221,2021-05-05 17:46:13,2019-10-11 12:16:36,73794267,22285868634,73794267,302,6485,,https://sra-downloadb.be-md.ncbi.nlm.nih.gov/sos4/sra-pub-zq-1/SRR010/10267/SRR10267221/SRR10267221.lite.1,SRX6980670,,RNA-Seq,cDNA,TRANSCRIPTOMIC,PAIRED,0,0,ILLUMINA,Illumina NovaSeq 6000,SRP225204,PRJNA577100,3,577100,SRS5505629,SAMN13019176,simple,9739,Tursiops truncatus,GSM4118917,,,,,,,no,,,,,GEO,SRA977807,,public,8D47155568F5A04A3B305A5FA6586333,DA6D3C7AA967E5BBC59FBDC409BBC09B
SRR10267222,2021-05-05 17:46:13,2019-10-11 12:18:05,82896731,25034812762,82896731,302,7293,,https://sra-downloadb.be-md.ncbi.nlm.nih.gov/sos4/sra-pub-zq-1/SRR010/10267/SRR10267222/SRR10267222.lite.1,SRX6980671,,RNA-Seq,cDNA,TRANSCRIPTOMIC,PAIRED,0,0,ILLUMINA,Illumina NovaSeq 6000,SRP225204,PRJNA577100,3,577100,SRS5505630,SAMN13019175,simple,9739,Tursiops truncatus,GSM4118918,,,,,,,no,,,,,GEO,SRA977807,,public,14C224EB7CBC0629875E55307116C098,39838EF83C9F029860BAB0E837213EBC
SRR10267223,2021-05-05 17:46:13,2019-10-11 12:46:09,108896300,32886682600,108896300,302,9527,,https://sra-downloadb.be-md.ncbi.nlm.nih.gov/sos4/sra-pub-zq-1/SRR010/10267/SRR10267223/SRR10267223.lite.1,SRX6980672,,RNA-Seq,cDNA,TRANSCRIPTOMIC,PAIRED,0,0,ILLUMINA,Illumina NovaSeq 6000,SRP225204,PRJNA577100,3,577100,SRS5505631,SAMN13019174,simple,9739,Tursiops truncatus,GSM4118919,,,,,,,no,,,,,GEO,SRA977807,,public,154DB01F9E2198BDFF7F42F9FA28162E,BF66D683CA5E6A65DC18483303D40D08
SRR10267224,2021-05-05 17:46:13,2019-10-11 12:11:20,56694839,17121841378,56694839,302,5022,,https://sra-downloadb.be-md.ncbi.nlm.nih.gov/sos4/sra-pub-zq-1/SRR010/10267/SRR10267224/SRR10267224.lite.1,SRX6980673,,RNA-Seq,cDNA,TRANSCRIPTOMIC,PAIRED,0,0,ILLUMINA,Illumina NovaSeq 6000,SRP225204,PRJNA577100,3,577100,SRS5505632,SAMN13019173,simple,9739,Tursiops truncatus,GSM4118920,,,,,,,no,,,,,GEO,SRA977807,,public,C5471908B752A0D864C26889C2EB3CC6,347A647E89A94EEF8A95278B007673DE
SRR10267225,2021-05-05 17:46:13,2019-10-11 12:11:56,64921005,19606143510,64921005,302,5792,,https://sra-downloadb.be-md.ncbi.nlm.nih.gov/sos4/sra-pub-zq-1/SRR010/10267/SRR10267225/SRR10267225.lite.1,SRX6980674,,RNA-Seq,cDNA,TRANSCRIPTOMIC,PAIRED,0,0,ILLUMINA,Illumina NovaSeq 6000,SRP225204,PRJNA577100,3,577100,SRS5505633,SAMN13019197,simple,9739,Tursiops truncatus,GSM4118921,,,,,,,no,,,,,GEO,SRA977807,,public,C62F6E42EE43C2D5F6FB30DF876C63A1,E330E75DD5E2BB53569AB33A9AFC585E
SRR10267226,2021-05-05 17:46:13,2019-10-11 12:37:08,97872687,29557551474,97872687,302,8726,,https://sra-downloadb.be-md.ncbi.nlm.nih.gov/sos4/sra-pub-zq-1/SRR010/10267/SRR10267226/SRR10267226.lite.1,SRX6980675,,RNA-Seq,cDNA,TRANSCRIPTOMIC,PAIRED,0,0,ILLUMINA,Illumina NovaSeq 6000,SRP225204,PRJNA577100,3,577100,SRS5505634,SAMN13019196,simple,9739,Tursiops truncatus,GSM4118922,,,,,,,no,,,,,GEO,SRA977807,,public,F418C6A202B8B72F8A3D383D85A870C9,F3B5C3D2FABC8607C795BE4902328F46
SRR10267227,2021-05-05 17:46:13,2019-10-11 11:59:55,68460494,20675069188,68460494,302,5987,,https://sra-downloadb.be-md.ncbi.nlm.nih.gov/sos4/sra-pub-zq-1/SRR010/10267/SRR10267227/SRR10267227.lite.1,SRX6980676,,RNA-Seq,cDNA,TRANSCRIPTOMIC,PAIRED,0,0,ILLUMINA,Illumina NovaSeq 6000,SRP225204,PRJNA577100,3,577100,SRS5505635,SAMN13019195,simple,9739,Tursiops truncatus,GSM4118923,,,,,,,no,,,,,GEO,SRA977807,,public,6031E6715007D2E8F4C32DD903EA33EC,37A97828150E51E28C58826F23179CEA
SRR10267228,2021-05-05 17:46:13,2019-10-11 12:15:19,76717069,23168554838,76717069,302,6853,,https://sra-downloadb.be-md.ncbi.nlm.nih.gov/sos4/sra-pub-zq-1/SRR010/10267/SRR10267228/SRR10267228.lite.1,SRX6980677,,RNA-Seq,cDNA,TRANSCRIPTOMIC,PAIRED,0,0,ILLUMINA,Illumina NovaSeq 6000,SRP225204,PRJNA577100,3,577100,SRS5505636,SAMN13019194,simple,9739,Tursiops truncatus,GSM4118924,,,,,,,no,,,,,GEO,SRA977807,,public,70B00AB300A07C4D8B11FD781FB27D24,78281840755BC1398D00C0C77E3ACF36
SRR10267229,2021-05-05 17:46:13,2019-10-11 12:17:34,84881748,25634287896,84881748,302,7385,,https://sra-downloadb.be-md.ncbi.nlm.nih.gov/sos4/sra-pub-zq-1/SRR010/10267/SRR10267229/SRR10267229.lite.1,SRX6980678,,RNA-Seq,cDNA,TRANSCRIPTOMIC,PAIRED,0,0,ILLUMINA,Illumina NovaSeq 6000,SRP225204,PRJNA577100,3,577100,SRS5505637,SAMN13019193,simple,9739,Tursiops truncatus,GSM4118925,,,,,,,no,,,,,GEO,SRA977807,,public,5D3273C051D6C9696173C8FB6CC7E0F1,D262C2075E936345198778DC0126AB8A
SRR10267230,2021-05-05 17:46:13,2019-10-11 12:02:53,56765044,17143043288,56765044,302,4951,,https://sra-downloadb.be-md.ncbi.nlm.nih.gov/sos4/sra-pub-zq-1/SRR010/10267/SRR10267230/SRR10267230.lite.1,SRX6980679,,RNA-Seq,cDNA,TRANSCRIPTOMIC,PAIRED,0,0,ILLUMINA,Illumina NovaSeq 6000,SRP225204,PRJNA577100,3,577100,SRS5505638,SAMN13019192,simple,9739,Tursiops truncatus,GSM4118926,,,,,,,no,,,,,GEO,SRA977807,,public,7FEA6A7F0B08947926485DEC6E628996,CAF1D0DFE4B6FD20B8BCE0899E22D4E9
SRR10267231,2021-05-05 17:46:13,2019-10-11 12:13:16,72469970,21885930940,72469970,302,6336,,https://sra-downloadb.be-md.ncbi.nlm.nih.gov/sos4/sra-pub-zq-1/SRR010/10267/SRR10267231/SRR10267231.lite.1,SRX6980680,,RNA-Seq,cDNA,TRANSCRIPTOMIC,PAIRED,0,0,ILLUMINA,Illumina NovaSeq 6000,SRP225204,PRJNA577100,3,577100,SRS5505639,SAMN13019191,simple,9739,Tursiops truncatus,GSM4118927,,,,,,,no,,,,,GEO,SRA977807,,public,F73817B83C02F6628A0BD013F1D690FF,7FD3666544F3E2543F2AD02183F15A68
SRR10267232,2021-05-05 17:46:13,2019-10-11 12:13:37,59999906,18119971612,59999906,302,5238,,https://sra-downloadb.be-md.ncbi.nlm.nih.gov/sos4/sra-pub-zq-1/SRR010/10267/SRR10267232/SRR10267232.lite.1,SRX6980681,,RNA-Seq,cDNA,TRANSCRIPTOMIC,PAIRED,0,0,ILLUMINA,Illumina NovaSeq 6000,SRP225204,PRJNA577100,3,577100,SRS5505640,SAMN13019186,simple,9739,Tursiops truncatus,GSM4118928,,,,,,,no,,,,,GEO,SRA977807,,public,24CF2228A3B088EC38C2C66A558F7E64,DDB499F680CB90BDC4A27036B0BD25B4
SRR10267233,2021-05-05 17:46:13,2019-10-11 12:01:45,56477574,17056227348,56477574,302,5097,,https://sra-downloadb.be-md.ncbi.nlm.nih.gov/sos4/sra-pub-zq-1/SRR010/10267/SRR10267233/SRR10267233.lite.1,SRX6980682,,RNA-Seq,cDNA,TRANSCRIPTOMIC,PAIRED,0,0,ILLUMINA,Illumina NovaSeq 6000,SRP225204,PRJNA577100,3,577100,SRS5505641,SAMN13019185,simple,9739,Tursiops truncatus,GSM4118929,,,,,,,no,,,,,GEO,SRA977807,,public,852929971FE1B8C71C0940CC7DA04CAB,4FCE74E32C87EE2CC305C517B6BE9001
SRR10267234,2021-05-05 17:46:13,2019-10-11 12:07:08,82494807,24913431714,82494807,302,7409,,https://sra-downloadb.be-md.ncbi.nlm.nih.gov/sos4/sra-pub-zq-1/SRR010/10267/SRR10267234/SRR10267234.lite.1,SRX6980683,,RNA-Seq,cDNA,TRANSCRIPTOMIC,PAIRED,0,0,ILLUMINA,Illumina NovaSeq 6000,SRP225204,PRJNA577100,3,577100,SRS5505642,SAMN13019184,simple,9739,Tursiops truncatus,GSM4118930,,,,,,,no,,,,,GEO,SRA977807,,public,3DB69112DDC5CA0D4CD3326F760EDE46,17DF48AF01EA9EA6332F72889CA5FB9D
SRR10267235,2021-05-05 17:46:13,2019-10-11 12:05:30,59662200,18017984400,59662200,302,5217,,https://sra-downloadb.be-md.ncbi.nlm.nih.gov/sos4/sra-pub-zq-1/SRR010/10267/SRR10267235/SRR10267235.lite.1,SRX6980684,,RNA-Seq,cDNA,TRANSCRIPTOMIC,PAIRED,0,0,ILLUMINA,Illumina NovaSeq 6000,SRP225204,PRJNA577100,3,577100,SRS5505643,SAMN13019183,simple,9739,Tursiops truncatus,GSM4118931,,,,,,,no,,,,,GEO,SRA977807,,public,F5EF4617BC95DBCA25AAC32EDAB44A5B,DBC197F29463D8E043CB0531E2F43A31
SRR10267236,2021-05-05 17:46:13,2019-10-11 12:09:59,61452109,18558536918,61452109,302,5386,,https://sra-downloadb.be-md.ncbi.nlm.nih.gov/sos4/sra-pub-zq-1/SRR010/10267/SRR10267236/SRR10267236.lite.1,SRX6980685,,RNA-Seq,cDNA,TRANSCRIPTOMIC,PAIRED,0,0,ILLUMINA,Illumina NovaSeq 6000,SRP225204,PRJNA577100,3,577100,SRS5505644,SAMN13019153,simple,9739,Tursiops truncatus,GSM4118932,,,,,,,no,,,,,GEO,SRA977807,,public,00F6503E1D4C067634D8102C177BCA09,9053D2DD50BEFDAF14095CF282FC34C5
SRR10267237,2021-05-05 17:46:14,2019-10-11 12:00:06,72003319,21745002338,72003319,302,6229,,https://sra-downloadb.be-md.ncbi.nlm.nih.gov/sos4/sra-pub-zq-1/SRR010/10267/SRR10267237/SRR10267237.lite.1,SRX6980686,,RNA-Seq,cDNA,TRANSCRIPTOMIC,PAIRED,0,0,ILLUMINA,Illumina NovaSeq 6000,SRP225204,PRJNA577100,3,577100,SRS5505645,SAMN13019152,simple,9739,Tursiops truncatus,GSM4118933,,,,,,,no,,,,,GEO,SRA977807,,public,D15465402CC433BC523053674682F377,E6DF1F5F112BEE74D651C63AE3C5D12D
SRR10267238,2021-05-05 17:46:14,2019-10-11 12:06:09,64399959,19448787618,64399959,302,5757,,https://sra-downloadb.be-md.ncbi.nlm.nih.gov/sos4/sra-pub-zq-1/SRR010/10267/SRR10267238/SRR10267238.lite.1,SRX6980687,,RNA-Seq,cDNA,TRANSCRIPTOMIC,PAIRED,0,0,ILLUMINA,Illumina NovaSeq 6000,SRP225204,PRJNA577100,3,577100,SRS5505646,SAMN13019151,simple,9739,Tursiops truncatus,GSM4118934,,,,,,,no,,,,,GEO,SRA977807,,public,EE6F74CEAE75C615F8FC411AE0BC9DE3,0DB043C6246F05B9424D6B76CB631A62
SRR10267239,2021-05-05 17:46:14,2019-10-11 12:00:33,69283073,20923488046,69283073,302,6108,,https://sra-downloadb.be-md.ncbi.nlm.nih.gov/sos4/sra-pub-zq-1/SRR010/10267/SRR10267239/SRR10267239.lite.1,SRX6980688,,RNA-Seq,cDNA,TRANSCRIPTOMIC,PAIRED,0,0,ILLUMINA,Illumina NovaSeq 6000,SRP225204,PRJNA577100,3,577100,SRS5505647,SAMN13019150,simple,9739,Tursiops truncatus,GSM4118935,,,,,,,no,,,,,GEO,SRA977807,,public,3055480244B13004D9BF840557796570,CDF3D175FE049FF725BC387305258286
SRR10267240,2021-05-05 17:46:14,2019-10-11 12:09:39,60165201,18169890702,60165201,302,5382,,https://sra-downloadb.be-md.ncbi.nlm.nih.gov/sos4/sra-pub-zq-1/SRR010/10267/SRR10267240/SRR10267240.lite.1,SRX6980689,,RNA-Seq,cDNA,TRANSCRIPTOMIC,PAIRED,0,0,ILLUMINA,Illumina NovaSeq 6000,SRP225204,PRJNA577100,3,577100,SRS5505648,SAMN13019149,simple,9739,Tursiops truncatus,GSM4118936,,,,,,,no,,,,,GEO,SRA977807,,public,2D84C791A1F54D7825F679A20CE6103B,C1914D8834F8D5174BF9D5E5C34189D6
SRR10267241,2021-05-05 17:46:14,2019-10-11 12:04:15,79655049,24055824798,79655049,302,7070,,https://sra-downloadb.be-md.ncbi.nlm.nih.gov/sos4/sra-pub-zq-1/SRR010/10267/SRR10267241/SRR10267241.lite.1,SRX6980690,,RNA-Seq,cDNA,TRANSCRIPTOMIC,PAIRED,0,0,ILLUMINA,Illumina NovaSeq 6000,SRP225204,PRJNA577100,3,577100,SRS5505649,SAMN13019148,simple,9739,Tursiops truncatus,GSM4118937,,,,,,,no,,,,,GEO,SRA977807,,public,939BC3CE0E65E09AF590BE42F04BC74D,2DFA31230542146DD4651A95FCE3B864
SRR10267242,2021-05-05 17:46:14,2019-10-11 12:14:40,72366073,21854554046,72366073,302,6431,,https://sra-downloadb.be-md.ncbi.nlm.nih.gov/sos4/sra-pub-zq-1/SRR010/10267/SRR10267242/SRR10267242.lite.1,SRX6980691,,RNA-Seq,cDNA,TRANSCRIPTOMIC,PAIRED,0,0,ILLUMINA,Illumina NovaSeq 6000,SRP225204,PRJNA577100,3,577100,SRS5505650,SAMN13019190,simple,9739,Tursiops truncatus,GSM4118938,,,,,,,no,,,,,GEO,SRA977807,,public,805EC26482DD55DAC526FB0D80AAF646,683B850227BC51887C46E0FE514FE4E4
SRR10267243,2021-05-05 17:46:14,2019-10-11 12:13:58,64449381,19463713062,64449381,302,5848,,https://sra-downloadb.be-md.ncbi.nlm.nih.gov/sos4/sra-pub-zq-1/SRR010/10267/SRR10267243/SRR10267243.lite.1,SRX6980692,,RNA-Seq,cDNA,TRANSCRIPTOMIC,PAIRED,0,0,ILLUMINA,Illumina NovaSeq 6000,SRP225204,PRJNA577100,3,577100,SRS5505651,SAMN13019189,simple,9739,Tursiops truncatus,GSM4118939,,,,,,,no,,,,,GEO,SRA977807,,public,FACD546F092087163C7E34DBBCE672CB,5AA0DE46C1A5DC01CF3C1CA7E5BEAD78
SRR10267244,2021-05-05 17:46:14,2019-10-11 12:00:45,70653426,21337334652,70653426,302,6374,,https://sra-downloadb.be-md.ncbi.nlm.nih.gov/sos4/sra-pub-zq-1/SRR010/10267/SRR10267244/SRR10267244.lite.1,SRX6980693,,RNA-Seq,cDNA,TRANSCRIPTOMIC,PAIRED,0,0,ILLUMINA,Illumina NovaSeq 6000,SRP225204,PRJNA577100,3,577100,SRS5505652,SAMN13019188,simple,9739,Tursiops truncatus,GSM4118940,,,,,,,no,,,,,GEO,SRA977807,,public,366C133AE1689460C5D046EDD5034B88,D4AE48C925D4555CD8661A6C71B0BF46
SRR10267245,2021-05-05 17:46:14,2019-10-11 12:10:15,72367783,21855070466,72367783,302,6557,,https://sra-downloadb.be-md.ncbi.nlm.nih.gov/sos4/sra-pub-zq-1/SRR010/10267/SRR10267245/SRR10267245.lite.1,SRX6980694,,RNA-Seq,cDNA,TRANSCRIPTOMIC,PAIRED,0,0,ILLUMINA,Illumina NovaSeq 6000,SRP225204,PRJNA577100,3,577100,SRS5505653,SAMN13019187,simple,9739,Tursiops truncatus,GSM4118941,,,,,,,no,,,,,GEO,SRA977807,,public,C8B231E7C419844F3241A3361D83BFDD,0C644A59A9E2C9A7DC67140F954BE6BD
SRR10267246,2021-05-05 17:46:14,2019-10-11 11:58:35,51457008,15540016416,51457008,302,4618,,https://sra-downloadb.be-md.ncbi.nlm.nih.gov/sos4/sra-pub-zq-1/SRR010/10267/SRR10267246/SRR10267246.lite.1,SRX6980695,,RNA-Seq,cDNA,TRANSCRIPTOMIC,PAIRED,0,0,ILLUMINA,Illumina NovaSeq 6000,SRP225204,PRJNA577100,3,577100,SRS5505654,SAMN13019165,simple,9739,Tursiops truncatus,GSM4118942,,,,,,,no,,,,,GEO,SRA977807,,public,77EBC03DDE0DEDAF8278D99B5A6DAF42,BA15713C2B290A7726575590BB393908
SRR10267247,2021-05-05 17:46:14,2019-10-11 12:04:16,60421552,18247308704,60421552,302,5461,,https://sra-downloadb.be-md.ncbi.nlm.nih.gov/sos4/sra-pub-zq-1/SRR010/10267/SRR10267247/SRR10267247.lite.1,SRX6980696,,RNA-Seq,cDNA,TRANSCRIPTOMIC,PAIRED,0,0,ILLUMINA,Illumina NovaSeq 6000,SRP225204,PRJNA577100,3,577100,SRS5505655,SAMN13019164,simple,9739,Tursiops truncatus,GSM4118943,,,,,,,no,,,,,GEO,SRA977807,,public,AC9DE3EB0BE0DB0C4CF5BA5D42B238B4,449D5BA4D55A5DCA4C15352A011931B6
SRR10267248,2021-05-05 17:46:14,2019-10-11 12:09:10,68718505,20752988510,68718505,302,5981,,https://sra-downloadb.be-md.ncbi.nlm.nih.gov/sos4/sra-pub-zq-1/SRR010/10267/SRR10267248/SRR10267248.lite.1,SRX6980697,,RNA-Seq,cDNA,TRANSCRIPTOMIC,PAIRED,0,0,ILLUMINA,Illumina NovaSeq 6000,SRP225204,PRJNA577100,3,577100,SRS5505656,SAMN13019163,simple,9739,Tursiops truncatus,GSM4118944,,,,,,,no,,,,,GEO,SRA977807,,public,2E9D70F1FB282D2A194D9B1B7018BAE6,661EBC7065DE1024E2670C5F8B0AFA54
SRR10267249,2021-05-05 17:46:14,2019-10-11 12:13:27,76762762,23182354124,76762762,302,6979,,https://sra-downloadb.be-md.ncbi.nlm.nih.gov/sos4/sra-pub-zq-1/SRR010/10267/SRR10267249/SRR10267249.lite.1,SRX6980698,,RNA-Seq,cDNA,TRANSCRIPTOMIC,PAIRED,0,0,ILLUMINA,Illumina NovaSeq 6000,SRP225204,PRJNA577100,3,577100,SRS5505657,SAMN13019162,simple,9739,Tursiops truncatus,GSM4118945,,,,,,,no,,,,,GEO,SRA977807,,public,A61F4420EECC73F04BE68B50BFAE090B,C339B4D87B50583846F31485BAE1201C
SRR10267250,2021-05-05 17:46:14,2019-10-11 11:56:09,58805545,17759274590,58805545,302,5178,,https://sra-downloadb.be-md.ncbi.nlm.nih.gov/sos4/sra-pub-zq-1/SRR010/10267/SRR10267250/SRR10267250.lite.1,SRX6980699,,RNA-Seq,cDNA,TRANSCRIPTOMIC,PAIRED,0,0,ILLUMINA,Illumina NovaSeq 6000,SRP225204,PRJNA577100,3,577100,SRS5505658,SAMN13019161,simple,9739,Tursiops truncatus,GSM4118946,,,,,,,no,,,,,GEO,SRA977807,,public,D69A63CA05DE9CA5E053D804A10EA0BC,9E933A52324F3CC5B1082C98CC2D312D
SRR10267251,2021-05-05 17:46:14,2019-10-11 12:12:36,71674114,21645582428,71674114,302,6300,,https://sra-downloadb.be-md.ncbi.nlm.nih.gov/sos4/sra-pub-zq-1/SRR010/10267/SRR10267251/SRR10267251.lite.1,SRX6980700,,RNA-Seq,cDNA,TRANSCRIPTOMIC,PAIRED,0,0,ILLUMINA,Illumina NovaSeq 6000,SRP225204,PRJNA577100,3,577100,SRS5505659,SAMN13019160,simple,9739,Tursiops truncatus,GSM4118947,,,,,,,no,,,,,GEO,SRA977807,,public,1DB5FE485519A19D4F5B3EEF196405AA,6CA9803B96C78A73297816BC8497B24E
SRR10267252,2021-05-05 17:46:14,2019-10-11 12:11:19,74674037,22551559174,74674037,302,6767,,https://sra-downloadb.be-md.ncbi.nlm.nih.gov/sos4/sra-pub-zq-1/SRR010/10267/SRR10267252/SRR10267252.lite.1,SRX6980701,,RNA-Seq,cDNA,TRANSCRIPTOMIC,PAIRED,0,0,ILLUMINA,Illumina NovaSeq 6000,SRP225204,PRJNA577100,3,577100,SRS5505660,SAMN13019159,simple,9739,Tursiops truncatus,GSM4118948,,,,,,,no,,,,,GEO,SRA977807,,public,717A371F7B3FD382F1E0BB1FE0B37EDE,300301A00DCE8B996A6B0DB5906BEC14
SRR10267253,2021-05-05 17:46:14,2019-10-11 12:13:20,54842089,16562310878,54842089,302,4819,,https://sra-downloadb.be-md.ncbi.nlm.nih.gov/sos4/sra-pub-zq-1/SRR010/10267/SRR10267253/SRR10267253.lite.1,SRX6980702,,RNA-Seq,cDNA,TRANSCRIPTOMIC,PAIRED,0,0,ILLUMINA,Illumina NovaSeq 6000,SRP225204,PRJNA577100,3,577100,SRS5505661,SAMN13019158,simple,9739,Tursiops truncatus,GSM4118949,,,,,,,no,,,,,GEO,SRA977807,,public,F011DD445BB07E0A19C579B2EDF38386,2D72C3EF114469E9EC68300FC35DD754
SRR10267254,2021-05-05 17:46:14,2019-10-11 12:12:29,71721195,21659800890,71721195,302,6217,,https://sra-downloadb.be-md.ncbi.nlm.nih.gov/sos4/sra-pub-zq-1/SRR010/10267/SRR10267254/SRR10267254.lite.1,SRX6980703,,RNA-Seq,cDNA,TRANSCRIPTOMIC,PAIRED,0,0,ILLUMINA,Illumina NovaSeq 6000,SRP225204,PRJNA577100,3,577100,SRS5505662,SAMN13019157,simple,9739,Tursiops truncatus,GSM4118950,,,,,,,no,,,,,GEO,SRA977807,,public,66C56BB696691FD2DF5544CFA53D23D7,FA442E4D8B847DDCA7AC2FA1BF4E889D
SRR10267255,2021-05-05 17:46:14,2019-10-11 12:00:27,57300695,17304809890,57300695,302,5229,,https://sra-downloadb.be-md.ncbi.nlm.nih.gov/sos4/sra-pub-zq-1/SRR010/10267/SRR10267255/SRR10267255.lite.1,SRX6980704,,RNA-Seq,cDNA,TRANSCRIPTOMIC,PAIRED,0,0,ILLUMINA,Illumina NovaSeq 6000,SRP225204,PRJNA577100,3,577100,SRS5505663,SAMN13019156,simple,9739,Tursiops truncatus,GSM4118951,,,,,,,no,,,,,GEO,SRA977807,,public,10506A4F92AE62879BAB4D5E9BCFA5CF,545964C4ED9B679033954C8A9FB35311
SRR10267256,2021-05-05 17:46:14,2019-10-11 12:03:57,75806684,22893618568,75806684,302,6752,,https://sra-downloadb.be-md.ncbi.nlm.nih.gov/sos4/sra-pub-zq-1/SRR010/10267/SRR10267256/SRR10267256.lite.1,SRX6980705,,RNA-Seq,cDNA,TRANSCRIPTOMIC,PAIRED,0,0,ILLUMINA,Illumina NovaSeq 6000,SRP225204,PRJNA577100,3,577100,SRS5505664,SAMN13019155,simple,9739,Tursiops truncatus,GSM4118952,,,,,,,no,,,,,GEO,SRA977807,,public,ACD60DFD2D0FD999AAAAB867200500A2,9202298E7FE68D45A3D2D0E094337261
SRR10267257,2021-05-05 17:46:14,2019-10-11 12:11:54,60621067,18307562234,60621067,302,5496,,https://sra-downloadb.be-md.ncbi.nlm.nih.gov/sos4/sra-pub-zq-1/SRR010/10267/SRR10267257/SRR10267257.lite.1,SRX6980706,,RNA-Seq,cDNA,TRANSCRIPTOMIC,PAIRED,0,0,ILLUMINA,Illumina NovaSeq 6000,SRP225204,PRJNA577100,3,577100,SRS5505665,SAMN13019154,simple,9739,Tursiops truncatus,GSM4118953,,,,,,,no,,,,,GEO,SRA977807,,public,B4CC7FEC06A8F40BB86E55A459E12B86,CFC1EDDE25368D5DDCB51D2EA05B9CB8
SRR10267258,2021-05-05 17:46:14,2019-10-11 12:17:50,85053842,25686260284,85053842,302,7486,,https://sra-downloadb.be-md.ncbi.nlm.nih.gov/sos4/sra-pub-zq-1/SRR010/10267/SRR10267258/SRR10267258.lite.1,SRX6980707,,RNA-Seq,cDNA,TRANSCRIPTOMIC,PAIRED,0,0,ILLUMINA,Illumina NovaSeq 6000,SRP225204,PRJNA577100,3,577100,SRS5505666,SAMN13019147,simple,9739,Tursiops truncatus,GSM4118954,,,,,,,no,,,,,GEO,SRA977807,,public,9C16BCEAC10A194E956F703B1FAB07EE,21FF69E20E30B2171FF588E0ECEF846C
SRR10267259,2021-05-05 17:46:14,2019-10-11 12:11:51,87176266,26327232332,87176266,302,7656,,https://sra-downloadb.be-md.ncbi.nlm.nih.gov/sos4/sra-pub-zq-1/SRR010/10267/SRR10267259/SRR10267259.lite.1,SRX6980708,,RNA-Seq,cDNA,TRANSCRIPTOMIC,PAIRED,0,0,ILLUMINA,Illumina NovaSeq 6000,SRP225204,PRJNA577100,3,577100,SRS5505667,SAMN13019172,simple,9739,Tursiops truncatus,GSM4118955,,,,,,,no,,,,,GEO,SRA977807,,public,B9DF7C1416982D0B32AEC50A018B8DF6,26DB1741E42B10E18A82A1D77224F618
SRR10267260,2021-05-05 17:46:14,2019-10-11 12:04:03,64763083,19558451066,64763083,302,5903,,https://sra-downloadb.be-md.ncbi.nlm.nih.gov/sos4/sra-pub-zq-1/SRR010/10267/SRR10267260/SRR10267260.lite.1,SRX6980709,,RNA-Seq,cDNA,TRANSCRIPTOMIC,PAIRED,0,0,ILLUMINA,Illumina NovaSeq 6000,SRP225204,PRJNA577100,3,577100,SRS5505668,SAMN13019171,simple,9739,Tursiops truncatus,GSM4118956,,,,,,,no,,,,,GEO,SRA977807,,public,9F4CDF2FD57CCEEF69D7F55D8F44F9F0,02AA8DD41502930095736E116F8A34B6
SRR10267261,2021-05-05 17:46:14,2019-10-11 12:20:14,69422005,20965445510,69422005,302,6127,,https://sra-downloadb.be-md.ncbi.nlm.nih.gov/sos4/sra-pub-zq-1/SRR010/10267/SRR10267261/SRR10267261.lite.1,SRX6980710,,RNA-Seq,cDNA,TRANSCRIPTOMIC,PAIRED,0,0,ILLUMINA,Illumina NovaSeq 6000,SRP225204,PRJNA577100,3,577100,SRS5505669,SAMN13019170,simple,9739,Tursiops truncatus,GSM4118957,,,,,,,no,,,,,GEO,SRA977807,,public,817C74C61B110E6D78B03FDDE0095BD3,B70D44B00ED2B5BD5E559045FFDED63F
SRR10267262,2021-05-05 17:46:14,2019-10-11 11:59:32,62460240,18862992480,62460240,302,5688,,https://sra-downloadb.be-md.ncbi.nlm.nih.gov/sos4/sra-pub-zq-1/SRR010/10267/SRR10267262/SRR10267262.lite.1,SRX6980711,,RNA-Seq,cDNA,TRANSCRIPTOMIC,PAIRED,0,0,ILLUMINA,Illumina NovaSeq 6000,SRP225204,PRJNA577100,3,577100,SRS5505670,SAMN13019169,simple,9739,Tursiops truncatus,GSM4118958,,,,,,,no,,,,,GEO,SRA977807,,public,CA352E2A428B4F5D3FFB1096989DB1C6,067DDC9A6054E8F2D721CB566AE77A4B
SRR10267263,2021-05-05 17:46:14,2019-10-11 12:03:00,55509920,16763995840,55509920,302,4975,,https://sra-downloadb.be-md.ncbi.nlm.nih.gov/sos4/sra-pub-zq-1/SRR010/10267/SRR10267263/SRR10267263.lite.1,SRX6980712,,RNA-Seq,cDNA,TRANSCRIPTOMIC,PAIRED,0,0,ILLUMINA,Illumina NovaSeq 6000,SRP225204,PRJNA577100,3,577100,SRS5505671,SAMN13019168,simple,9739,Tursiops truncatus,GSM4118959,,,,,,,no,,,,,GEO,SRA977807,,public,F7AE4BD68F8DAFA6BA63919C59174C31,FDBDC0B13D6791E903700478B783341E
SRR10267264,2021-05-05 17:46:14,2019-10-11 12:28:55,70674619,21343734938,70674619,302,6366,,https://sra-downloadb.be-md.ncbi.nlm.nih.gov/sos4/sra-pub-zq-1/SRR010/10267/SRR10267264/SRR10267264.lite.1,SRX6980713,,RNA-Seq,cDNA,TRANSCRIPTOMIC,PAIRED,0,0,ILLUMINA,Illumina NovaSeq 6000,SRP225204,PRJNA577100,3,577100,SRS5505672,SAMN13019167,simple,9739,Tursiops truncatus,GSM4118960,,,,,,,no,,,,,GEO,SRA977807,,public,5966DCDC3D08807D9D15559D73F906D1,892A472ABA86004DA7B5BC589A53512D
SRR10267265,2021-05-05 17:46:14,2019-10-11 12:07:43,60017611,18125318522,60017611,302,5350,,https://sra-downloadb.be-md.ncbi.nlm.nih.gov/sos4/sra-pub-zq-1/SRR010/10267/SRR10267265/SRR10267265.lite.1,SRX6980714,,RNA-Seq,cDNA,TRANSCRIPTOMIC,PAIRED,0,0,ILLUMINA,Illumina NovaSeq 6000,SRP225204,PRJNA577100,3,577100,SRS5505673,SAMN13019166,simple,9739,Tursiops truncatus,GSM4118961,,,,,,,no,,,,,GEO,SRA977807,,public,1B711E519D23E163A8DCC2286F335BF6,1DDD31274A3791A9D9C80F104BF5BB84
SRR10267266,2021-05-05 17:46:14,2019-10-11 12:15:50,65407586,19753090972,65407586,302,5930,,https://sra-downloadb.be-md.ncbi.nlm.nih.gov/sos4/sra-pub-zq-1/SRR010/10267/SRR10267266/SRR10267266.lite.1,SRX6980715,,RNA-Seq,cDNA,TRANSCRIPTOMIC,PAIRED,0,0,ILLUMINA,Illumina NovaSeq 6000,SRP225204,PRJNA577100,3,577100,SRS5505674,SAMN13019206,simple,9739,Tursiops truncatus,GSM4118962,,,,,,,no,,,,,GEO,SRA977807,,public,6D14CC818F80F0E1D9578A0FD570553A,F5AB47FE11629D7322E011DEAF2859A9
SRR10267267,2021-05-05 17:46:14,2019-10-11 12:23:45,81922172,24740495944,81922172,302,7565,,https://sra-downloadb.be-md.ncbi.nlm.nih.gov/sos4/sra-pub-zq-1/SRR010/10267/SRR10267267/SRR10267267.lite.1,SRX6980716,,RNA-Seq,cDNA,TRANSCRIPTOMIC,PAIRED,0,0,ILLUMINA,Illumina NovaSeq 6000,SRP225204,PRJNA577100,3,577100,SRS5505675,SAMN13019205,simple,9739,Tursiops truncatus,GSM4118963,,,,,,,no,,,,,GEO,SRA977807,,public,F3B4ADAD4AB0124B6DA033FAA35A9B67,AEA62F86B64E3CB7AB31AF9A7535EEE1
SRR10267268,2021-05-05 17:46:14,2019-10-11 12:18:52,65563199,19800086098,65563199,302,5861,,https://sra-downloadb.be-md.ncbi.nlm.nih.gov/sos4/sra-pub-zq-1/SRR010/10267/SRR10267268/SRR10267268.lite.1,SRX6980717,,RNA-Seq,cDNA,TRANSCRIPTOMIC,PAIRED,0,0,ILLUMINA,Illumina NovaSeq 6000,SRP225204,PRJNA577100,3,577100,SRS5505676,SAMN13019204,simple,9739,Tursiops truncatus,GSM4118964,,,,,,,no,,,,,GEO,SRA977807,,public,217B69B57E643AB70E528E0E7B8DE133,DF647CD31C8D9A2BDC5D07D02D2CD9CC
SRR10267269,2021-05-05 17:46:14,2019-10-11 12:05:28,52758401,15933037102,52758401,302,4766,,https://sra-downloadb.be-md.ncbi.nlm.nih.gov/sos4/sra-pub-zq-1/SRR010/10267/SRR10267269/SRR10267269.lite.1,SRX6980718,,RNA-Seq,cDNA,TRANSCRIPTOMIC,PAIRED,0,0,ILLUMINA,Illumina NovaSeq 6000,SRP225204,PRJNA577100,3,577100,SRS5505677,SAMN13019203,simple,9739,Tursiops truncatus,GSM4118965,,,,,,,no,,,,,GEO,SRA977807,,public,DC0FDEE073E823EE32E1EFC5F9E4A1FF,6C151230BFCC1E36D53477E034E988DB
SRR10267270,2021-05-05 17:46:14,2019-10-11 12:16:32,67046614,20248077428,67046614,302,6006,,https://sra-downloadb.be-md.ncbi.nlm.nih.gov/sos4/sra-pub-zq-1/SRR010/10267/SRR10267270/SRR10267270.lite.1,SRX6980719,,RNA-Seq,cDNA,TRANSCRIPTOMIC,PAIRED,0,0,ILLUMINA,Illumina NovaSeq 6000,SRP225204,PRJNA577100,3,577100,SRS5505678,SAMN13019202,simple,9739,Tursiops truncatus,GSM4118966,,,,,,,no,,,,,GEO,SRA977807,,public,77422FD5D79ECCB7663D563A84A14AE7,F454983579760D19CBBBE983852768CA
SRR10267271,2021-05-05 17:46:14,2019-10-11 12:02:38,71972346,21735648492,71972346,302,6488,,https://sra-downloadb.be-md.ncbi.nlm.nih.gov/sos4/sra-pub-zq-1/SRR010/10267/SRR10267271/SRR10267271.lite.1,SRX6980720,,RNA-Seq,cDNA,TRANSCRIPTOMIC,PAIRED,0,0,ILLUMINA,Illumina NovaSeq 6000,SRP225204,PRJNA577100,3,577100,SRS5505679,SAMN13019201,simple,9739,Tursiops truncatus,GSM4118967,,,,,,,no,,,,,GEO,SRA977807,,public,58D19734A53FF5FE4ABCACF4AB17F2F7,9AC43D2449690B01D28A70933FBBAE17
SRR10267272,2021-05-05 17:46:14,2019-10-11 11:58:45,56499759,17062927218,56499759,302,4977,,https://sra-downloadb.be-md.ncbi.nlm.nih.gov/sos4/sra-pub-zq-1/SRR010/10267/SRR10267272/SRR10267272.lite.1,SRX6980721,,RNA-Seq,cDNA,TRANSCRIPTOMIC,PAIRED,0,0,ILLUMINA,Illumina NovaSeq 6000,SRP225204,PRJNA577100,3,577100,SRS5505680,SAMN13019200,simple,9739,Tursiops truncatus,GSM4118968,,,,,,,no,,,,,GEO,SRA977807,,public,9D240C7C8F72F887F3AB494FAA3B7AF6,40B856E67E3952485C50A4C3B495656D
SRR10267273,2021-05-05 17:46:14,2019-10-11 12:16:46,73374101,22158978502,73374101,302,6445,,https://sra-downloadb.be-md.ncbi.nlm.nih.gov/sos4/sra-pub-zq-1/SRR010/10267/SRR10267273/SRR10267273.lite.1,SRX6980722,,RNA-Seq,cDNA,TRANSCRIPTOMIC,PAIRED,0,0,ILLUMINA,Illumina NovaSeq 6000,SRP225204,PRJNA577100,3,577100,SRS5505681,SAMN13019199,simple,9739,Tursiops truncatus,GSM4118969,,,,,,,no,,,,,GEO,SRA977807,,public,BD9658FDFE541EB2DEDD4A3AB77B348E,14F912655834C93097B3AB4C6E4E28F6
SRR10267274,2021-05-05 17:46:14,2019-10-11 12:22:00,70104441,21171541182,70104441,302,6078,,https://sra-downloadb.be-md.ncbi.nlm.nih.gov/sos4/sra-pub-zq-1/SRR010/10267/SRR10267274/SRR10267274.lite.1,SRX6980723,,RNA-Seq,cDNA,TRANSCRIPTOMIC,PAIRED,0,0,ILLUMINA,Illumina NovaSeq 6000,SRP225204,PRJNA577100,3,577100,SRS5505682,SAMN13019198,simple,9739,Tursiops truncatus,GSM4118970,,,,,,,no,,,,,GEO,SRA977807,,public,45D3B337ACD1B53BD0C418AF5D0EA596,ED1068ED9EB5F426A1A1BD436BCAEA63
SRR10267275,2021-05-05 17:46:14,2019-10-11 12:06:42,70723872,21358609344,70723872,302,6336,,https://sra-downloadb.be-md.ncbi.nlm.nih.gov/sos4/sra-pub-zq-1/SRR010/10267/SRR10267275/SRR10267275.lite.1,SRX6980724,,RNA-Seq,cDNA,TRANSCRIPTOMIC,PAIRED,0,0,ILLUMINA,Illumina NovaSeq 6000,SRP225204,PRJNA577100,3,577100,SRS5505683,SAMN13019228,simple,9739,Tursiops truncatus,GSM4118971,,,,,,,no,,,,,GEO,SRA977807,,public,6CE6C55E8903B614778B803D0FD6E2DE,2DE69CE81AD317F7CFB0119DF652629A
SRR10267276,2021-05-05 17:46:14,2019-10-11 12:10:14,80745928,24385270256,80745928,302,7038,,https://sra-downloadb.be-md.ncbi.nlm.nih.gov/sos4/sra-pub-zq-1/SRR010/10267/SRR10267276/SRR10267276.lite.1,SRX6980725,,RNA-Seq,cDNA,TRANSCRIPTOMIC,PAIRED,0,0,ILLUMINA,Illumina NovaSeq 6000,SRP225204,PRJNA577100,3,577100,SRS5505684,SAMN13019223,simple,9739,Tursiops truncatus,GSM4118972,,,,,,,no,,,,,GEO,SRA977807,,public,F4FEB49986BD8F5051411C2FB7E2E29A,552586CE8032A833247F48F650C90878
SRR10267277,2021-05-05 17:46:14,2019-10-11 12:08:30,63180382,19080475364,63180382,302,5646,,https://sra-downloadb.be-md.ncbi.nlm.nih.gov/sos4/sra-pub-zq-1/SRR010/10267/SRR10267277/SRR10267277.lite.1,SRX6980726,,RNA-Seq,cDNA,TRANSCRIPTOMIC,PAIRED,0,0,ILLUMINA,Illumina NovaSeq 6000,SRP225204,PRJNA577100,3,577100,SRS5505685,SAMN13019222,simple,9739,Tursiops truncatus,GSM4118973,,,,,,,no,,,,,GEO,SRA977807,,public,3DA8F4473E84094D1FDAA9E059FEC1AD,0C436D9F4C7EBCE4749D7050965E698F
SRR10267278,2021-05-05 17:46:14,2019-10-11 12:08:57,73738981,22269172262,73738981,302,6503,,https://sra-downloadb.be-md.ncbi.nlm.nih.gov/sos4/sra-pub-zq-1/SRR010/10267/SRR10267278/SRR10267278.lite.1,SRX6980727,,RNA-Seq,cDNA,TRANSCRIPTOMIC,PAIRED,0,0,ILLUMINA,Illumina NovaSeq 6000,SRP225204,PRJNA577100,3,577100,SRS5505686,SAMN13019221,simple,9739,Tursiops truncatus,GSM4118974,,,,,,,no,,,,,GEO,SRA977807,,public,6A168824B5E916D5753EC552E034ED9A,07CEFA3298EB226749081832AE9A5D26
SRR10267279,2021-05-05 17:46:14,2019-10-11 12:09:05,60804818,18363055036,60804818,302,5506,,https://sra-downloadb.be-md.ncbi.nlm.nih.gov/sos4/sra-pub-zq-1/SRR010/10267/SRR10267279/SRR10267279.lite.1,SRX6980728,,RNA-Seq,cDNA,TRANSCRIPTOMIC,PAIRED,0,0,ILLUMINA,Illumina NovaSeq 6000,SRP225204,PRJNA577100,3,577100,SRS5505687,SAMN13019227,simple,9739,Tursiops truncatus,GSM4118975,,,,,,,no,,,,,GEO,SRA977807,,public,E27000C00B652312874721363F1AEEF8,38519C12607A3BB322A5C5281B3FC5E2
SRR10267280,2021-05-05 17:46:15,2019-10-11 12:26:53,71598687,21622803474,71598687,302,6453,,https://sra-downloadb.be-md.ncbi.nlm.nih.gov/sos4/sra-pub-zq-1/SRR010/10267/SRR10267280/SRR10267280.lite.1,SRX6980729,,RNA-Seq,cDNA,TRANSCRIPTOMIC,PAIRED,0,0,ILLUMINA,Illumina NovaSeq 6000,SRP225204,PRJNA577100,3,577100,SRS5505688,SAMN13019226,simple,9739,Tursiops truncatus,GSM4118976,,,,,,,no,,,,,GEO,SRA977807,,public,B9236706260265E9008D0CAD4F4712CF,884B0F29B668C013A55BBA822A33F09A
SRR10267281,2021-05-05 17:46:15,2019-10-11 12:05:43,72232765,21814295030,72232765,302,6337,,https://sra-downloadb.be-md.ncbi.nlm.nih.gov/sos4/sra-pub-zq-1/SRR010/10267/SRR10267281/SRR10267281.lite.1,SRX6980730,,RNA-Seq,cDNA,TRANSCRIPTOMIC,PAIRED,0,0,ILLUMINA,Illumina NovaSeq 6000,SRP225204,PRJNA577100,3,577100,SRS5505689,SAMN13019225,simple,9739,Tursiops truncatus,GSM4118977,,,,,,,no,,,,,GEO,SRA977807,,public,327AE045606769E307D46B689D9DFE9E,1D130C238157F9E37BF2D788AC972F5B
SRR10267282,2021-05-05 17:46:15,2019-10-11 12:11:07,68864375,20797041250,68864375,302,6298,,https://sra-downloadb.be-md.ncbi.nlm.nih.gov/sos4/sra-pub-zq-1/SRR010/10267/SRR10267282/SRR10267282.lite.1,SRX6980731,,RNA-Seq,cDNA,TRANSCRIPTOMIC,PAIRED,0,0,ILLUMINA,Illumina NovaSeq 6000,SRP225204,PRJNA577100,3,577100,SRS5505690,SAMN13019224,simple,9739,Tursiops truncatus,GSM4118978,,,,,,,no,,,,,GEO,SRA977807,,public,B2679AC59DB1547D7197813CC7D1E10A,E05B075235A693876E940A5071A6B64B
SRR10267283,2021-05-05 17:46:15,2019-10-11 11:57:43,54894544,16578152288,54894544,302,4829,,https://sra-downloadb.be-md.ncbi.nlm.nih.gov/sos4/sra-pub-zq-1/SRR010/10267/SRR10267283/SRR10267283.lite.1,SRX6980732,,RNA-Seq,cDNA,TRANSCRIPTOMIC,PAIRED,0,0,ILLUMINA,Illumina NovaSeq 6000,SRP225204,PRJNA577100,3,577100,SRS5505691,SAMN13019220,simple,9739,Tursiops truncatus,GSM4118979,,,,,,,no,,,,,GEO,SRA977807,,public,EF2586F51141FDDCC3B2CD620CE21234,0ACF39705BB74D93D65E14800539DA7B
SRR10267284,2021-05-05 17:46:15,2019-10-11 12:09:15,80336518,24261628436,80336518,302,7093,,https://sra-downloadb.be-md.ncbi.nlm.nih.gov/sos4/sra-pub-zq-1/SRR010/10267/SRR10267284/SRR10267284.lite.1,SRX6980733,,RNA-Seq,cDNA,TRANSCRIPTOMIC,PAIRED,0,0,ILLUMINA,Illumina NovaSeq 6000,SRP225204,PRJNA577100,3,577100,SRS5505692,SAMN13019219,simple,9739,Tursiops truncatus,GSM4118980,,,,,,,no,,,,,GEO,SRA977807,,public,76C27628A7FCA4DBA3F79A276543A5E0,9229695F40C2B9CD581E6A4055F29BB2
SRR10267285,2021-05-05 17:46:15,2019-10-11 12:05:30,63450834,19162151868,63450834,302,5681,,https://sra-downloadb.be-md.ncbi.nlm.nih.gov/sos4/sra-pub-zq-1/SRR010/10267/SRR10267285/SRR10267285.lite.1,SRX6980734,,RNA-Seq,cDNA,TRANSCRIPTOMIC,PAIRED,0,0,ILLUMINA,Illumina NovaSeq 6000,SRP225204,PRJNA577100,3,577100,SRS5505693,SAMN13019218,simple,9739,Tursiops truncatus,GSM4118981,,,,,,,no,,,,,GEO,SRA977807,,public,E41EFA73E65582DE04EAC15FDC08B883,E32B45CD97849FA871C4E28001B20E65
SRR10267286,2021-05-05 17:46:15,2019-10-11 12:23:29,62904035,18997018570,62904035,302,5696,,https://sra-downloadb.be-md.ncbi.nlm.nih.gov/sos4/sra-pub-zq-1/SRR010/10267/SRR10267286/SRR10267286.lite.1,SRX6980735,,RNA-Seq,cDNA,TRANSCRIPTOMIC,PAIRED,0,0,ILLUMINA,Illumina NovaSeq 6000,SRP225204,PRJNA577100,3,577100,SRS5505694,SAMN13019217,simple,9739,Tursiops truncatus,GSM4118982,,,,,,,no,,,,,GEO,SRA977807,,public,E8CCDE03DDFFDAC4E181F1DD8FDC8147,B708BBE610612781D73FF4582B7A60FC
SRR10267287,2021-05-05 17:46:15,2019-10-11 12:20:02,82550365,24930210230,82550365,302,7365,,https://sra-downloadb.be-md.ncbi.nlm.nih.gov/sos4/sra-pub-zq-1/SRR010/10267/SRR10267287/SRR10267287.lite.1,SRX6980736,,RNA-Seq,cDNA,TRANSCRIPTOMIC,PAIRED,0,0,ILLUMINA,Illumina NovaSeq 6000,SRP225204,PRJNA577100,3,577100,SRS5505695,SAMN13019216,simple,9739,Tursiops truncatus,GSM4118983,,,,,,,no,,,,,GEO,SRA977807,,public,1E82D9ECAC358985B48D957BAC880BC0,6F8C8A26EA8EC8CD82D09A3DCBCC3A6D
SRR10267288,2021-05-05 17:46:15,2019-10-11 12:23:58,71866765,21703763030,71866765,302,6318,,https://sra-downloadb.be-md.ncbi.nlm.nih.gov/sos4/sra-pub-zq-1/SRR010/10267/SRR10267288/SRR10267288.lite.1,SRX6980737,,RNA-Seq,cDNA,TRANSCRIPTOMIC,PAIRED,0,0,ILLUMINA,Illumina NovaSeq 6000,SRP225204,PRJNA577100,3,577100,SRS5505696,SAMN13019215,simple,9739,Tursiops truncatus,GSM4118984,,,,,,,no,,,,,GEO,SRA977807,,public,6867F199FB05B4A85FBED598F3D1C782,E19A6D551410D710BBA0A2EBBFD38C5D
SRR10267289,2021-05-05 17:46:15,2019-10-11 12:15:41,72698274,21954878748,72698274,302,6357,,https://sra-downloadb.be-md.ncbi.nlm.nih.gov/sos4/sra-pub-zq-1/SRR010/10267/SRR10267289/SRR10267289.lite.1,SRX6980738,,RNA-Seq,cDNA,TRANSCRIPTOMIC,PAIRED,0,0,ILLUMINA,Illumina NovaSeq 6000,SRP225204,PRJNA577100,3,577100,SRS5505697,SAMN13019214,simple,9739,Tursiops truncatus,GSM4118985,,,,,,,no,,,,,GEO,SRA977807,,public,2C70AA476F7EB302EC5A6B40F505A69B,7C3364432B44C286132D4259CC581554
SRR10267290,2021-05-05 17:46:15,2019-10-11 12:06:06,68013722,20540144044,68013722,302,6074,,https://sra-downloadb.be-md.ncbi.nlm.nih.gov/sos4/sra-pub-zq-1/SRR010/10267/SRR10267290/SRR10267290.lite.1,SRX6980739,,RNA-Seq,cDNA,TRANSCRIPTOMIC,PAIRED,0,0,ILLUMINA,Illumina NovaSeq 6000,SRP225204,PRJNA577100,3,577100,SRS5505698,SAMN13019213,simple,9739,Tursiops truncatus,GSM4118986,,,,,,,no,,,,,GEO,SRA977807,,public,7909B706C4A727B231760744E79575F8,6A6FE4081A97E254982CC605EE16E6DD
SRR10292033,2021-05-05 17:46:17,2019-10-16 11:48:50,39144713,11821703326,39144713,302,3466,,https://sra-downloadb.be-md.ncbi.nlm.nih.gov/sos4/sra-pub-zq-1/SRR010/10292/SRR10292033/SRR10292033.lite.1,SRX7005005,,RNA-Seq,cDNA,TRANSCRIPTOMIC,PAIRED,0,0,ILLUMINA,Illumina NovaSeq 6000,SRP225891,PRJNA577864,,577864,SRS5526233,SAMN13039542,simple,9739,Tursiops truncatus,GSM4123858,,,,,,,no,,,,,GEO,SRA980010,,public,2773EE7D41415192EE93E2C718F35692,0FBB1AA112B8D43132D8DBC56CB1A5BD
SRR10292034,2021-05-05 17:46:17,2019-10-16 11:45:59,40259580,12158393160,40259580,302,3529,,https://sra-downloadb.be-md.ncbi.nlm.nih.gov/sos4/sra-pub-zq-1/SRR010/10292/SRR10292034/SRR10292034.lite.1,SRX7005006,,RNA-Seq,cDNA,TRANSCRIPTOMIC,PAIRED,0,0,ILLUMINA,Illumina NovaSeq 6000,SRP225891,PRJNA577864,,577864,SRS5526234,SAMN13039541,simple,9739,Tursiops truncatus,GSM4123859,,,,,,,no,,,,,GEO,SRA980010,,public,6B7F2CAAFE3802605F2EDE6CCA2DC69C,B1EDD3135E09EF71974AF6EAD9A9280A
SRR10292035,2021-05-05 17:46:17,2019-10-16 11:48:38,38775828,11710300056,38775828,302,3451,,https://sra-downloadb.be-md.ncbi.nlm.nih.gov/sos4/sra-pub-zq-1/SRR010/10292/SRR10292035/SRR10292035.lite.1,SRX7005007,,RNA-Seq,cDNA,TRANSCRIPTOMIC,PAIRED,0,0,ILLUMINA,Illumina NovaSeq 6000,SRP225891,PRJNA577864,,577864,SRS5526235,SAMN13039540,simple,9739,Tursiops truncatus,GSM4123860,,,,,,,no,,,,,GEO,SRA980010,,public,A4005F5C803D082F756256802E097259,9801B506B4ECB061C77C3EA38CEEBA4F
SRR10292036,2021-05-05 17:46:17,2019-10-16 11:42:57,31946943,9647976786,31946943,302,2869,,https://sra-downloadb.be-md.ncbi.nlm.nih.gov/sos4/sra-pub-zq-1/SRR010/10292/SRR10292036/SRR10292036.lite.1,SRX7005008,,RNA-Seq,cDNA,TRANSCRIPTOMIC,PAIRED,0,0,ILLUMINA,Illumina NovaSeq 6000,SRP225891,PRJNA577864,,577864,SRS5526236,SAMN13039538,simple,9739,Tursiops truncatus,GSM4123861,,,,,,,no,,,,,GEO,SRA980010,,public,5294623CD4FAA7C2703D0DCE730804CE,33C9CE9F867A3C3AF4EC96BFC58E1903
SRR10292037,2021-05-05 17:46:17,2019-10-16 11:56:19,54838877,16561340854,54838877,302,4867,,https://sra-downloadb.be-md.ncbi.nlm.nih.gov/sos4/sra-pub-zq-1/SRR010/10292/SRR10292037/SRR10292037.lite.1,SRX7005009,,RNA-Seq,cDNA,TRANSCRIPTOMIC,PAIRED,0,0,ILLUMINA,Illumina NovaSeq 6000,SRP225891,PRJNA577864,,577864,SRS5526237,SAMN13039537,simple,9739,Tursiops truncatus,GSM4123862,,,,,,,no,,,,,GEO,SRA980010,,public,DB6471F4BDDB0F72FB366172058404ED,35059861B761B6509BA152FB9AB2DB84
SRR10292038,2021-05-05 17:46:17,2019-10-16 11:46:02,34957920,10557291840,34957920,302,3164,,https://sra-downloadb.be-md.ncbi.nlm.nih.gov/sos4/sra-pub-zq-1/SRR010/10292/SRR10292038/SRR10292038.lite.1,SRX7005010,,RNA-Seq,cDNA,TRANSCRIPTOMIC,PAIRED,0,0,ILLUMINA,Illumina NovaSeq 6000,SRP225891,PRJNA577864,,577864,SRS5526238,SAMN13039536,simple,9739,Tursiops truncatus,GSM4123863,,,,,,,no,,,,,GEO,SRA980010,,public,5FB627AF0D80A4012ED5E00D7AC84F57,DA209C4A3C34424591E357A09BB8F080
SRR10292039,2021-05-05 17:46:17,2019-10-16 11:55:56,41315222,12477197044,41315222,302,3629,,https://sra-downloadb.be-md.ncbi.nlm.nih.gov/sos4/sra-pub-zq-1/SRR010/10292/SRR10292039/SRR10292039.lite.1,SRX7005011,,RNA-Seq,cDNA,TRANSCRIPTOMIC,PAIRED,0,0,ILLUMINA,Illumina NovaSeq 6000,SRP225891,PRJNA577864,,577864,SRS5526239,SAMN13039535,simple,9739,Tursiops truncatus,GSM4123864,,,,,,,no,,,,,GEO,SRA980010,,public,F406C81DAF19A3EACFAC0805056D7BD2,921B396967596B45A9322AB873DB282E
SRR10292040,2021-05-05 17:46:17,2019-10-16 11:54:11,46649484,14088144168,46649484,302,4116,,https://sra-downloadb.be-md.ncbi.nlm.nih.gov/sos4/sra-pub-zq-1/SRR010/10292/SRR10292040/SRR10292040.lite.1,SRX7005012,,RNA-Seq,cDNA,TRANSCRIPTOMIC,PAIRED,0,0,ILLUMINA,Illumina NovaSeq 6000,SRP225891,PRJNA577864,,577864,SRS5526240,SAMN13039534,simple,9739,Tursiops truncatus,GSM4123865,,,,,,,no,,,,,GEO,SRA980010,,public,69682FA48CF8A789EBD188D4EECA9FF3,C9096DE6AF4DE2F9ED683D9BB0D16279
SRR10292041,2021-05-05 17:46:17,2019-10-16 11:44:13,34652833,10465155566,34652833,302,3063,,https://sra-downloadb.be-md.ncbi.nlm.nih.gov/sos4/sra-pub-zq-1/SRR010/10292/SRR10292041/SRR10292041.lite.1,SRX7005013,,RNA-Seq,cDNA,TRANSCRIPTOMIC,PAIRED,0,0,ILLUMINA,Illumina NovaSeq 6000,SRP225891,PRJNA577864,,577864,SRS5526241,SAMN13039533,simple,9739,Tursiops truncatus,GSM4123866,,,,,,,no,,,,,GEO,SRA980010,,public,625C53AE160FEC472ECB63095F473BA5,A097BD9950BCB154BA3E2759B639D4AC
SRR10292042,2021-05-05 17:46:17,2019-10-16 11:48:35,39758361,12007025022,39758361,302,3493,,https://sra-downloadb.be-md.ncbi.nlm.nih.gov/sos4/sra-pub-zq-1/SRR010/10292/SRR10292042/SRR10292042.lite.1,SRX7005014,,RNA-Seq,cDNA,TRANSCRIPTOMIC,PAIRED,0,0,ILLUMINA,Illumina NovaSeq 6000,SRP225891,PRJNA577864,,577864,SRS5526242,SAMN13039532,simple,9739,Tursiops truncatus,GSM4123867,,,,,,,no,,,,,GEO,SRA980010,,public,B6129E1B324C25DE9A84BD70D6E82D94,6F194AD7BE861E26BE4B8DF4BBD33E26
SRR10292043,2021-05-05 17:46:17,2019-10-16 11:44:47,34528806,10427699412,34528806,302,3158,,https://sra-downloadb.be-md.ncbi.nlm.nih.gov/sos4/sra-pub-zq-1/SRR010/10292/SRR10292043/SRR10292043.lite.1,SRX7005015,,RNA-Seq,cDNA,TRANSCRIPTOMIC,PAIRED,0,0,ILLUMINA,Illumina NovaSeq 6000,SRP225891,PRJNA577864,,577864,SRS5526243,SAMN13039531,simple,9739,Tursiops truncatus,GSM4123868,,,,,,,no,,,,,GEO,SRA980010,,public,BF0AB1466D422DEA803E8B63FABEAD5D,F2A92CF3D3C98CBBF08E5B9329178EE6
SRR10292044,2021-05-05 17:46:17,2019-10-16 11:46:45,41331431,12482092162,41331431,302,3732,,https://sra-downloadb.be-md.ncbi.nlm.nih.gov/sos4/sra-pub-zq-1/SRR010/10292/SRR10292044/SRR10292044.lite.1,SRX7005016,,RNA-Seq,cDNA,TRANSCRIPTOMIC,PAIRED,0,0,ILLUMINA,Illumina NovaSeq 6000,SRP225891,PRJNA577864,,577864,SRS5526244,SAMN13039530,simple,9739,Tursiops truncatus,GSM4123869,,,,,,,no,,,,,GEO,SRA980010,,public,BD5CB6BFE0541D32192F5570FFC9D2C2,EB36A144F8A413C27890A9D95CA96A5D
SRR10292045,2021-05-05 17:46:17,2019-10-16 11:52:36,47673434,14397377068,47673434,302,4335,,https://sra-downloadb.be-md.ncbi.nlm.nih.gov/sos4/sra-pub-zq-1/SRR010/10292/SRR10292045/SRR10292045.lite.1,SRX7005017,,RNA-Seq,cDNA,TRANSCRIPTOMIC,PAIRED,0,0,ILLUMINA,Illumina NovaSeq 6000,SRP225891,PRJNA577864,,577864,SRS5526245,SAMN13039529,simple,9739,Tursiops truncatus,GSM4123870,,,,,,,no,,,,,GEO,SRA980010,,public,F08F811668131DC646680B397418CE73,A75B896FA1B2235465A4099324509A99
SRR10292046,2021-05-05 17:46:17,2019-10-16 11:52:18,43468910,13127610820,43468910,302,3848,,https://sra-downloadb.be-md.ncbi.nlm.nih.gov/sos4/sra-pub-zq-1/SRR010/10292/SRR10292046/SRR10292046.lite.1,SRX7005018,,RNA-Seq,cDNA,TRANSCRIPTOMIC,PAIRED,0,0,ILLUMINA,Illumina NovaSeq 6000,SRP225891,PRJNA577864,,577864,SRS5526246,SAMN13039528,simple,9739,Tursiops truncatus,GSM4123871,,,,,,,no,,,,,GEO,SRA980010,,public,CCF23C18C4FD2DE1F0D73000D8FE389C,6B724702260687FA0F19BE2B0C34D8BC
SRR10292047,2021-05-05 17:46:17,2019-10-16 11:54:45,40412102,12204454804,40412102,302,3637,,https://sra-downloadb.be-md.ncbi.nlm.nih.gov/sos4/sra-pub-zq-1/SRR010/10292/SRR10292047/SRR10292047.lite.1,SRX7005019,,RNA-Seq,cDNA,TRANSCRIPTOMIC,PAIRED,0,0,ILLUMINA,Illumina NovaSeq 6000,SRP225891,PRJNA577864,,577864,SRS5526247,SAMN13039527,simple,9739,Tursiops truncatus,GSM4123872,,,,,,,no,,,,,GEO,SRA980010,,public,3B71A7C70E458D5E7F023FD8D7756A89,1A42DDE37D34E201B530BCAA01E32590
SRR10292048,2021-05-05 17:46:17,2019-10-16 11:47:43,39293896,11866756592,39293896,302,3539,,https://sra-downloadb.be-md.ncbi.nlm.nih.gov/sos4/sra-pub-zq-1/SRR010/10292/SRR10292048/SRR10292048.lite.1,SRX7005020,,RNA-Seq,cDNA,TRANSCRIPTOMIC,PAIRED,0,0,ILLUMINA,Illumina NovaSeq 6000,SRP225891,PRJNA577864,,577864,SRS5526248,SAMN13039526,simple,9739,Tursiops truncatus,GSM4123873,,,,,,,no,,,,,GEO,SRA980010,,public,38A297C22E960024781CB12CEE333059,C2B74D79AB6253B7D310490F8D11B417
SRR10292049,2021-05-05 17:46:17,2019-10-16 11:45:00,39874706,12042161212,39874706,302,3580,,https://sra-downloadb.be-md.ncbi.nlm.nih.gov/sos4/sra-pub-zq-1/SRR010/10292/SRR10292049/SRR10292049.lite.1,SRX7005021,,RNA-Seq,cDNA,TRANSCRIPTOMIC,PAIRED,0,0,ILLUMINA,Illumina NovaSeq 6000,SRP225891,PRJNA577864,,577864,SRS5526249,SAMN13039525,simple,9739,Tursiops truncatus,GSM4123874,,,,,,,no,,,,,GEO,SRA980010,,public,3FA94F993F5796EC3348D07888438F31,4E6B00D8B799194248ECFBFE8B98E5B1
SRR10292050,2021-05-05 17:46:17,2019-10-16 11:45:11,40043829,12093236358,40043829,302,3551,,https://sra-downloadb.be-md.ncbi.nlm.nih.gov/sos4/sra-pub-zq-1/SRR010/10292/SRR10292050/SRR10292050.lite.1,SRX7005022,,RNA-Seq,cDNA,TRANSCRIPTOMIC,PAIRED,0,0,ILLUMINA,Illumina NovaSeq 6000,SRP225891,PRJNA577864,,577864,SRS5526250,SAMN13039524,simple,9739,Tursiops truncatus,GSM4123875,,,,,,,no,,,,,GEO,SRA980010,,public,19E7E4E73869C9D150E392D21ACFC013,79C556E2AB3C8C954ECC09F074D7262C
SRR10292051,2021-05-05 17:46:17,2019-10-16 11:45:30,31425972,9490643544,31425972,302,2842,,https://sra-downloadb.be-md.ncbi.nlm.nih.gov/sos4/sra-pub-zq-1/SRR010/10292/SRR10292051/SRR10292051.lite.1,SRX7005023,,RNA-Seq,cDNA,TRANSCRIPTOMIC,PAIRED,0,0,ILLUMINA,Illumina NovaSeq 6000,SRP225891,PRJNA577864,,577864,SRS5526251,SAMN13039523,simple,9739,Tursiops truncatus,GSM4123876,,,,,,,no,,,,,GEO,SRA980010,,public,2B774D8831520C9A2E255FE11CCC7E02,3A7E55A04C7CE76F1BA7653E7D0B1007
SRR10292052,2021-05-05 17:46:17,2019-10-16 11:47:13,31010339,9365122378,31010339,302,2744,,https://sra-downloadb.be-md.ncbi.nlm.nih.gov/sos4/sra-pub-zq-1/SRR010/10292/SRR10292052/SRR10292052.lite.1,SRX7005024,,RNA-Seq,cDNA,TRANSCRIPTOMIC,PAIRED,0,0,ILLUMINA,Illumina NovaSeq 6000,SRP225891,PRJNA577864,,577864,SRS5526252,SAMN13039522,simple,9739,Tursiops truncatus,GSM4123877,,,,,,,no,,,,,GEO,SRA980010,,public,2364F207F1242474F77CC76EFCCEE9B5,30AE7D681C263E3DDF0D7602A3FA173E
SRR10292053,2021-05-05 17:46:17,2019-10-16 11:45:54,29583385,8934182270,29583385,302,2632,,https://sra-downloadb.be-md.ncbi.nlm.nih.gov/sos4/sra-pub-zq-1/SRR010/10292/SRR10292053/SRR10292053.lite.1,SRX7005025,,RNA-Seq,cDNA,TRANSCRIPTOMIC,PAIRED,0,0,ILLUMINA,Illumina NovaSeq 6000,SRP225891,PRJNA577864,,577864,SRS5526253,SAMN13039521,simple,9739,Tursiops truncatus,GSM4123878,,,,,,,no,,,,,GEO,SRA980010,,public,ABF3FB574F38EEBEECACE85BEC17331F,5931C628F7906A178688AFF01ABA9E32
SRR10292054,2021-05-05 17:46:18,2019-10-16 11:44:33,36968676,11164540152,36968676,302,3360,,https://sra-downloadb.be-md.ncbi.nlm.nih.gov/sos4/sra-pub-zq-1/SRR010/10292/SRR10292054/SRR10292054.lite.1,SRX7005026,,RNA-Seq,cDNA,TRANSCRIPTOMIC,PAIRED,0,0,ILLUMINA,Illumina NovaSeq 6000,SRP225891,PRJNA577864,,577864,SRS5526254,SAMN13039550,simple,9739,Tursiops truncatus,GSM4123879,,,,,,,no,,,,,GEO,SRA980010,,public,4AD3405CCE253CDB9149B5359D9F7D45,DEAB75BAC891634C0D6C73F3E61A70CD
SRR10292055,2021-05-05 17:46:18,2019-10-16 11:46:22,37324806,11272091412,37324806,302,3396,,https://sra-downloadb.be-md.ncbi.nlm.nih.gov/sos4/sra-pub-zq-1/SRR010/10292/SRR10292055/SRR10292055.lite.1,SRX7005027,,RNA-Seq,cDNA,TRANSCRIPTOMIC,PAIRED,0,0,ILLUMINA,Illumina NovaSeq 6000,SRP225891,PRJNA577864,,577864,SRS5526255,SAMN13039549,simple,9739,Tursiops truncatus,GSM4123880,,,,,,,no,,,,,GEO,SRA980010,,public,B9CAE11E82631C67D87256E44C6AA884,CC3FC7702602760E2370E67975AB03E6
SRR10292056,2021-05-05 17:46:18,2019-10-16 11:50:23,41183058,12437283516,41183058,302,3709,,https://sra-downloadb.be-md.ncbi.nlm.nih.gov/sos4/sra-pub-zq-1/SRR010/10292/SRR10292056/SRR10292056.lite.1,SRX7005028,,RNA-Seq,cDNA,TRANSCRIPTOMIC,PAIRED,0,0,ILLUMINA,Illumina NovaSeq 6000,SRP225891,PRJNA577864,,577864,SRS5526256,SAMN13039547,simple,9739,Tursiops truncatus,GSM4123881,,,,,,,no,,,,,GEO,SRA980010,,public,4EABF0959283D1525792574B11C8DAA2,844BCF816E5C5536C5C2E8D4B93852B1
SRR10292057,2021-05-05 17:46:18,2019-10-16 11:44:42,37902914,11446680028,37902914,302,3319,,https://sra-downloadb.be-md.ncbi.nlm.nih.gov/sos4/sra-pub-zq-1/SRR010/10292/SRR10292057/SRR10292057.lite.1,SRX7005029,,RNA-Seq,cDNA,TRANSCRIPTOMIC,PAIRED,0,0,ILLUMINA,Illumina NovaSeq 6000,SRP225891,PRJNA577864,,577864,SRS5526257,SAMN13039546,simple,9739,Tursiops truncatus,GSM4123882,,,,,,,no,,,,,GEO,SRA980010,,public,75A96A1FD1C922F3C53528365091E388,6074348CFA5BFCD881C41366A7D3287F
SRR10292058,2021-05-05 17:46:18,2019-10-16 11:45:18,35207351,10632620002,35207351,302,3191,,https://sra-downloadb.be-md.ncbi.nlm.nih.gov/sos4/sra-pub-zq-1/SRR010/10292/SRR10292058/SRR10292058.lite.1,SRX7005030,,RNA-Seq,cDNA,TRANSCRIPTOMIC,PAIRED,0,0,ILLUMINA,Illumina NovaSeq 6000,SRP225891,PRJNA577864,,577864,SRS5526258,SAMN13039545,simple,9739,Tursiops truncatus,GSM4123883,,,,,,,no,,,,,GEO,SRA980010,,public,7279344B3C78A1A8342B584322C57422,05EA3F45B2C7C4CE0E8C2086CA589087
SRR10292059,2021-05-05 17:46:18,2019-10-16 11:53:46,41288618,12469162636,41288618,302,3742,,https://sra-downloadb.be-md.ncbi.nlm.nih.gov/sos4/sra-pub-zq-1/SRR010/10292/SRR10292059/SRR10292059.lite.1,SRX7005031,,RNA-Seq,cDNA,TRANSCRIPTOMIC,PAIRED,0,0,ILLUMINA,Illumina NovaSeq 6000,SRP225891,PRJNA577864,,577864,SRS5526259,SAMN13039544,simple,9739,Tursiops truncatus,GSM4123884,,,,,,,no,,,,,GEO,SRA980010,,public,B830BB3E8913DBA356B82A4652383F32,4179FDB9D888C411193BA424D2118D00
SRR12507963,2021-09-30 00:58:51,2020-08-24 13:46:37,29147861,3643482625,0,125,1543,,https://sra-downloadb.be-md.ncbi.nlm.nih.gov/sos4/sra-pub-zq-1/SRR012/12507/SRR12507963/SRR12507963.lite.1,SRX8998731,20MPCB180-48B,RNA-Seq,cDNA,TRANSCRIPTOMIC,SINGLE,0,0,ILLUMINA,Illumina HiSeq 2500,SRP107302,PRJNA387123,,387123,SRS7251512,SAMN15894453,simple,9739,Tursiops truncatus,20MPCB180-48B,,,,,not applicable,,no,,,,,NOAA,SRA1116452,,public,ACA1562E262DEA2C9B17D66E82B31155,0AB57DD19D81A5296A457F6825205320
SRR12507962,2021-09-30 00:58:51,2020-08-24 13:48:00,30299236,3787404500,0,125,1579,,https://sra-downloadb.be-md.ncbi.nlm.nih.gov/sos4/sra-pub-zq-1/SRR012/12507/SRR12507962/SRR12507962.lite.1,SRX8998732,20MPCB180-48C,RNA-Seq,cDNA,TRANSCRIPTOMIC,SINGLE,0,0,ILLUMINA,Illumina HiSeq 2500,SRP107302,PRJNA387123,,387123,SRS7251513,SAMN15894454,simple,9739,Tursiops truncatus,20MPCB180-48C,,,,,not applicable,,no,,,,,NOAA,SRA1116452,,public,C5EE25DF51EA43003B19669C920C0C76,E84D079571724C264C8A9F8C4A635854
SRR12507965,2021-09-30 00:58:51,2020-08-24 13:50:27,35348162,4418520250,0,125,2071,,https://sra-downloadb.be-md.ncbi.nlm.nih.gov/sos4/sra-pub-zq-1/SRR012/12507/SRR12507965/SRR12507965.lite.1,SRX8998729,CTL-24A,RNA-Seq,cDNA,TRANSCRIPTOMIC,SINGLE,0,0,ILLUMINA,Illumina HiSeq 2500,SRP107302,PRJNA387123,,387123,SRS7251510,SAMN15894443,simple,9739,Tursiops truncatus,CTL-24A,,,,,not applicable,,no,,,,,NOAA,SRA1116452,,public,F418AF8FDE73AE361119E266B4EC370B,9F1E884355D02755F60D4429AD9F3877
SRR12507964,2021-09-30 00:58:51,2020-08-24 13:47:48,35330537,4416317125,0,125,2076,,https://sra-downloadb.be-md.ncbi.nlm.nih.gov/sos4/sra-pub-zq-1/SRR012/12507/SRR12507964/SRR12507964.lite.1,SRX8998730,CTL-48A,RNA-Seq,cDNA,TRANSCRIPTOMIC,SINGLE,0,0,ILLUMINA,Illumina HiSeq 2500,SRP107302,PRJNA387123,,387123,SRS7251511,SAMN15894444,simple,9739,Tursiops truncatus,CTL-48A,,,,,not applicable,,no,,,,,NOAA,SRA1116452,,public,8FCB61A7AEFCA81390CFAFB50374F2C1,9DB0F481EF9B785F1483FF9191EAB886
SRR10292060,2021-05-05 17:46:18,2019-10-16 11:46:42,37576570,11348124140,37576570,302,3341,,https://sra-downloadb.be-md.ncbi.nlm.nih.gov/sos4/sra-pub-zq-1/SRR010/10292/SRR10292060/SRR10292060.lite.1,SRX7005032,,RNA-Seq,cDNA,TRANSCRIPTOMIC,PAIRED,0,0,ILLUMINA,Illumina NovaSeq 6000,SRP225891,PRJNA577864,,577864,SRS5526260,SAMN13039543,simple,9739,Tursiops truncatus,GSM4123885,,,,,,,no,,,,,GEO,SRA980010,,public,0F6904B14DD66588AF13D683EFC0B9F9,41866A9FF022CB5245A358D73BD7D678
SRR12507961,2021-09-30 00:58:51,2020-08-24 13:45:26,23178557,2897319625,0,125,1210,,https://sra-downloadb.be-md.ncbi.nlm.nih.gov/sos4/sra-pub-zq-1/SRR012/12507/SRR12507961/SRR12507961.lite.1,SRX8998733,20MPCB180-72A,RNA-Seq,cDNA,TRANSCRIPTOMIC,SINGLE,0,0,ILLUMINA,Illumina HiSeq 2500,SRP107302,PRJNA387123,,387123,SRS7251514,SAMN15894455,simple,9739,Tursiops truncatus,20MPCB180-72A,,,,,not applicable,,no,,,,,NOAA,SRA1116452,,public,8A250188737370481EC55C55ACD89FC3,37D5428AA6E6C0D0A7AAC358816FCD57
SRR12507960,2021-09-30 00:58:51,2020-08-24 13:47:12,32171854,4021481750,0,125,1676,,https://sra-downloadb.be-md.ncbi.nlm.nih.gov/sos4/sra-pub-zq-1/SRR012/12507/SRR12507960/SRR12507960.lite.1,SRX8998734,20MPCB180-72B,RNA-Seq,cDNA,TRANSCRIPTOMIC,SINGLE,0,0,ILLUMINA,Illumina HiSeq 2500,SRP107302,PRJNA387123,,387123,SRS7251515,SAMN15894456,simple,9739,Tursiops truncatus,20MPCB180-72B,,,,,not applicable,,no,,,,,NOAA,SRA1116452,,public,15D716E18FE1C013BD587FA891AC5869,1DB0A7CC62570DDA8B461C71428F49B4
SRR12507959,2021-09-30 00:58:51,2020-08-24 13:46:07,26082308,3260288500,0,125,1357,,https://sra-downloadb.be-md.ncbi.nlm.nih.gov/sos4/sra-pub-zq-1/SRR012/12507/SRR12507959/SRR12507959.lite.1,SRX8998735,20MPCB180-72C,RNA-Seq,cDNA,TRANSCRIPTOMIC,SINGLE,0,0,ILLUMINA,Illumina HiSeq 2500,SRP107302,PRJNA387123,,387123,SRS7251516,SAMN15894457,simple,9739,Tursiops truncatus,20MPCB180-72C,,,,,not applicable,,no,,,,,NOAA,SRA1116452,,public,F4B70A36FD5F2875B0147C38FFF72D7F,500B913BCBADE5D72C8E20327306B367
SRR12507958,2021-09-30 00:58:51,2020-08-24 13:50:51,38854736,4856842000,0,125,2265,,https://sra-downloadb.be-md.ncbi.nlm.nih.gov/sos4/sra-pub-zq-1/SRR012/12507/SRR12507958/SRR12507958.lite.1,SRX8998736,BlubberExtract-24A,RNA-Seq,cDNA,TRANSCRIPTOMIC,SINGLE,0,0,ILLUMINA,Illumina HiSeq 2500,SRP107302,PRJNA387123,,387123,SRS7251517,SAMN15894458,simple,9739,Tursiops truncatus,BlubberExtract-24A,,,,,not applicable,,no,,,,,NOAA,SRA1116452,,public,8087EF3F0F8D551945324DC3281DAAAC,4CFC296A00D0DB051C49FE2E9636444F
SRR12507957,2021-09-30 00:58:51,2020-08-24 13:47:07,33105226,4138153250,0,125,1940,,https://sra-downloadb.be-md.ncbi.nlm.nih.gov/sos4/sra-pub-zq-1/SRR012/12507/SRR12507957/SRR12507957.lite.1,SRX8998737,BlubberExtract-24B,RNA-Seq,cDNA,TRANSCRIPTOMIC,SINGLE,0,0,ILLUMINA,Illumina HiSeq 2500,SRP107302,PRJNA387123,,387123,SRS7251518,SAMN15894459,simple,9739,Tursiops truncatus,BlubberExtract-24B,,,,,not applicable,,no,,,,,NOAA,SRA1116452,,public,6F290E5F658585FDDF5E14294504193A,4761B444977AA037464F6F3956623A14
SRR12507956,2021-09-30 00:58:52,2020-08-24 13:49:09,32758957,4094869625,0,125,1915,,https://sra-downloadb.be-md.ncbi.nlm.nih.gov/sos4/sra-pub-zq-1/SRR012/12507/SRR12507956/SRR12507956.lite.1,SRX8998738,BlubberExtract-24C,RNA-Seq,cDNA,TRANSCRIPTOMIC,SINGLE,0,0,ILLUMINA,Illumina HiSeq 2500,SRP107302,PRJNA387123,,387123,SRS7251519,SAMN15894460,simple,9739,Tursiops truncatus,BlubberExtract-24C,,,,,not applicable,,no,,,,,NOAA,SRA1116452,,public,1B8A58DD0CCA482194A01E4528BAC634,7372973231A11F68B322313CDF15E13B
SRR12507955,2021-09-30 00:58:52,2020-08-24 13:48:55,34129571,4266196375,0,125,1967,,https://sra-downloadb.be-md.ncbi.nlm.nih.gov/sos4/sra-pub-zq-1/SRR012/12507/SRR12507955/SRR12507955.lite.1,SRX8998739,BlubberExtract-48A,RNA-Seq,cDNA,TRANSCRIPTOMIC,SINGLE,0,0,ILLUMINA,Illumina HiSeq 2500,SRP107302,PRJNA387123,,387123,SRS7251520,SAMN15894461,simple,9739,Tursiops truncatus,BlubberExtract-48A,,,,,not applicable,,no,,,,,NOAA,SRA1116452,,public,1D5ACA8B1964F7EAE9CD55F28C963B15,C4F09699F876EC5F0503D18399BFCACE
SRR12507954,2021-09-30 00:58:52,2020-08-24 13:48:47,35085387,4385673375,0,125,2037,,https://sra-downloadb.be-md.ncbi.nlm.nih.gov/sos4/sra-pub-zq-1/SRR012/12507/SRR12507954/SRR12507954.lite.1,SRX8998740,BlubberExtract-48B,RNA-Seq,cDNA,TRANSCRIPTOMIC,SINGLE,0,0,ILLUMINA,Illumina HiSeq 2500,SRP107302,PRJNA387123,,387123,SRS7251521,SAMN15894462,simple,9739,Tursiops truncatus,BlubberExtract-48B,,,,,not applicable,,no,,,,,NOAA,SRA1116452,,public,D0E26F1D7FDCAAF4A044B456DC04AF41,8ABBDFC96B3C25CCBA9CF717618CCD36
SRR12507953,2021-09-30 00:58:52,2020-08-24 13:48:22,34340868,4292608500,0,125,2040,,https://sra-downloadb.be-md.ncbi.nlm.nih.gov/sos4/sra-pub-zq-1/SRR012/12507/SRR12507953/SRR12507953.lite.1,SRX8998741,CTL-72A,RNA-Seq,cDNA,TRANSCRIPTOMIC,SINGLE,0,0,ILLUMINA,Illumina HiSeq 2500,SRP107302,PRJNA387123,,387123,SRS7251522,SAMN15894445,simple,9739,Tursiops truncatus,CTL-72A,,,,,not applicable,,no,,,,,NOAA,SRA1116452,,public,530BACFF4DE8569C48FDB9D6F45A55BF,0B3455BC119C8201FFA4530DE8BE1605
SRR12507952,2021-09-30 00:58:52,2020-08-24 13:49:31,35777604,4472200500,0,125,2061,,https://sra-downloadb.be-md.ncbi.nlm.nih.gov/sos4/sra-pub-zq-1/SRR012/12507/SRR12507952/SRR12507952.lite.1,SRX8998742,BlubberExtract-48C,RNA-Seq,cDNA,TRANSCRIPTOMIC,SINGLE,0,0,ILLUMINA,Illumina HiSeq 2500,SRP107302,PRJNA387123,,387123,SRS7251523,SAMN15894463,simple,9739,Tursiops truncatus,BlubberExtract-48C,,,,,not applicable,,no,,,,,NOAA,SRA1116452,,public,9DC0341B59FF869F13F68797799F4097,55A48C8877692A4282618E2CE7BD0DB5
SRR12507951,2021-09-30 00:58:52,2020-08-24 13:46:55,28551337,3568917125,0,125,1505,,https://sra-downloadb.be-md.ncbi.nlm.nih.gov/sos4/sra-pub-zq-1/SRR012/12507/SRR12507951/SRR12507951.lite.1,SRX8998743,BlubberExtract-72A,RNA-Seq,cDNA,TRANSCRIPTOMIC,SINGLE,0,0,ILLUMINA,Illumina HiSeq 2500,SRP107302,PRJNA387123,,387123,SRS7251524,SAMN15894464,simple,9739,Tursiops truncatus,BlubberExtract-72A,,,,,not applicable,,no,,,,,NOAA,SRA1116452,,public,AA193AFBE889649751B294EF86E367F1,9BBF35091F27E65BA2AC80C80E61434E
SRR12507950,2021-09-30 00:58:52,2020-08-24 13:46:52,29059086,3632385750,0,125,1514,,https://sra-downloadb.be-md.ncbi.nlm.nih.gov/sos4/sra-pub-zq-1/SRR012/12507/SRR12507950/SRR12507950.lite.1,SRX8998744,BlubberExtract-72B,RNA-Seq,cDNA,TRANSCRIPTOMIC,SINGLE,0,0,ILLUMINA,Illumina HiSeq 2500,SRP107302,PRJNA387123,,387123,SRS7251525,SAMN15894465,simple,9739,Tursiops truncatus,BlubberExtract-72B,,,,,not applicable,,no,,,,,NOAA,SRA1116452,,public,A0146A1D5F775C6BDB9D4A1558A91FB8,6042B58D59A6D3FBA0D2CDA99F8342FD
SRR12507949,2021-09-30 00:58:52,2020-08-24 13:47:20,28345153,3543144125,0,125,1480,,https://sra-downloadb.be-md.ncbi.nlm.nih.gov/sos4/sra-pub-zq-1/SRR012/12507/SRR12507949/SRR12507949.lite.1,SRX8998745,BlubberExtract-72C,RNA-Seq,cDNA,TRANSCRIPTOMIC,SINGLE,0,0,ILLUMINA,Illumina HiSeq 2500,SRP107302,PRJNA387123,,387123,SRS7251526,SAMN15894466,simple,9739,Tursiops truncatus,BlubberExtract-72C,,,,,not applicable,,no,,,,,NOAA,SRA1116452,,public,AA73BAEA3FD338F6E7FE9974AD89A33E,F498EC2584E15612AF88875072E46470
SRR12507948,2021-09-30 00:58:52,2020-08-24 13:47:02,24672441,3084055125,0,125,1456,,https://sra-downloadb.be-md.ncbi.nlm.nih.gov/sos4/sra-pub-zq-1/SRR012/12507/SRR12507948/SRR12507948.lite.1,SRX8998746,CarrierCTL-24A,RNA-Seq,cDNA,TRANSCRIPTOMIC,SINGLE,0,0,ILLUMINA,Illumina HiSeq 2500,SRP107302,PRJNA387123,,387123,SRS7251527,SAMN15894446,simple,9739,Tursiops truncatus,CarrierCTL-24A,,,,,not applicable,,no,,,,,NOAA,SRA1116452,,public,B6A5F979667723EC3222B9E0723D28DF,4B4FEE4A2B492998D9C9FDECA841F893
SRR12507947,2021-09-30 00:58:52,2020-08-24 13:47:28,36027206,4503400750,0,125,2099,,https://sra-downloadb.be-md.ncbi.nlm.nih.gov/sos4/sra-pub-zq-1/SRR012/12507/SRR12507947/SRR12507947.lite.1,SRX8998747,CarrierCTL-48B,RNA-Seq,cDNA,TRANSCRIPTOMIC,SINGLE,0,0,ILLUMINA,Illumina HiSeq 2500,SRP107302,PRJNA387123,,387123,SRS7251528,SAMN15894447,simple,9739,Tursiops truncatus,CarrierCTL-48B,,,,,not applicable,,no,,,,,NOAA,SRA1116452,,public,B42DB709A5932AD4F807FD18D643AFC1,C0820D9386E2DDF07BC2AA289CB66A70
SRR12507945,2021-09-30 00:58:52,2020-08-24 13:50:46,37760254,4720031750,0,125,2213,,https://sra-downloadb.be-md.ncbi.nlm.nih.gov/sos4/sra-pub-zq-1/SRR012/12507/SRR12507945/SRR12507945.lite.1,SRX8998749,20MPCB180-24A,RNA-Seq,cDNA,TRANSCRIPTOMIC,SINGLE,0,0,ILLUMINA,Illumina HiSeq 2500,SRP107302,PRJNA387123,,387123,SRS7251530,SAMN15894449,simple,9739,Tursiops truncatus,20MPCB180-24A,,,,,not applicable,,no,,,,,NOAA,SRA1116452,,public,572167EDF07A4A49175B7DDBDF4F49BD,B3C88204CEAACBF3A94385E2261A0371
SRR12507944,2021-09-30 00:58:52,2020-08-24 13:48:40,32559371,4069921375,0,125,1924,,https://sra-downloadb.be-md.ncbi.nlm.nih.gov/sos4/sra-pub-zq-1/SRR012/12507/SRR12507944/SRR12507944.lite.1,SRX8998750,20MPCB180-24B,RNA-Seq,cDNA,TRANSCRIPTOMIC,SINGLE,0,0,ILLUMINA,Illumina HiSeq 2500,SRP107302,PRJNA387123,,387123,SRS7251531,SAMN15894450,simple,9739,Tursiops truncatus,20MPCB180-24B,,,,,not applicable,,no,,,,,NOAA,SRA1116452,,public,B6C678B170E9449FEBB08EBB012591FD,B9114AE52B091989BF0B6778836A1DD7
SRR12507943,2021-09-30 00:58:52,2020-08-24 13:49:44,35610096,4451262000,0,125,2078,,https://sra-downloadb.be-md.ncbi.nlm.nih.gov/sos4/sra-pub-zq-1/SRR012/12507/SRR12507943/SRR12507943.lite.1,SRX8998751,20MPCB180-24C,RNA-Seq,cDNA,TRANSCRIPTOMIC,SINGLE,0,0,ILLUMINA,Illumina HiSeq 2500,SRP107302,PRJNA387123,,387123,SRS7251532,SAMN15894451,simple,9739,Tursiops truncatus,20MPCB180-24C,,,,,not applicable,,no,,,,,NOAA,SRA1116452,,public,3D6A07A43341A391E0C1DC00E5B4DA94,96E4CC638B88A424E4A421FB8F556164
SRR12507942,2021-09-30 00:58:52,2020-08-24 13:49:09,35558169,4444771125,0,125,2067,,https://sra-downloadb.be-md.ncbi.nlm.nih.gov/sos4/sra-pub-zq-1/SRR012/12507/SRR12507942/SRR12507942.lite.1,SRX8998752,20MPCB180-48A,RNA-Seq,cDNA,TRANSCRIPTOMIC,SINGLE,0,0,ILLUMINA,Illumina HiSeq 2500,SRP107302,PRJNA387123,,387123,SRS7251533,SAMN15894452,simple,9739,Tursiops truncatus,20MPCB180-48A,,,,,not applicable,,no,,,,,NOAA,SRA1116452,,public,128760DC5C84A04598AFC1E9C1AFEDB6,BDC06072509831344AD05CE835C64AC4
SRR12507946,2021-09-30 00:58:52,2020-08-24 13:50:33,38686630,4835828750,0,125,2260,,https://sra-downloadb.be-md.ncbi.nlm.nih.gov/sos4/sra-pub-zq-1/SRR012/12507/SRR12507946/SRR12507946.lite.1,SRX8998748,CarrierCTL-72B,RNA-Seq,cDNA,TRANSCRIPTOMIC,SINGLE,0,0,ILLUMINA,Illumina HiSeq 2500,SRP107302,PRJNA387123,,387123,SRS7251529,SAMN15894448,simple,9739,Tursiops truncatus,CarrierCTL-72B,,,,,not applicable,,no,,,,,NOAA,SRA1116452,,public,2B1858DAF51DFCD446A181A6DA11509F,8988D40C106A3EB4CFC690D14D33A188
DRR513289,2023-11-16 12:52:40,2023-11-16 13:02:31,26381360,7914408000,26381360,300,2764,,https://sra-downloadb.be-md.ncbi.nlm.nih.gov/sos1/sra-pub-zq-38/DRR000/513/DRR513289/DRR513289.lite.1,DRX497175,,RNA-Seq,PolyA,TRANSCRIPTOMIC,PAIRED,0,0,ILLUMINA,Illumina NovaSeq 6000,DRP010786,PRJDB16986,,1041639,DRS341451,SAMD00656857,simple,9739,Tursiops truncatus,SAMD00656857,,,,,female,,no,,,,,NUBS,DRA017425,,public,E4CB2942F8388A1933AA47CED06C049F,9EFBE25158A2019BB290EB6FE0DDA0C8
DRR513290,2023-11-16 12:52:40,2023-11-16 12:57:20,24561895,7368568500,24561895,300,2605,,https://sra-downloadb.be-md.ncbi.nlm.nih.gov/sos1/sra-pub-zq-38/DRR000/513/DRR513290/DRR513290.lite.1,DRX497176,,RNA-Seq,PolyA,TRANSCRIPTOMIC,PAIRED,0,0,ILLUMINA,Illumina NovaSeq 6000,DRP010786,PRJDB16986,,1041639,DRS341452,SAMD00656858,simple,9739,Tursiops truncatus,SAMD00656858,,,,,female,,no,,,,,NUBS,DRA017425,,public,F8C396F2EA2CA743C7E6DB8E8FE67EDD,FEB2C254F7BDDF1734F5FDF227E90BF2
DRR513291,2023-11-16 12:52:40,2023-11-16 12:56:08,28492001,8547600300,28492001,300,3029,,https://sra-downloadb.be-md.ncbi.nlm.nih.gov/sos1/sra-pub-zq-38/DRR000/513/DRR513291/DRR513291.lite.1,DRX497177,,RNA-Seq,PolyA,TRANSCRIPTOMIC,PAIRED,0,0,ILLUMINA,Illumina NovaSeq 6000,DRP010786,PRJDB16986,,1041639,DRS341453,SAMD00656859,simple,9739,Tursiops truncatus,SAMD00656859,,,,,female,,no,,,,,NUBS,DRA017425,,public,0448D53CEB4F9F249517D2F8A86B18BD,6572222A8A702498BA78E8C6A5B4972A
DRR513292,2023-11-16 12:52:40,2023-11-16 12:56:14,24777843,7433352900,24777843,300,2620,,https://sra-downloadb.be-md.ncbi.nlm.nih.gov/sos1/sra-pub-zq-38/DRR000/513/DRR513292/DRR513292.lite.1,DRX497178,,RNA-Seq,PolyA,TRANSCRIPTOMIC,PAIRED,0,0,ILLUMINA,Illumina NovaSeq 6000,DRP010786,PRJDB16986,,1041639,DRS341454,SAMD00656860,simple,9739,Tursiops truncatus,SAMD00656860,,,,,female,,no,,,,,NUBS,DRA017425,,public,AAD89F11F33553525E19D4EFFFC4288E,8D5017A5929A60CFC262D323262E14C7
SRR13760462,2021-07-20 04:34:43,2021-02-22 07:10:44,44917332,12484468414,44917332,277,3727,,https://sra-downloadb.be-md.ncbi.nlm.nih.gov/sos4/sra-pub-zq-1/SRR013/13760/SRR13760462/SRR13760462.lite.1,SRX10147189,Ttr,RNA-Seq,cDNA,TRANSCRIPTOMIC,PAIRED,0,0,ILLUMINA,Illumina NovaSeq 6000,SRP307430,PRJNA703781,,703781,SRS8299805,SAMN18024375,simple,9739,Tursiops truncatus,Ttr,,,,,male,,no,,,,,CIIMAR - INTERDISCIPLINARY CENTRE OF MARINE AND ENVIRONMENTAL RESEARCH,SRA1198583,,public,C4FB6B7E603106CD40F5B9BC715E6B6C,CC62018A14038EE3DEDC109F969521E8
DRR513293,2023-11-16 12:52:40,2023-11-16 12:57:30,24664082,7399224600,24664082,300,2616,,https://sra-downloadb.be-md.ncbi.nlm.nih.gov/sos1/sra-pub-zq-38/DRR000/513/DRR513293/DRR513293.lite.1,DRX497179,,RNA-Seq,PolyA,TRANSCRIPTOMIC,PAIRED,0,0,ILLUMINA,Illumina NovaSeq 6000,DRP010786,PRJDB16986,,1041639,DRS341455,SAMD00656861,simple,9739,Tursiops truncatus,SAMD00656861,,,,,female,,no,,,,,NUBS,DRA017425,,public,7AFE78C94DBE13678626DBAB8906A2B8,D88A3423B38E9FADA60F1099B6D922BB
DRR513294,2023-11-16 12:52:40,2023-11-16 13:04:26,26233958,7870187400,26233958,300,2794,,https://sra-downloadb.be-md.ncbi.nlm.nih.gov/sos1/sra-pub-zq-38/DRR000/513/DRR513294/DRR513294.lite.1,DRX497180,,RNA-Seq,PolyA,TRANSCRIPTOMIC,PAIRED,0,0,ILLUMINA,Illumina NovaSeq 6000,DRP010786,PRJDB16986,,1041639,DRS341456,SAMD00656862,simple,9739,Tursiops truncatus,SAMD00656862,,,,,female,,no,,,,,NUBS,DRA017425,,public,D1185FB2DBF90B35CFF7AE20569DF7D1,4646BDA3C0B24B0C01471B680FE22CF0
DRR513295,2023-11-16 12:52:40,2023-11-16 13:06:59,29199748,8759924400,29199748,300,3146,,https://sra-downloadb.be-md.ncbi.nlm.nih.gov/sos1/sra-pub-zq-38/DRR000/513/DRR513295/DRR513295.lite.1,DRX497181,,RNA-Seq,PolyA,TRANSCRIPTOMIC,PAIRED,0,0,ILLUMINA,Illumina NovaSeq 6000,DRP010786,PRJDB16986,,1041639,DRS341457,SAMD00656863,simple,9739,Tursiops truncatus,SAMD00656863,,,,,female,,no,,,,,NUBS,DRA017425,,public,F02C00395D987493734DD7BE2CA164B3,530DC5EB4C38894213B0F0051A1CCB92
DRR513296,2023-11-16 12:52:40,2023-11-16 12:55:44,24452195,7335658500,24452195,300,2610,,https://sra-downloadb.be-md.ncbi.nlm.nih.gov/sos1/sra-pub-zq-38/DRR000/513/DRR513296/DRR513296.lite.1,DRX497182,,RNA-Seq,PolyA,TRANSCRIPTOMIC,PAIRED,0,0,ILLUMINA,Illumina NovaSeq 6000,DRP010786,PRJDB16986,,1041639,DRS341458,SAMD00656864,simple,9739,Tursiops truncatus,SAMD00656864,,,,,female,,no,,,,,NUBS,DRA017425,,public,F307B2AE803C5E37FFA1392FA5AF32B9,15FDBC1115F27CDD6AB9D05568A8CDE7
DRR513297,2023-11-16 12:52:40,2023-11-16 13:01:50,26805425,8041627500,26805425,300,2953,,https://sra-downloadb.be-md.ncbi.nlm.nih.gov/sos1/sra-pub-zq-38/DRR000/513/DRR513297/DRR513297.lite.1,DRX497183,,RNA-Seq,PolyA,TRANSCRIPTOMIC,PAIRED,0,0,ILLUMINA,Illumina NovaSeq 6000,DRP010786,PRJDB16986,,1041639,DRS341459,SAMD00656865,simple,9739,Tursiops truncatus,SAMD00656865,,,,,female,,no,,,,,NUBS,DRA017425,,public,2B9AF67DEE6E57ECDE6A9F78366060BC,05126FCFC5E659F595E52DE2F21CE95D
DRR513298,2023-11-16 12:52:40,2023-11-16 12:59:44,27011339,8103401700,27011339,300,2911,,https://sra-downloadb.be-md.ncbi.nlm.nih.gov/sos1/sra-pub-zq-38/DRR000/513/DRR513298/DRR513298.lite.1,DRX497184,,RNA-Seq,PolyA,TRANSCRIPTOMIC,PAIRED,0,0,ILLUMINA,Illumina NovaSeq 6000,DRP010786,PRJDB16986,,1041639,DRS341460,SAMD00656866,simple,9739,Tursiops truncatus,SAMD00656866,,,,,female,,no,,,,,NUBS,DRA017425,,public,5DD488E436ECEC35CE3C698B0CC76B06,53F86AB1512DEC44222E462704D09D19
DRR513299,2023-11-16 12:52:40,2023-11-16 12:57:25,28371635,8511490500,28371635,300,3089,,https://sra-downloadb.be-md.ncbi.nlm.nih.gov/sos1/sra-pub-zq-38/DRR000/513/DRR513299/DRR513299.lite.1,DRX497185,,RNA-Seq,PolyA,TRANSCRIPTOMIC,PAIRED,0,0,ILLUMINA,Illumina NovaSeq 6000,DRP010786,PRJDB16986,,1041639,DRS341461,SAMD00656867,simple,9739,Tursiops truncatus,SAMD00656867,,,,,female,,no,,,,,NUBS,DRA017425,,public,AC8F8746E8D480ED1DD551C611C481E0,37E7BBF5C3E884EF7F136CA3BD6CDFD2
DRR513300,2023-11-16 12:52:40,2023-11-16 12:58:13,28478363,8543508900,28478363,300,3032,,https://sra-downloadb.be-md.ncbi.nlm.nih.gov/sos1/sra-pub-zq-38/DRR000/513/DRR513300/DRR513300.lite.1,DRX497186,,RNA-Seq,PolyA,TRANSCRIPTOMIC,PAIRED,0,0,ILLUMINA,Illumina NovaSeq 6000,DRP010786,PRJDB16986,,1041639,DRS341462,SAMD00656868,simple,9739,Tursiops truncatus,SAMD00656868,,,,,female,,no,,,,,NUBS,DRA017425,,public,6D3F96D18BF037D44A8D82A53DE21A86,354381D3707676A8B71230287AAA0B9B
DRR513301,2023-11-16 12:52:40,2023-11-16 13:04:32,27498143,8249442900,27498143,300,2961,,https://sra-downloadb.be-md.ncbi.nlm.nih.gov/sos1/sra-pub-zq-38/DRR000/513/DRR513301/DRR513301.lite.1,DRX497187,,RNA-Seq,PolyA,TRANSCRIPTOMIC,PAIRED,0,0,ILLUMINA,Illumina NovaSeq 6000,DRP010786,PRJDB16986,,1041639,DRS341463,SAMD00656869,simple,9739,Tursiops truncatus,SAMD00656869,,,,,female,,no,,,,,NUBS,DRA017425,,public,830093AB3A7D31C34E6816A025391CEE,F5D502AE76CFFD5AB38CBEB04AB64EDF
DRR513302,2023-11-16 12:52:40,2023-11-16 12:59:31,29197377,8759213100,29197377,300,3157,,https://sra-downloadb.be-md.ncbi.nlm.nih.gov/sos1/sra-pub-zq-38/DRR000/513/DRR513302/DRR513302.lite.1,DRX497188,,RNA-Seq,PolyA,TRANSCRIPTOMIC,PAIRED,0,0,ILLUMINA,Illumina NovaSeq 6000,DRP010786,PRJDB16986,,1041639,DRS341464,SAMD00656870,simple,9739,Tursiops truncatus,SAMD00656870,,,,,female,,no,,,,,NUBS,DRA017425,,public,7935B689DCA73F0F307BB83E02F8825C,829ADDE21B1973A1D70B92172B545CFD
DRR513303,2023-11-16 12:52:40,2023-11-16 12:58:45,30338825,9101647500,30338825,300,3223,,https://sra-downloadb.be-md.ncbi.nlm.nih.gov/sos1/sra-pub-zq-38/DRR000/513/DRR513303/DRR513303.lite.1,DRX497189,,RNA-Seq,PolyA,TRANSCRIPTOMIC,PAIRED,0,0,ILLUMINA,Illumina NovaSeq 6000,DRP010786,PRJDB16986,,1041639,DRS341465,SAMD00656871,simple,9739,Tursiops truncatus,SAMD00656871,,,,,female,,no,,,,,NUBS,DRA017425,,public,C9A1C6D8D17F14D2A2C764FB16A5B86C,B2B6059D2F6561702F1343FB2F1CB007
DRR513304,2023-11-16 12:52:40,2023-11-16 12:58:51,32491242,9747372600,32491242,300,3483,,https://sra-downloadb.be-md.ncbi.nlm.nih.gov/sos1/sra-pub-zq-38/DRR000/513/DRR513304/DRR513304.lite.1,DRX497190,,RNA-Seq,PolyA,TRANSCRIPTOMIC,PAIRED,0,0,ILLUMINA,Illumina NovaSeq 6000,DRP010786,PRJDB16986,,1041639,DRS341466,SAMD00656872,simple,9739,Tursiops truncatus,SAMD00656872,,,,,female,,no,,,,,NUBS,DRA017425,,public,721A407FB778461012FAD00EEF0E8A7F,6DF35C983B69F7AE2AAACE7582435D26
DRR513305,2023-11-16 12:52:40,2023-11-16 12:58:20,23695693,7108707900,23695693,300,2529,,https://sra-downloadb.be-md.ncbi.nlm.nih.gov/sos1/sra-pub-zq-38/DRR000/513/DRR513305/DRR513305.lite.1,DRX497191,,RNA-Seq,PolyA,TRANSCRIPTOMIC,PAIRED,0,0,ILLUMINA,Illumina NovaSeq 6000,DRP010786,PRJDB16986,,1041639,DRS341467,SAMD00656873,simple,9739,Tursiops truncatus,SAMD00656873,,,,,female,,no,,,,,NUBS,DRA017425,,public,1C47CCC47685B51206863BB9430BDF0D,30D3D4B370AD3A647683E86AB9A42684
DRR513306,2023-11-16 12:52:40,2023-11-16 12:58:46,23310004,6993001200,23310004,300,2654,,https://sra-downloadb.be-md.ncbi.nlm.nih.gov/sos1/sra-pub-zq-38/DRR000/513/DRR513306/DRR513306.lite.1,DRX497192,,RNA-Seq,PolyA,TRANSCRIPTOMIC,PAIRED,0,0,ILLUMINA,Illumina NovaSeq 6000,DRP010786,PRJDB16986,,1041639,DRS341468,SAMD00656874,simple,9739,Tursiops truncatus,SAMD00656874,,,,,female,,no,,,,,NUBS,DRA017425,,public,718AB26436F94BE3E0444C023835272A,917625F1021C821F4EB77631E18A52C4
DRR513307,2023-11-16 12:52:40,2023-11-16 12:58:41,22066807,6620042100,22066807,300,2380,,https://sra-downloadb.be-md.ncbi.nlm.nih.gov/sos1/sra-pub-zq-38/DRR000/513/DRR513307/DRR513307.lite.1,DRX497193,,RNA-Seq,PolyA,TRANSCRIPTOMIC,PAIRED,0,0,ILLUMINA,Illumina NovaSeq 6000,DRP010786,PRJDB16986,,1041639,DRS341469,SAMD00656875,simple,9739,Tursiops truncatus,SAMD00656875,,,,,female,,no,,,,,NUBS,DRA017425,,public,48CA095902A6E3605423CCF7F62916EB,0A05661FE7C8CDAB71720960D4DE8A31
DRR513308,2023-11-16 12:52:40,2023-11-16 12:56:38,21085862,6325758600,21085862,300,2295,,https://sra-downloadb.be-md.ncbi.nlm.nih.gov/sos1/sra-pub-zq-38/DRR000/513/DRR513308/DRR513308.lite.1,DRX497194,,RNA-Seq,PolyA,TRANSCRIPTOMIC,PAIRED,0,0,ILLUMINA,Illumina NovaSeq 6000,DRP010786,PRJDB16986,,1041639,DRS341470,SAMD00656876,simple,9739,Tursiops truncatus,SAMD00656876,,,,,female,,no,,,,,NUBS,DRA017425,,public,BAB7FEC501A5CC0C72885951E78C2A47,A23EAA343082D04BD305F4FE1D6492F1
DRR513309,2023-11-16 12:52:40,2023-11-16 13:02:32,19988633,5996589900,19988633,300,2141,,https://sra-downloadb.be-md.ncbi.nlm.nih.gov/sos1/sra-pub-zq-38/DRR000/513/DRR513309/DRR513309.lite.1,DRX497195,,RNA-Seq,PolyA,TRANSCRIPTOMIC,PAIRED,0,0,ILLUMINA,Illumina NovaSeq 6000,DRP010786,PRJDB16986,,1041639,DRS341471,SAMD00656877,simple,9739,Tursiops truncatus,SAMD00656877,,,,,female,,no,,,,,NUBS,DRA017425,,public,04A45AE806FF3F8CC2463C05F095B32B,EE64A9B5345F89503389B906BA28E0D3
DRR513310,2023-11-16 12:52:40,2023-11-16 13:05:18,29819902,8945970600,29819902,300,3381,,https://sra-downloadb.be-md.ncbi.nlm.nih.gov/sos1/sra-pub-zq-38/DRR000/513/DRR513310/DRR513310.lite.1,DRX497196,,RNA-Seq,PolyA,TRANSCRIPTOMIC,PAIRED,0,0,ILLUMINA,Illumina NovaSeq 6000,DRP010786,PRJDB16986,,1041639,DRS341472,SAMD00656878,simple,9739,Tursiops truncatus,SAMD00656878,,,,,female,,no,,,,,NUBS,DRA017425,,public,21F0E7506F56BB9E4F62C15FF87F925B,F90D0AF638524BB0DD49CFBBC16CB6B4
DRR513311,2023-11-16 12:52:40,2023-11-16 12:58:05,21644923,6493476900,21644923,300,2313,,https://sra-downloadb.be-md.ncbi.nlm.nih.gov/sos1/sra-pub-zq-38/DRR000/513/DRR513311/DRR513311.lite.1,DRX497197,,RNA-Seq,PolyA,TRANSCRIPTOMIC,PAIRED,0,0,ILLUMINA,Illumina NovaSeq 6000,DRP010786,PRJDB16986,,1041639,DRS341473,SAMD00656879,simple,9739,Tursiops truncatus,SAMD00656879,,,,,female,,no,,,,,NUBS,DRA017425,,public,CD2AF3ECAA0006FEB73F16EA60C0DD23,5DF32D6EA8E91930BB8FE244B9DD97B6
DRR513312,2023-11-16 12:52:40,2023-11-16 13:01:14,25039802,7511940600,25039802,300,2632,,https://sra-downloadb.be-md.ncbi.nlm.nih.gov/sos1/sra-pub-zq-38/DRR000/513/DRR513312/DRR513312.lite.1,DRX497198,,RNA-Seq,PolyA,TRANSCRIPTOMIC,PAIRED,0,0,ILLUMINA,Illumina NovaSeq 6000,DRP010786,PRJDB16986,,1041639,DRS341474,SAMD00656880,simple,9739,Tursiops truncatus,SAMD00656880,,,,,female,,no,,,,,NUBS,DRA017425,,public,C4F82FCDE305C28DA82A8723E01E8D76,AEAAF3A57E937E7D73AA0240B21915E2
DRR513313,2023-11-16 12:52:40,2023-11-16 13:03:42,26072819,7821845700,26072819,300,2842,,https://sra-downloadb.be-md.ncbi.nlm.nih.gov/sos1/sra-pub-zq-38/DRR000/513/DRR513313/DRR513313.lite.1,DRX497199,,RNA-Seq,PolyA,TRANSCRIPTOMIC,PAIRED,0,0,ILLUMINA,Illumina NovaSeq 6000,DRP010786,PRJDB16986,,1041639,DRS341475,SAMD00656881,simple,9739,Tursiops truncatus,SAMD00656881,,,,,female,,no,,,,,NUBS,DRA017425,,public,504CB315CFFD0263FABD234540F0D3CB,2E91E2E66FF75882F12E68A562A65969
DRR513314,2023-11-16 12:52:40,2023-11-16 12:57:24,26364832,7909449600,26364832,300,2872,,https://sra-downloadb.be-md.ncbi.nlm.nih.gov/sos1/sra-pub-zq-38/DRR000/513/DRR513314/DRR513314.lite.1,DRX497200,,RNA-Seq,PolyA,TRANSCRIPTOMIC,PAIRED,0,0,ILLUMINA,Illumina NovaSeq 6000,DRP010786,PRJDB16986,,1041639,DRS341476,SAMD00656882,simple,9739,Tursiops truncatus,SAMD00656882,,,,,female,,no,,,,,NUBS,DRA017425,,public,7B4B88BDDF19210E151D2E770970EC17,223B0FF7C059543B17E36CCD611EDE8A
DRR513315,2023-11-16 12:52:40,2023-11-16 13:00:11,31526494,9457948200,31526494,300,3450,,https://sra-downloadb.be-md.ncbi.nlm.nih.gov/sos1/sra-pub-zq-38/DRR000/513/DRR513315/DRR513315.lite.1,DRX497201,,RNA-Seq,PolyA,TRANSCRIPTOMIC,PAIRED,0,0,ILLUMINA,Illumina NovaSeq 6000,DRP010786,PRJDB16986,,1041639,DRS341477,SAMD00656883,simple,9739,Tursiops truncatus,SAMD00656883,,,,,female,,no,,,,,NUBS,DRA017425,,public,D06006EA7484FFEFAF77835AE271844D,6B93FABBEA82C484D18B8C572C53D027
DRR513316,2023-11-16 12:52:40,2023-11-16 13:02:09,27355380,8206614000,27355380,300,2968,,https://sra-downloadb.be-md.ncbi.nlm.nih.gov/sos1/sra-pub-zq-38/DRR000/513/DRR513316/DRR513316.lite.1,DRX497202,,RNA-Seq,PolyA,TRANSCRIPTOMIC,PAIRED,0,0,ILLUMINA,Illumina NovaSeq 6000,DRP010786,PRJDB16986,,1041639,DRS341478,SAMD00656884,simple,9739,Tursiops truncatus,SAMD00656884,,,,,female,,no,,,,,NUBS,DRA017425,,public,81A84AC842AD2A5F1B021151C9A17B67,5BA66D70D3B9669B7438E5996F0ACA40
DRR513317,2023-11-16 12:52:40,2023-11-16 12:58:37,21869358,6560807400,21869358,300,2392,,https://sra-downloadb.be-md.ncbi.nlm.nih.gov/sos1/sra-pub-zq-38/DRR000/513/DRR513317/DRR513317.lite.1,DRX497203,,RNA-Seq,PolyA,TRANSCRIPTOMIC,PAIRED,0,0,ILLUMINA,Illumina NovaSeq 6000,DRP010786,PRJDB16986,,1041639,DRS341479,SAMD00656885,simple,9739,Tursiops truncatus,SAMD00656885,,,,,female,,no,,,,,NUBS,DRA017425,,public,45E8DD6CCE5C3DB3DD8A9ED5F09BAA97,F3CD5E9D0CF674DCCD956A9EA89FD5F3
DRR513318,2023-11-16 12:52:40,2023-11-16 13:03:18,20386193,6115857900,20386193,300,2216,,https://sra-downloadb.be-md.ncbi.nlm.nih.gov/sos1/sra-pub-zq-38/DRR000/513/DRR513318/DRR513318.lite.1,DRX497204,,RNA-Seq,PolyA,TRANSCRIPTOMIC,PAIRED,0,0,ILLUMINA,Illumina NovaSeq 6000,DRP010786,PRJDB16986,,1041639,DRS341480,SAMD00656886,simple,9739,Tursiops truncatus,SAMD00656886,,,,,female,,no,,,,,NUBS,DRA017425,,public,7B0C73660C770EBB3529F566D6D82BCC,69C8E88A5E9C41C05A5D7B2208F3B2BB
DRR513319,2023-11-16 12:52:40,2023-11-16 12:56:59,22752116,6825634800,22752116,300,2496,,https://sra-downloadb.be-md.ncbi.nlm.nih.gov/sos1/sra-pub-zq-38/DRR000/513/DRR513319/DRR513319.lite.1,DRX497205,,RNA-Seq,PolyA,TRANSCRIPTOMIC,PAIRED,0,0,ILLUMINA,Illumina NovaSeq 6000,DRP010786,PRJDB16986,,1041639,DRS341481,SAMD00656887,simple,9739,Tursiops truncatus,SAMD00656887,,,,,female,,no,,,,,NUBS,DRA017425,,public,60BA4B69CBA3B61FFB3B6304432744EC,144865D8EFADF575B66A0769D4940C84
DRR513320,2023-11-16 12:52:40,2023-11-16 13:04:51,25444693,7633407900,25444693,300,2785,,https://sra-downloadb.be-md.ncbi.nlm.nih.gov/sos1/sra-pub-zq-38/DRR000/513/DRR513320/DRR513320.lite.1,DRX497206,,RNA-Seq,PolyA,TRANSCRIPTOMIC,PAIRED,0,0,ILLUMINA,Illumina NovaSeq 6000,DRP010786,PRJDB16986,,1041639,DRS341482,SAMD00656888,simple,9739,Tursiops truncatus,SAMD00656888,,,,,female,,no,,,,,NUBS,DRA017425,,public,46292221396C74407CEB48D9E2483188,0F946543125DDE6A2BE7AB324DDE5B52
SRR34749322,2025-11-18 12:35:31,2025-07-29 07:02:10,35024471,3537471571,0,101,1178,,https://sra-downloadb.be-md.ncbi.nlm.nih.gov/sos4/sra-pub-zq-5/SRR034/34749/SRR34749322/SRR34749322.lite.1,SRX29883168,GSM9137218,RNA-Seq,cDNA,TRANSCRIPTOMIC,SINGLE,0,0,ILLUMINA,Illumina NovaSeq 6000,SRP604211,PRJNA1298159,4,1298159,SRS25985111,SAMN50255347,simple,9739,Tursiops truncatus,GSM9137218,,,,,,,no,,,,,"BRAIN ENDOWMENT BANK, NEUROLOGY, UNIVERSITY OF MIAMI MILLER SCHOOL OF MEDICINE",SRA2182268,,public,9AAE80C300B57B1E83E58002651C969B,E6874A3F20B0DC7B29F0AEE1E01D04B2
SRR34749321,2025-11-18 12:35:32,2025-07-29 07:00:33,30427064,3073133464,0,101,1023,,https://sra-downloadb.be-md.ncbi.nlm.nih.gov/sos4/sra-pub-zq-5/SRR034/34749/SRR34749321/SRR34749321.lite.1,SRX29883169,GSM9137219,RNA-Seq,cDNA,TRANSCRIPTOMIC,SINGLE,0,0,ILLUMINA,Illumina NovaSeq 6000,SRP604211,PRJNA1298159,4,1298159,SRS25985112,SAMN50255346,simple,9739,Tursiops truncatus,GSM9137219,,,,,,,no,,,,,"BRAIN ENDOWMENT BANK, NEUROLOGY, UNIVERSITY OF MIAMI MILLER SCHOOL OF MEDICINE",SRA2182268,,public,A139DA5C5FA4F0B7FB04B46DCCF49FFA,B3DE83D4839C520248B3B08960BB54F9
SRR34749319,2025-11-18 12:35:32,2025-07-29 07:03:20,39879409,4027820309,0,101,1339,,https://sra-downloadb.be-md.ncbi.nlm.nih.gov/sos4/sra-pub-zq-5/SRR034/34749/SRR34749319/SRR34749319.lite.1,SRX29883171,GSM9137221,RNA-Seq,cDNA,TRANSCRIPTOMIC,SINGLE,0,0,ILLUMINA,Illumina NovaSeq 6000,SRP604211,PRJNA1298159,4,1298159,SRS25985113,SAMN50255344,simple,9739,Tursiops truncatus,GSM9137221,,,,,,,no,,,,,"BRAIN ENDOWMENT BANK, NEUROLOGY, UNIVERSITY OF MIAMI MILLER SCHOOL OF MEDICINE",SRA2182268,,public,32D4A5CCB472F1159753A3747124BC6F,B79DF5DBF0BE11ECC8B6368BD10299C8
SRR34749318,2025-11-18 12:35:32,2025-07-29 07:02:46,38605313,3899136613,0,101,1284,,https://sra-downloadb.be-md.ncbi.nlm.nih.gov/sos4/sra-pub-zq-5/SRR034/34749/SRR34749318/SRR34749318.lite.1,SRX29883172,GSM9137222,RNA-Seq,cDNA,TRANSCRIPTOMIC,SINGLE,0,0,ILLUMINA,Illumina NovaSeq 6000,SRP604211,PRJNA1298159,4,1298159,SRS25985114,SAMN50255343,simple,9739,Tursiops truncatus,GSM9137222,,,,,,,no,,,,,"BRAIN ENDOWMENT BANK, NEUROLOGY, UNIVERSITY OF MIAMI MILLER SCHOOL OF MEDICINE",SRA2182268,,public,094165B215D2FA23D00D98D47850A978,692E8C94B2BEA6C00FB6CE115071C27B
SRR34749320,2025-11-18 12:35:32,2025-07-29 07:02:14,36531931,3689725031,0,101,1230,,https://sra-downloadb.be-md.ncbi.nlm.nih.gov/sos4/sra-pub-zq-5/SRR034/34749/SRR34749320/SRR34749320.lite.1,SRX29883170,GSM9137220,RNA-Seq,cDNA,TRANSCRIPTOMIC,SINGLE,0,0,ILLUMINA,Illumina NovaSeq 6000,SRP604211,PRJNA1298159,4,1298159,SRS25985115,SAMN50255345,simple,9739,Tursiops truncatus,GSM9137220,,,,,,,no,,,,,"BRAIN ENDOWMENT BANK, NEUROLOGY, UNIVERSITY OF MIAMI MILLER SCHOOL OF MEDICINE",SRA2182268,,public,3041C3A6F98C1503365F5E0B398447B3,9B739B9DF741BBE5803CB66D2961691D
SRR34749317,2025-11-18 12:35:31,2025-07-29 07:00:20,35115544,3546669944,0,101,1173,,https://sra-downloadb.be-md.ncbi.nlm.nih.gov/sos4/sra-pub-zq-5/SRR034/34749/SRR34749317/SRR34749317.lite.1,SRX29883173,GSM9137223,RNA-Seq,cDNA,TRANSCRIPTOMIC,SINGLE,0,0,ILLUMINA,Illumina NovaSeq 6000,SRP604211,PRJNA1298159,4,1298159,SRS25985116,SAMN50255342,simple,9739,Tursiops truncatus,GSM9137223,,,,,,,no,,,,,"BRAIN ENDOWMENT BANK, NEUROLOGY, UNIVERSITY OF MIAMI MILLER SCHOOL OF MEDICINE",SRA2182268,,public,11A87D319E9E1F3A4DBDBCB084A330DE,8037013FF024F8F6036D757935CB2845
SRR34749316,2025-11-18 12:35:31,2025-07-29 06:59:23,30586749,3089261649,0,101,1024,,https://sra-downloadb.be-md.ncbi.nlm.nih.gov/sos4/sra-pub-zq-5/SRR034/34749/SRR34749316/SRR34749316.lite.1,SRX29883174,GSM9137224,RNA-Seq,cDNA,TRANSCRIPTOMIC,SINGLE,0,0,ILLUMINA,Illumina NovaSeq 6000,SRP604211,PRJNA1298159,4,1298159,SRS25985117,SAMN50255341,simple,9739,Tursiops truncatus,GSM9137224,,,,,,,no,,,,,"BRAIN ENDOWMENT BANK, NEUROLOGY, UNIVERSITY OF MIAMI MILLER SCHOOL OF MEDICINE",SRA2182268,,public,39C3D4A1F71C8954B96B38AD2E54ADD2,9E2609C7AFD3A7539B66DE147197BE67
SRR34749315,2025-11-18 12:35:31,2025-07-29 06:59:39,36494245,3685918745,0,101,1221,,https://sra-downloadb.be-md.ncbi.nlm.nih.gov/sos4/sra-pub-zq-5/SRR034/34749/SRR34749315/SRR34749315.lite.1,SRX29883175,GSM9137225,RNA-Seq,cDNA,TRANSCRIPTOMIC,SINGLE,0,0,ILLUMINA,Illumina NovaSeq 6000,SRP604211,PRJNA1298159,4,1298159,SRS25985118,SAMN50255340,simple,9739,Tursiops truncatus,GSM9137225,,,,,,,no,,,,,"BRAIN ENDOWMENT BANK, NEUROLOGY, UNIVERSITY OF MIAMI MILLER SCHOOL OF MEDICINE",SRA2182268,,public,FDDA7FD3A374289C368EB04ED374ACCA,1EDDFEA501BCC4ED36A4C06947F3D4E6
SRR34749313,2025-11-18 12:35:31,2025-07-29 07:02:00,34834638,3518298438,0,101,1172,,https://sra-downloadb.be-md.ncbi.nlm.nih.gov/sos4/sra-pub-zq-5/SRR034/34749/SRR34749313/SRR34749313.lite.1,SRX29883177,GSM9137227,RNA-Seq,cDNA,TRANSCRIPTOMIC,SINGLE,0,0,ILLUMINA,Illumina NovaSeq 6000,SRP604211,PRJNA1298159,4,1298159,SRS25985119,SAMN50255338,simple,9739,Tursiops truncatus,GSM9137227,,,,,,,no,,,,,"BRAIN ENDOWMENT BANK, NEUROLOGY, UNIVERSITY OF MIAMI MILLER SCHOOL OF MEDICINE",SRA2182268,,public,7AE145D039613C6FC355A6024D92F530,ABDF57EC2CB5E157DF05A6F2AC21E08B
SRR34749314,2025-11-18 12:35:31,2025-07-29 06:59:34,33149928,3348142728,0,101,1114,,https://sra-downloadb.be-md.ncbi.nlm.nih.gov/sos4/sra-pub-zq-5/SRR034/34749/SRR34749314/SRR34749314.lite.1,SRX29883176,GSM9137226,RNA-Seq,cDNA,TRANSCRIPTOMIC,SINGLE,0,0,ILLUMINA,Illumina NovaSeq 6000,SRP604211,PRJNA1298159,4,1298159,SRS25985120,SAMN50255339,simple,9739,Tursiops truncatus,GSM9137226,,,,,,,no,,,,,"BRAIN ENDOWMENT BANK, NEUROLOGY, UNIVERSITY OF MIAMI MILLER SCHOOL OF MEDICINE",SRA2182268,,public,2F6952480C4F6400FA708EEFD878CED4,FD8542435B9D4E98CF3824FB8B1051A1
SRR34749311,2025-11-18 12:35:32,2025-07-29 07:00:42,29990537,3029044237,0,101,1008,,https://sra-downloadb.be-md.ncbi.nlm.nih.gov/sos4/sra-pub-zq-5/SRR034/34749/SRR34749311/SRR34749311.lite.1,SRX29883179,GSM9137229,RNA-Seq,cDNA,TRANSCRIPTOMIC,SINGLE,0,0,ILLUMINA,Illumina NovaSeq 6000,SRP604211,PRJNA1298159,4,1298159,SRS25985121,SAMN50255336,simple,9739,Tursiops truncatus,GSM9137229,,,,,,,no,,,,,"BRAIN ENDOWMENT BANK, NEUROLOGY, UNIVERSITY OF MIAMI MILLER SCHOOL OF MEDICINE",SRA2182268,,public,F2718A80D4B73A86693790CEEB6E7C79,EE2DA0CD12A64483721DCB58AA85E89E
SRR34749312,2025-11-18 12:35:31,2025-07-29 07:01:43,33663168,3399979968,0,101,1131,,https://sra-downloadb.be-md.ncbi.nlm.nih.gov/sos4/sra-pub-zq-5/SRR034/34749/SRR34749312/SRR34749312.lite.1,SRX29883178,GSM9137228,RNA-Seq,cDNA,TRANSCRIPTOMIC,SINGLE,0,0,ILLUMINA,Illumina NovaSeq 6000,SRP604211,PRJNA1298159,4,1298159,SRS25985122,SAMN50255337,simple,9739,Tursiops truncatus,GSM9137228,,,,,,,no,,,,,"BRAIN ENDOWMENT BANK, NEUROLOGY, UNIVERSITY OF MIAMI MILLER SCHOOL OF MEDICINE",SRA2182268,,public,0C839E56BC20A7800E224B5F96974BA8,8748F3C51CE602902D05B1F5B8F910A0
SRR34749310,2025-11-18 12:35:32,2025-07-29 07:02:03,36250505,3661301005,0,101,1222,,https://sra-downloadb.be-md.ncbi.nlm.nih.gov/sos4/sra-pub-zq-5/SRR034/34749/SRR34749310/SRR34749310.lite.1,SRX29883180,GSM9137230,RNA-Seq,cDNA,TRANSCRIPTOMIC,SINGLE,0,0,ILLUMINA,Illumina NovaSeq 6000,SRP604211,PRJNA1298159,4,1298159,SRS25985123,SAMN50255335,simple,9739,Tursiops truncatus,GSM9137230,,,,,,,no,,,,,"BRAIN ENDOWMENT BANK, NEUROLOGY, UNIVERSITY OF MIAMI MILLER SCHOOL OF MEDICINE",SRA2182268,,public,EC55410817446064BFFA49C6F9023F8E,251A66E7CCCC5D55E2EE7E5EDFE92834
SRR34749309,2025-11-18 12:35:32,2025-07-29 07:01:51,33553886,3388942486,0,101,1124,,https://sra-downloadb.be-md.ncbi.nlm.nih.gov/sos4/sra-pub-zq-5/SRR034/34749/SRR34749309/SRR34749309.lite.1,SRX29883181,GSM9137231,RNA-Seq,cDNA,TRANSCRIPTOMIC,SINGLE,0,0,ILLUMINA,Illumina NovaSeq 6000,SRP604211,PRJNA1298159,4,1298159,SRS25985125,SAMN50255334,simple,9739,Tursiops truncatus,GSM9137231,,,,,,,no,,,,,"BRAIN ENDOWMENT BANK, NEUROLOGY, UNIVERSITY OF MIAMI MILLER SCHOOL OF MEDICINE",SRA2182268,,public,1BC3B389336E0925FB0EC7B58685D52A,75BFA2C549D35C06C335609302F732A3
SRR34749308,2025-11-18 12:35:32,2025-07-29 07:02:03,36395860,3675981860,0,101,1215,,https://sra-downloadb.be-md.ncbi.nlm.nih.gov/sos4/sra-pub-zq-5/SRR034/34749/SRR34749308/SRR34749308.lite.1,SRX29883182,GSM9137232,RNA-Seq,cDNA,TRANSCRIPTOMIC,SINGLE,0,0,ILLUMINA,Illumina NovaSeq 6000,SRP604211,PRJNA1298159,4,1298159,SRS25985124,SAMN50255333,simple,9739,Tursiops truncatus,GSM9137232,,,,,,,no,,,,,"BRAIN ENDOWMENT BANK, NEUROLOGY, UNIVERSITY OF MIAMI MILLER SCHOOL OF MEDICINE",SRA2182268,,public,6C288070DBFD84BAA837C4D21984C0AD,076D3E16A6DB47018F1006A59518AD28
SRR34749307,2025-11-18 12:35:32,2025-07-29 06:59:36,29337433,2963080733,0,101,983,,https://sra-downloadb.be-md.ncbi.nlm.nih.gov/sos4/sra-pub-zq-5/SRR034/34749/SRR34749307/SRR34749307.lite.1,SRX29883183,GSM9137233,RNA-Seq,cDNA,TRANSCRIPTOMIC,SINGLE,0,0,ILLUMINA,Illumina NovaSeq 6000,SRP604211,PRJNA1298159,4,1298159,SRS25985127,SAMN50255332,simple,9739,Tursiops truncatus,GSM9137233,,,,,,,no,,,,,"BRAIN ENDOWMENT BANK, NEUROLOGY, UNIVERSITY OF MIAMI MILLER SCHOOL OF MEDICINE",SRA2182268,,public,428ADF7EE6F774FAECBA72386B8E7CC0,2AD21A4B2375DD86F9A95068C004A70E
SRR34749306,2025-11-18 12:35:32,2025-07-29 07:01:37,36003044,3636307444,0,101,1212,,https://sra-downloadb.be-md.ncbi.nlm.nih.gov/sos4/sra-pub-zq-5/SRR034/34749/SRR34749306/SRR34749306.lite.1,SRX29883184,GSM9137234,RNA-Seq,cDNA,TRANSCRIPTOMIC,SINGLE,0,0,ILLUMINA,Illumina NovaSeq 6000,SRP604211,PRJNA1298159,4,1298159,SRS25985126,SAMN50255331,simple,9739,Tursiops truncatus,GSM9137234,,,,,,,no,,,,,"BRAIN ENDOWMENT BANK, NEUROLOGY, UNIVERSITY OF MIAMI MILLER SCHOOL OF MEDICINE",SRA2182268,,public,42C8A1EC58EC1783479B21EF55CDBDE7,C142C54FF3DB381ECE8F2C83F76C009F
